route;date;hour;prediction
1;2025-11-01;0;4
1;2025-11-01;1;0
1;2025-11-01;2;0
1;2025-11-01;3;0
1;2025-11-01;4;1
1;2025-11-01;5;34
1;2025-11-01;6;158
1;2025-11-01;7;376
1;2025-11-01;8;520
1;2025-11-01;9;789
1;2025-11-01;10;960
1;2025-11-01;11;954
1;2025-11-01;12;1146
1;2025-11-01;13;1190
1;2025-11-01;14;1113
1;2025-11-01;15;973
1;2025-11-01;16;819
1;2025-11-01;17;769
1;2025-11-01;18;678
1;2025-11-01;19;597
1;2025-11-01;20;449
1;2025-11-01;21;305
1;2025-11-01;22;117
1;2025-11-01;23;24
1;2025-11-02;0;0
1;2025-11-02;1;0
1;2025-11-02;2;0
1;2025-11-02;3;0
1;2025-11-02;4;0
1;2025-11-02;5;22
1;2025-11-02;6;116
1;2025-11-02;7;266
1;2025-11-02;8;360
1;2025-11-02;9;620
1;2025-11-02;10;696
1;2025-11-02;11;754
1;2025-11-02;12;855
1;2025-11-02;13;884
1;2025-11-02;14;839
1;2025-11-02;15;743
1;2025-11-02;16;677
1;2025-11-02;17;605
1;2025-11-02;18;514
1;2025-11-02;19;449
1;2025-11-02;20;337
1;2025-11-02;21;279
1;2025-11-02;22;101
1;2025-11-02;23;28
1;2025-11-03;0;2
1;2025-11-03;1;0
1;2025-11-03;2;0
1;2025-11-03;3;0
1;2025-11-03;4;1
1;2025-11-03;5;32
1;2025-11-03;6;165
1;2025-11-03;7;297
1;2025-11-03;8;401
1;2025-11-03;9;606
1;2025-11-03;10;634
1;2025-11-03;11;591
1;2025-11-03;12;767
1;2025-11-03;13;740
1;2025-11-03;14;705
1;2025-11-03;15;587
1;2025-11-03;16;558
1;2025-11-03;17;552
1;2025-11-03;18;566
1;2025-11-03;19;462
1;2025-11-03;20;375
1;2025-11-03;21;293
1;2025-11-03;22;129
1;2025-11-03;23;45
1;2025-11-04;0;2
1;2025-11-04;1;0
1;2025-11-04;2;0
1;2025-11-04;3;0
1;2025-11-04;4;1
1;2025-11-04;5;32
1;2025-11-04;6;165
1;2025-11-04;7;297
1;2025-11-04;8;401
1;2025-11-04;9;606
1;2025-11-04;10;634
1;2025-11-04;11;591
1;2025-11-04;12;767
1;2025-11-04;13;740
1;2025-11-04;14;705
1;2025-11-04;15;587
1;2025-11-04;16;558
1;2025-11-04;17;552
1;2025-11-04;18;566
1;2025-11-04;19;462
1;2025-11-04;20;375
1;2025-11-04;21;293
1;2025-11-04;22;129
1;2025-11-04;23;45
1;2025-11-05;0;3
1;2025-11-05;1;0
1;2025-11-05;2;0
1;2025-11-05;3;0
1;2025-11-05;4;8
1;2025-11-05;5;136
1;2025-11-05;6;569
1;2025-11-05;7;1441
1;2025-11-05;8;2026
1;2025-11-05;9;1497
1;2025-11-05;10;1410
1;2025-11-05;11;1370
1;2025-11-05;12;1447
1;2025-11-05;13;1558
1;2025-11-05;14;1429
1;2025-11-05;15;1586
1;2025-11-05;16;1552
1;2025-11-05;17;1833
1;2025-11-05;18;1826
1;2025-11-05;19;1368
1;2025-11-05;20;907
1;2025-11-05;21;501
1;2025-11-05;22;215
1;2025-11-05;23;32
1;2025-11-06;0;6
1;2025-11-06;1;0
1;2025-11-06;2;0
1;2025-11-06;3;0
1;2025-11-06;4;11
1;2025-11-06;5;115
1;2025-11-06;6;473
1;2025-11-06;7;1501
1;2025-11-06;8;1979
1;2025-11-06;9;1502
1;2025-11-06;10;1410
1;2025-11-06;11;1402
1;2025-11-06;12;1461
1;2025-11-06;13;1496
1;2025-11-06;14;1415
1;2025-11-06;15;1560
1;2025-11-06;16;1571
1;2025-11-06;17;1800
1;2025-11-06;18;1860
1;2025-11-06;19;1312
1;2025-11-06;20;922
1;2025-11-06;21;461
1;2025-11-06;22;173
1;2025-11-06;23;37
1;2025-11-07;0;4
1;2025-11-07;1;0
1;2025-11-07;2;0
1;2025-11-07;3;0
1;2025-11-07;4;7
1;2025-11-07;5;138
1;2025-11-07;6;488
1;2025-11-07;7;1539
1;2025-11-07;8;1864
1;2025-11-07;9;1485
1;2025-11-07;10;1304
1;2025-11-07;11;1389
1;2025-11-07;12;1396
1;2025-11-07;13;1415
1;2025-11-07;14;1314
1;2025-11-07;15;1479
1;2025-11-07;16;1622
1;2025-11-07;17;1887
1;2025-11-07;18;1517
1;2025-11-07;19;1283
1;2025-11-07;20;816
1;2025-11-07;21;498
1;2025-11-07;22;185
1;2025-11-07;23;43
1;2025-11-08;0;4
1;2025-11-08;1;0
1;2025-11-08;2;0
1;2025-11-08;3;0
1;2025-11-08;4;1
1;2025-11-08;5;34
1;2025-11-08;6;158
1;2025-11-08;7;376
1;2025-11-08;8;520
1;2025-11-08;9;789
1;2025-11-08;10;960
1;2025-11-08;11;954
1;2025-11-08;12;1146
1;2025-11-08;13;1190
1;2025-11-08;14;1113
1;2025-11-08;15;973
1;2025-11-08;16;819
1;2025-11-08;17;769
1;2025-11-08;18;678
1;2025-11-08;19;597
1;2025-11-08;20;449
1;2025-11-08;21;305
1;2025-11-08;22;117
1;2025-11-08;23;24
1;2025-11-09;0;0
1;2025-11-09;1;0
1;2025-11-09;2;0
1;2025-11-09;3;0
1;2025-11-09;4;0
1;2025-11-09;5;22
1;2025-11-09;6;116
1;2025-11-09;7;266
1;2025-11-09;8;360
1;2025-11-09;9;620
1;2025-11-09;10;696
1;2025-11-09;11;754
1;2025-11-09;12;855
1;2025-11-09;13;884
1;2025-11-09;14;839
1;2025-11-09;15;743
1;2025-11-09;16;677
1;2025-11-09;17;605
1;2025-11-09;18;514
1;2025-11-09;19;449
1;2025-11-09;20;337
1;2025-11-09;21;279
1;2025-11-09;22;101
1;2025-11-09;23;28
1;2025-11-10;0;0
1;2025-11-10;1;0
1;2025-11-10;2;0
1;2025-11-10;3;0
1;2025-11-10;4;10
1;2025-11-10;5;141
1;2025-11-10;6;497
1;2025-11-10;7;1441
1;2025-11-10;8;1981
1;2025-11-10;9;1509
1;2025-11-10;10;1300
1;2025-11-10;11;1306
1;2025-11-10;12;1437
1;2025-11-10;13;1489
1;2025-11-10;14;1512
1;2025-11-10;15;1594
1;2025-11-10;16;1672
1;2025-11-10;17;1912
1;2025-11-10;18;2062
1;2025-11-10;19;1477
1;2025-11-10;20;929
1;2025-11-10;21;451
1;2025-11-10;22;164
1;2025-11-10;23;46
1;2025-11-11;0;7
1;2025-11-11;1;0
1;2025-11-11;2;0
1;2025-11-11;3;0
1;2025-11-11;4;12
1;2025-11-11;5;107
1;2025-11-11;6;518
1;2025-11-11;7;1601
1;2025-11-11;8;2007
1;2025-11-11;9;1554
1;2025-11-11;10;1407
1;2025-11-11;11;1376
1;2025-11-11;12;1411
1;2025-11-11;13;1468
1;2025-11-11;14;1309
1;2025-11-11;15;1411
1;2025-11-11;16;1522
1;2025-11-11;17;1839
1;2025-11-11;18;1858
1;2025-11-11;19;1463
1;2025-11-11;20;888
1;2025-11-11;21;495
1;2025-11-11;22;177
1;2025-11-11;23;40
1;2025-11-12;0;3
1;2025-11-12;1;0
1;2025-11-12;2;0
1;2025-11-12;3;0
1;2025-11-12;4;8
1;2025-11-12;5;136
1;2025-11-12;6;569
1;2025-11-12;7;1441
1;2025-11-12;8;2026
1;2025-11-12;9;1497
1;2025-11-12;10;1410
1;2025-11-12;11;1370
1;2025-11-12;12;1447
1;2025-11-12;13;1558
1;2025-11-12;14;1429
1;2025-11-12;15;1586
1;2025-11-12;16;1552
1;2025-11-12;17;1833
1;2025-11-12;18;1826
1;2025-11-12;19;1368
1;2025-11-12;20;907
1;2025-11-12;21;501
1;2025-11-12;22;215
1;2025-11-12;23;32
1;2025-11-13;0;6
1;2025-11-13;1;0
1;2025-11-13;2;0
1;2025-11-13;3;0
1;2025-11-13;4;11
1;2025-11-13;5;115
1;2025-11-13;6;473
1;2025-11-13;7;1501
1;2025-11-13;8;1979
1;2025-11-13;9;1502
1;2025-11-13;10;1410
1;2025-11-13;11;1402
1;2025-11-13;12;1461
1;2025-11-13;13;1496
1;2025-11-13;14;1415
1;2025-11-13;15;1560
1;2025-11-13;16;1571
1;2025-11-13;17;1800
1;2025-11-13;18;1860
1;2025-11-13;19;1312
1;2025-11-13;20;922
1;2025-11-13;21;461
1;2025-11-13;22;173
1;2025-11-13;23;37
1;2025-11-14;0;4
1;2025-11-14;1;0
1;2025-11-14;2;0
1;2025-11-14;3;0
1;2025-11-14;4;7
1;2025-11-14;5;138
1;2025-11-14;6;488
1;2025-11-14;7;1539
1;2025-11-14;8;1864
1;2025-11-14;9;1485
1;2025-11-14;10;1304
1;2025-11-14;11;1390
1;2025-11-14;12;1396
1;2025-11-14;13;1415
1;2025-11-14;14;1314
1;2025-11-14;15;1479
1;2025-11-14;16;1622
1;2025-11-14;17;1887
1;2025-11-14;18;1517
1;2025-11-14;19;1283
1;2025-11-14;20;816
1;2025-11-14;21;498
1;2025-11-14;22;185
1;2025-11-14;23;43
1;2025-11-15;0;4
1;2025-11-15;1;0
1;2025-11-15;2;0
1;2025-11-15;3;0
1;2025-11-15;4;1
1;2025-11-15;5;34
1;2025-11-15;6;158
1;2025-11-15;7;376
1;2025-11-15;8;520
1;2025-11-15;9;789
1;2025-11-15;10;960
1;2025-11-15;11;954
1;2025-11-15;12;1146
1;2025-11-15;13;1190
1;2025-11-15;14;1113
1;2025-11-15;15;973
1;2025-11-15;16;819
1;2025-11-15;17;769
1;2025-11-15;18;678
1;2025-11-15;19;597
1;2025-11-15;20;449
1;2025-11-15;21;305
1;2025-11-15;22;117
1;2025-11-15;23;24
1;2025-11-16;0;0
1;2025-11-16;1;0
1;2025-11-16;2;0
1;2025-11-16;3;0
1;2025-11-16;4;0
1;2025-11-16;5;22
1;2025-11-16;6;116
1;2025-11-16;7;266
1;2025-11-16;8;360
1;2025-11-16;9;620
1;2025-11-16;10;696
1;2025-11-16;11;754
1;2025-11-16;12;855
1;2025-11-16;13;884
1;2025-11-16;14;839
1;2025-11-16;15;743
1;2025-11-16;16;677
1;2025-11-16;17;605
1;2025-11-16;18;514
1;2025-11-16;19;449
1;2025-11-16;20;337
1;2025-11-16;21;279
1;2025-11-16;22;101
1;2025-11-16;23;28
1;2025-11-17;0;0
1;2025-11-17;1;0
1;2025-11-17;2;0
1;2025-11-17;3;0
1;2025-11-17;4;10
1;2025-11-17;5;141
1;2025-11-17;6;497
1;2025-11-17;7;1441
1;2025-11-17;8;1981
1;2025-11-17;9;1509
1;2025-11-17;10;1300
1;2025-11-17;11;1306
1;2025-11-17;12;1437
1;2025-11-17;13;1489
1;2025-11-17;14;1512
1;2025-11-17;15;1594
1;2025-11-17;16;1672
1;2025-11-17;17;1912
1;2025-11-17;18;2062
1;2025-11-17;19;1477
1;2025-11-17;20;929
1;2025-11-17;21;451
1;2025-11-17;22;164
1;2025-11-17;23;46
1;2025-11-18;0;7
1;2025-11-18;1;0
1;2025-11-18;2;0
1;2025-11-18;3;0
1;2025-11-18;4;12
1;2025-11-18;5;107
1;2025-11-18;6;518
1;2025-11-18;7;1601
1;2025-11-18;8;2007
1;2025-11-18;9;1554
1;2025-11-18;10;1407
1;2025-11-18;11;1376
1;2025-11-18;12;1411
1;2025-11-18;13;1468
1;2025-11-18;14;1309
1;2025-11-18;15;1411
1;2025-11-18;16;1522
1;2025-11-18;17;1839
1;2025-11-18;18;1858
1;2025-11-18;19;1463
1;2025-11-18;20;888
1;2025-11-18;21;495
1;2025-11-18;22;177
1;2025-11-18;23;40
1;2025-11-19;0;3
1;2025-11-19;1;0
1;2025-11-19;2;0
1;2025-11-19;3;0
1;2025-11-19;4;8
1;2025-11-19;5;136
1;2025-11-19;6;569
1;2025-11-19;7;1441
1;2025-11-19;8;2026
1;2025-11-19;9;1497
1;2025-11-19;10;1410
1;2025-11-19;11;1370
1;2025-11-19;12;1447
1;2025-11-19;13;1558
1;2025-11-19;14;1429
1;2025-11-19;15;1586
1;2025-11-19;16;1552
1;2025-11-19;17;1833
1;2025-11-19;18;1826
1;2025-11-19;19;1368
1;2025-11-19;20;907
1;2025-11-19;21;501
1;2025-11-19;22;215
1;2025-11-19;23;32
1;2025-11-20;0;6
1;2025-11-20;1;0
1;2025-11-20;2;0
1;2025-11-20;3;0
1;2025-11-20;4;11
1;2025-11-20;5;115
1;2025-11-20;6;473
1;2025-11-20;7;1501
1;2025-11-20;8;1979
1;2025-11-20;9;1502
1;2025-11-20;10;1410
1;2025-11-20;11;1402
1;2025-11-20;12;1461
1;2025-11-20;13;1496
1;2025-11-20;14;1415
1;2025-11-20;15;1560
1;2025-11-20;16;1571
1;2025-11-20;17;1800
1;2025-11-20;18;1860
1;2025-11-20;19;1312
1;2025-11-20;20;922
1;2025-11-20;21;461
1;2025-11-20;22;173
1;2025-11-20;23;37
1;2025-11-21;0;4
1;2025-11-21;1;0
1;2025-11-21;2;0
1;2025-11-21;3;0
1;2025-11-21;4;7
1;2025-11-21;5;138
1;2025-11-21;6;488
1;2025-11-21;7;1539
1;2025-11-21;8;1864
1;2025-11-21;9;1485
1;2025-11-21;10;1304
1;2025-11-21;11;1390
1;2025-11-21;12;1396
1;2025-11-21;13;1415
1;2025-11-21;14;1314
1;2025-11-21;15;1479
1;2025-11-21;16;1622
1;2025-11-21;17;1887
1;2025-11-21;18;1517
1;2025-11-21;19;1283
1;2025-11-21;20;816
1;2025-11-21;21;498
1;2025-11-21;22;185
1;2025-11-21;23;43
1;2025-11-22;0;4
1;2025-11-22;1;0
1;2025-11-22;2;0
1;2025-11-22;3;0
1;2025-11-22;4;1
1;2025-11-22;5;34
1;2025-11-22;6;158
1;2025-11-22;7;376
1;2025-11-22;8;520
1;2025-11-22;9;789
1;2025-11-22;10;960
1;2025-11-22;11;954
1;2025-11-22;12;1146
1;2025-11-22;13;1190
1;2025-11-22;14;1113
1;2025-11-22;15;973
1;2025-11-22;16;819
1;2025-11-22;17;769
1;2025-11-22;18;678
1;2025-11-22;19;597
1;2025-11-22;20;449
1;2025-11-22;21;305
1;2025-11-22;22;117
1;2025-11-22;23;24
1;2025-11-23;0;0
1;2025-11-23;1;0
1;2025-11-23;2;0
1;2025-11-23;3;0
1;2025-11-23;4;0
1;2025-11-23;5;22
1;2025-11-23;6;116
1;2025-11-23;7;266
1;2025-11-23;8;360
1;2025-11-23;9;620
1;2025-11-23;10;696
1;2025-11-23;11;754
1;2025-11-23;12;855
1;2025-11-23;13;884
1;2025-11-23;14;839
1;2025-11-23;15;743
1;2025-11-23;16;677
1;2025-11-23;17;605
1;2025-11-23;18;514
1;2025-11-23;19;449
1;2025-11-23;20;337
1;2025-11-23;21;279
1;2025-11-23;22;101
1;2025-11-23;23;28
1;2025-11-24;0;0
1;2025-11-24;1;0
1;2025-11-24;2;0
1;2025-11-24;3;0
1;2025-11-24;4;10
1;2025-11-24;5;141
1;2025-11-24;6;497
1;2025-11-24;7;1441
1;2025-11-24;8;1981
1;2025-11-24;9;1509
1;2025-11-24;10;1300
1;2025-11-24;11;1306
1;2025-11-24;12;1437
1;2025-11-24;13;1489
1;2025-11-24;14;1512
1;2025-11-24;15;1594
1;2025-11-24;16;1672
1;2025-11-24;17;1912
1;2025-11-24;18;2062
1;2025-11-24;19;1477
1;2025-11-24;20;929
1;2025-11-24;21;451
1;2025-11-24;22;164
1;2025-11-24;23;46
1;2025-11-25;0;7
1;2025-11-25;1;0
1;2025-11-25;2;0
1;2025-11-25;3;0
1;2025-11-25;4;12
1;2025-11-25;5;107
1;2025-11-25;6;518
1;2025-11-25;7;1601
1;2025-11-25;8;2007
1;2025-11-25;9;1554
1;2025-11-25;10;1407
1;2025-11-25;11;1376
1;2025-11-25;12;1411
1;2025-11-25;13;1468
1;2025-11-25;14;1309
1;2025-11-25;15;1411
1;2025-11-25;16;1522
1;2025-11-25;17;1839
1;2025-11-25;18;1858
1;2025-11-25;19;1463
1;2025-11-25;20;888
1;2025-11-25;21;495
1;2025-11-25;22;177
1;2025-11-25;23;40
1;2025-11-26;0;3
1;2025-11-26;1;0
1;2025-11-26;2;0
1;2025-11-26;3;0
1;2025-11-26;4;8
1;2025-11-26;5;136
1;2025-11-26;6;569
1;2025-11-26;7;1441
1;2025-11-26;8;2026
1;2025-11-26;9;1497
1;2025-11-26;10;1410
1;2025-11-26;11;1370
1;2025-11-26;12;1447
1;2025-11-26;13;1558
1;2025-11-26;14;1429
1;2025-11-26;15;1586
1;2025-11-26;16;1552
1;2025-11-26;17;1833
1;2025-11-26;18;1826
1;2025-11-26;19;1368
1;2025-11-26;20;907
1;2025-11-26;21;501
1;2025-11-26;22;215
1;2025-11-26;23;32
1;2025-11-27;0;6
1;2025-11-27;1;0
1;2025-11-27;2;0
1;2025-11-27;3;0
1;2025-11-27;4;11
1;2025-11-27;5;115
1;2025-11-27;6;473
1;2025-11-27;7;1501
1;2025-11-27;8;1979
1;2025-11-27;9;1502
1;2025-11-27;10;1410
1;2025-11-27;11;1402
1;2025-11-27;12;1461
1;2025-11-27;13;1496
1;2025-11-27;14;1415
1;2025-11-27;15;1560
1;2025-11-27;16;1571
1;2025-11-27;17;1800
1;2025-11-27;18;1860
1;2025-11-27;19;1312
1;2025-11-27;20;922
1;2025-11-27;21;461
1;2025-11-27;22;173
1;2025-11-27;23;37
1;2025-11-28;0;4
1;2025-11-28;1;0
1;2025-11-28;2;0
1;2025-11-28;3;0
1;2025-11-28;4;7
1;2025-11-28;5;138
1;2025-11-28;6;488
1;2025-11-28;7;1539
1;2025-11-28;8;1864
1;2025-11-28;9;1485
1;2025-11-28;10;1304
1;2025-11-28;11;1390
1;2025-11-28;12;1396
1;2025-11-28;13;1415
1;2025-11-28;14;1314
1;2025-11-28;15;1479
1;2025-11-28;16;1622
1;2025-11-28;17;1887
1;2025-11-28;18;1517
1;2025-11-28;19;1283
1;2025-11-28;20;816
1;2025-11-28;21;498
1;2025-11-28;22;185
1;2025-11-28;23;43
1;2025-11-29;0;4
1;2025-11-29;1;0
1;2025-11-29;2;0
1;2025-11-29;3;0
1;2025-11-29;4;1
1;2025-11-29;5;34
1;2025-11-29;6;158
1;2025-11-29;7;376
1;2025-11-29;8;520
1;2025-11-29;9;789
1;2025-11-29;10;960
1;2025-11-29;11;954
1;2025-11-29;12;1146
1;2025-11-29;13;1190
1;2025-11-29;14;1113
1;2025-11-29;15;973
1;2025-11-29;16;819
1;2025-11-29;17;769
1;2025-11-29;18;678
1;2025-11-29;19;597
1;2025-11-29;20;449
1;2025-11-29;21;305
1;2025-11-29;22;117
1;2025-11-29;23;24
1;2025-11-30;0;0
1;2025-11-30;1;0
1;2025-11-30;2;0
1;2025-11-30;3;0
1;2025-11-30;4;0
1;2025-11-30;5;22
1;2025-11-30;6;116
1;2025-11-30;7;266
1;2025-11-30;8;360
1;2025-11-30;9;620
1;2025-11-30;10;696
1;2025-11-30;11;754
1;2025-11-30;12;855
1;2025-11-30;13;884
1;2025-11-30;14;839
1;2025-11-30;15;743
1;2025-11-30;16;677
1;2025-11-30;17;605
1;2025-11-30;18;514
1;2025-11-30;19;449
1;2025-11-30;20;337
1;2025-11-30;21;279
1;2025-11-30;22;101
1;2025-11-30;23;28
1;2025-12-01;0;0
1;2025-12-01;1;0
1;2025-12-01;2;0
1;2025-12-01;3;0
1;2025-12-01;4;10
1;2025-12-01;5;141
1;2025-12-01;6;497
1;2025-12-01;7;1441
1;2025-12-01;8;1981
1;2025-12-01;9;1509
1;2025-12-01;10;1300
1;2025-12-01;11;1306
1;2025-12-01;12;1437
1;2025-12-01;13;1489
1;2025-12-01;14;1512
1;2025-12-01;15;1594
1;2025-12-01;16;1672
1;2025-12-01;17;1912
1;2025-12-01;18;2062
1;2025-12-01;19;1477
1;2025-12-01;20;929
1;2025-12-01;21;451
1;2025-12-01;22;164
1;2025-12-01;23;46
1;2025-12-02;0;7
1;2025-12-02;1;0
1;2025-12-02;2;0
1;2025-12-02;3;0
1;2025-12-02;4;12
1;2025-12-02;5;107
1;2025-12-02;6;518
1;2025-12-02;7;1601
1;2025-12-02;8;2007
1;2025-12-02;9;1554
1;2025-12-02;10;1407
1;2025-12-02;11;1376
1;2025-12-02;12;1411
1;2025-12-02;13;1468
1;2025-12-02;14;1309
1;2025-12-02;15;1411
1;2025-12-02;16;1522
1;2025-12-02;17;1839
1;2025-12-02;18;1858
1;2025-12-02;19;1463
1;2025-12-02;20;888
1;2025-12-02;21;495
1;2025-12-02;22;177
1;2025-12-02;23;40
1;2025-12-03;0;3
1;2025-12-03;1;0
1;2025-12-03;2;0
1;2025-12-03;3;0
1;2025-12-03;4;8
1;2025-12-03;5;136
1;2025-12-03;6;569
1;2025-12-03;7;1441
1;2025-12-03;8;2026
1;2025-12-03;9;1497
1;2025-12-03;10;1410
1;2025-12-03;11;1370
1;2025-12-03;12;1447
1;2025-12-03;13;1558
1;2025-12-03;14;1429
1;2025-12-03;15;1586
1;2025-12-03;16;1552
1;2025-12-03;17;1833
1;2025-12-03;18;1826
1;2025-12-03;19;1368
1;2025-12-03;20;907
1;2025-12-03;21;501
1;2025-12-03;22;215
1;2025-12-03;23;32
1;2025-12-04;0;6
1;2025-12-04;1;0
1;2025-12-04;2;0
1;2025-12-04;3;0
1;2025-12-04;4;11
1;2025-12-04;5;115
1;2025-12-04;6;473
1;2025-12-04;7;1501
1;2025-12-04;8;1979
1;2025-12-04;9;1502
1;2025-12-04;10;1410
1;2025-12-04;11;1402
1;2025-12-04;12;1461
1;2025-12-04;13;1496
1;2025-12-04;14;1415
1;2025-12-04;15;1560
1;2025-12-04;16;1571
1;2025-12-04;17;1800
1;2025-12-04;18;1860
1;2025-12-04;19;1312
1;2025-12-04;20;922
1;2025-12-04;21;461
1;2025-12-04;22;173
1;2025-12-04;23;37
1;2025-12-05;0;4
1;2025-12-05;1;0
1;2025-12-05;2;0
1;2025-12-05;3;0
1;2025-12-05;4;7
1;2025-12-05;5;138
1;2025-12-05;6;488
1;2025-12-05;7;1539
1;2025-12-05;8;1864
1;2025-12-05;9;1485
1;2025-12-05;10;1304
1;2025-12-05;11;1390
1;2025-12-05;12;1396
1;2025-12-05;13;1415
1;2025-12-05;14;1314
1;2025-12-05;15;1479
1;2025-12-05;16;1622
1;2025-12-05;17;1887
1;2025-12-05;18;1517
1;2025-12-05;19;1283
1;2025-12-05;20;816
1;2025-12-05;21;498
1;2025-12-05;22;185
1;2025-12-05;23;43
1;2025-12-06;0;4
1;2025-12-06;1;0
1;2025-12-06;2;0
1;2025-12-06;3;0
1;2025-12-06;4;1
1;2025-12-06;5;34
1;2025-12-06;6;158
1;2025-12-06;7;376
1;2025-12-06;8;520
1;2025-12-06;9;789
1;2025-12-06;10;960
1;2025-12-06;11;954
1;2025-12-06;12;1146
1;2025-12-06;13;1190
1;2025-12-06;14;1113
1;2025-12-06;15;973
1;2025-12-06;16;819
1;2025-12-06;17;769
1;2025-12-06;18;678
1;2025-12-06;19;597
1;2025-12-06;20;449
1;2025-12-06;21;305
1;2025-12-06;22;117
1;2025-12-06;23;24
1;2025-12-07;0;0
1;2025-12-07;1;0
1;2025-12-07;2;0
1;2025-12-07;3;0
1;2025-12-07;4;0
1;2025-12-07;5;22
1;2025-12-07;6;116
1;2025-12-07;7;266
1;2025-12-07;8;360
1;2025-12-07;9;620
1;2025-12-07;10;696
1;2025-12-07;11;754
1;2025-12-07;12;855
1;2025-12-07;13;884
1;2025-12-07;14;839
1;2025-12-07;15;743
1;2025-12-07;16;677
1;2025-12-07;17;605
1;2025-12-07;18;514
1;2025-12-07;19;449
1;2025-12-07;20;337
1;2025-12-07;21;279
1;2025-12-07;22;101
1;2025-12-07;23;28
1;2025-12-08;0;0
1;2025-12-08;1;0
1;2025-12-08;2;0
1;2025-12-08;3;0
1;2025-12-08;4;10
1;2025-12-08;5;141
1;2025-12-08;6;497
1;2025-12-08;7;1441
1;2025-12-08;8;1981
1;2025-12-08;9;1509
1;2025-12-08;10;1300
1;2025-12-08;11;1306
1;2025-12-08;12;1437
1;2025-12-08;13;1489
1;2025-12-08;14;1512
1;2025-12-08;15;1594
1;2025-12-08;16;1672
1;2025-12-08;17;1912
1;2025-12-08;18;2062
1;2025-12-08;19;1477
1;2025-12-08;20;929
1;2025-12-08;21;451
1;2025-12-08;22;164
1;2025-12-08;23;46
1;2025-12-09;0;7
1;2025-12-09;1;0
1;2025-12-09;2;0
1;2025-12-09;3;0
1;2025-12-09;4;12
1;2025-12-09;5;107
1;2025-12-09;6;518
1;2025-12-09;7;1601
1;2025-12-09;8;2007
1;2025-12-09;9;1554
1;2025-12-09;10;1407
1;2025-12-09;11;1376
1;2025-12-09;12;1411
1;2025-12-09;13;1468
1;2025-12-09;14;1309
1;2025-12-09;15;1411
1;2025-12-09;16;1522
1;2025-12-09;17;1839
1;2025-12-09;18;1858
1;2025-12-09;19;1463
1;2025-12-09;20;888
1;2025-12-09;21;495
1;2025-12-09;22;177
1;2025-12-09;23;40
1;2025-12-10;0;3
1;2025-12-10;1;0
1;2025-12-10;2;0
1;2025-12-10;3;0
1;2025-12-10;4;8
1;2025-12-10;5;136
1;2025-12-10;6;569
1;2025-12-10;7;1441
1;2025-12-10;8;2026
1;2025-12-10;9;1497
1;2025-12-10;10;1410
1;2025-12-10;11;1370
1;2025-12-10;12;1447
1;2025-12-10;13;1558
1;2025-12-10;14;1429
1;2025-12-10;15;1586
1;2025-12-10;16;1552
1;2025-12-10;17;1833
1;2025-12-10;18;1826
1;2025-12-10;19;1368
1;2025-12-10;20;907
1;2025-12-10;21;501
1;2025-12-10;22;215
1;2025-12-10;23;32
1;2025-12-11;0;6
1;2025-12-11;1;0
1;2025-12-11;2;0
1;2025-12-11;3;0
1;2025-12-11;4;11
1;2025-12-11;5;115
1;2025-12-11;6;473
1;2025-12-11;7;1501
1;2025-12-11;8;1979
1;2025-12-11;9;1502
1;2025-12-11;10;1410
1;2025-12-11;11;1402
1;2025-12-11;12;1461
1;2025-12-11;13;1496
1;2025-12-11;14;1415
1;2025-12-11;15;1560
1;2025-12-11;16;1571
1;2025-12-11;17;1800
1;2025-12-11;18;1860
1;2025-12-11;19;1312
1;2025-12-11;20;922
1;2025-12-11;21;461
1;2025-12-11;22;173
1;2025-12-11;23;37
1;2025-12-12;0;4
1;2025-12-12;1;0
1;2025-12-12;2;0
1;2025-12-12;3;0
1;2025-12-12;4;7
1;2025-12-12;5;138
1;2025-12-12;6;488
1;2025-12-12;7;1538
1;2025-12-12;8;1864
1;2025-12-12;9;1485
1;2025-12-12;10;1304
1;2025-12-12;11;1390
1;2025-12-12;12;1396
1;2025-12-12;13;1415
1;2025-12-12;14;1314
1;2025-12-12;15;1479
1;2025-12-12;16;1622
1;2025-12-12;17;1887
1;2025-12-12;18;1517
1;2025-12-12;19;1283
1;2025-12-12;20;816
1;2025-12-12;21;498
1;2025-12-12;22;185
1;2025-12-12;23;43
1;2025-12-13;0;4
1;2025-12-13;1;0
1;2025-12-13;2;0
1;2025-12-13;3;0
1;2025-12-13;4;1
1;2025-12-13;5;34
1;2025-12-13;6;158
1;2025-12-13;7;376
1;2025-12-13;8;520
1;2025-12-13;9;789
1;2025-12-13;10;960
1;2025-12-13;11;954
1;2025-12-13;12;1146
1;2025-12-13;13;1190
1;2025-12-13;14;1113
1;2025-12-13;15;973
1;2025-12-13;16;819
1;2025-12-13;17;769
1;2025-12-13;18;678
1;2025-12-13;19;597
1;2025-12-13;20;449
1;2025-12-13;21;305
1;2025-12-13;22;117
1;2025-12-13;23;24
1;2025-12-14;0;0
1;2025-12-14;1;0
1;2025-12-14;2;0
1;2025-12-14;3;0
1;2025-12-14;4;0
1;2025-12-14;5;22
1;2025-12-14;6;116
1;2025-12-14;7;266
1;2025-12-14;8;360
1;2025-12-14;9;620
1;2025-12-14;10;696
1;2025-12-14;11;754
1;2025-12-14;12;855
1;2025-12-14;13;884
1;2025-12-14;14;839
1;2025-12-14;15;743
1;2025-12-14;16;677
1;2025-12-14;17;605
1;2025-12-14;18;514
1;2025-12-14;19;449
1;2025-12-14;20;337
1;2025-12-14;21;279
1;2025-12-14;22;101
1;2025-12-14;23;28
1;2025-12-15;0;0
1;2025-12-15;1;0
1;2025-12-15;2;0
1;2025-12-15;3;0
1;2025-12-15;4;10
1;2025-12-15;5;141
1;2025-12-15;6;497
1;2025-12-15;7;1441
1;2025-12-15;8;1981
1;2025-12-15;9;1509
1;2025-12-15;10;1300
1;2025-12-15;11;1306
1;2025-12-15;12;1437
1;2025-12-15;13;1489
1;2025-12-15;14;1512
1;2025-12-15;15;1594
1;2025-12-15;16;1672
1;2025-12-15;17;1912
1;2025-12-15;18;2062
1;2025-12-15;19;1477
1;2025-12-15;20;929
1;2025-12-15;21;451
1;2025-12-15;22;164
1;2025-12-15;23;46
1;2025-12-16;0;7
1;2025-12-16;1;0
1;2025-12-16;2;0
1;2025-12-16;3;0
1;2025-12-16;4;12
1;2025-12-16;5;107
1;2025-12-16;6;518
1;2025-12-16;7;1601
1;2025-12-16;8;2007
1;2025-12-16;9;1554
1;2025-12-16;10;1407
1;2025-12-16;11;1376
1;2025-12-16;12;1411
1;2025-12-16;13;1468
1;2025-12-16;14;1309
1;2025-12-16;15;1411
1;2025-12-16;16;1522
1;2025-12-16;17;1839
1;2025-12-16;18;1858
1;2025-12-16;19;1463
1;2025-12-16;20;888
1;2025-12-16;21;495
1;2025-12-16;22;177
1;2025-12-16;23;40
1;2025-12-17;0;3
1;2025-12-17;1;0
1;2025-12-17;2;0
1;2025-12-17;3;0
1;2025-12-17;4;8
1;2025-12-17;5;136
1;2025-12-17;6;569
1;2025-12-17;7;1441
1;2025-12-17;8;2026
1;2025-12-17;9;1497
1;2025-12-17;10;1410
1;2025-12-17;11;1370
1;2025-12-17;12;1447
1;2025-12-17;13;1558
1;2025-12-17;14;1429
1;2025-12-17;15;1586
1;2025-12-17;16;1552
1;2025-12-17;17;1833
1;2025-12-17;18;1826
1;2025-12-17;19;1368
1;2025-12-17;20;907
1;2025-12-17;21;501
1;2025-12-17;22;215
1;2025-12-17;23;32
1;2025-12-18;0;6
1;2025-12-18;1;0
1;2025-12-18;2;0
1;2025-12-18;3;0
1;2025-12-18;4;11
1;2025-12-18;5;115
1;2025-12-18;6;473
1;2025-12-18;7;1501
1;2025-12-18;8;1979
1;2025-12-18;9;1502
1;2025-12-18;10;1410
1;2025-12-18;11;1402
1;2025-12-18;12;1461
1;2025-12-18;13;1496
1;2025-12-18;14;1415
1;2025-12-18;15;1560
1;2025-12-18;16;1571
1;2025-12-18;17;1800
1;2025-12-18;18;1860
1;2025-12-18;19;1312
1;2025-12-18;20;922
1;2025-12-18;21;461
1;2025-12-18;22;173
1;2025-12-18;23;37
1;2025-12-19;0;4
1;2025-12-19;1;0
1;2025-12-19;2;0
1;2025-12-19;3;0
1;2025-12-19;4;7
1;2025-12-19;5;138
1;2025-12-19;6;488
1;2025-12-19;7;1538
1;2025-12-19;8;1864
1;2025-12-19;9;1485
1;2025-12-19;10;1304
1;2025-12-19;11;1390
1;2025-12-19;12;1396
1;2025-12-19;13;1415
1;2025-12-19;14;1314
1;2025-12-19;15;1479
1;2025-12-19;16;1622
1;2025-12-19;17;1887
1;2025-12-19;18;1517
1;2025-12-19;19;1283
1;2025-12-19;20;816
1;2025-12-19;21;498
1;2025-12-19;22;185
1;2025-12-19;23;43
1;2025-12-20;0;4
1;2025-12-20;1;0
1;2025-12-20;2;0
1;2025-12-20;3;0
1;2025-12-20;4;1
1;2025-12-20;5;34
1;2025-12-20;6;158
1;2025-12-20;7;376
1;2025-12-20;8;520
1;2025-12-20;9;789
1;2025-12-20;10;960
1;2025-12-20;11;954
1;2025-12-20;12;1146
1;2025-12-20;13;1190
1;2025-12-20;14;1113
1;2025-12-20;15;973
1;2025-12-20;16;819
1;2025-12-20;17;769
1;2025-12-20;18;678
1;2025-12-20;19;597
1;2025-12-20;20;449
1;2025-12-20;21;305
1;2025-12-20;22;117
1;2025-12-20;23;24
1;2025-12-21;0;0
1;2025-12-21;1;0
1;2025-12-21;2;0
1;2025-12-21;3;0
1;2025-12-21;4;0
1;2025-12-21;5;22
1;2025-12-21;6;116
1;2025-12-21;7;266
1;2025-12-21;8;360
1;2025-12-21;9;620
1;2025-12-21;10;696
1;2025-12-21;11;754
1;2025-12-21;12;855
1;2025-12-21;13;884
1;2025-12-21;14;839
1;2025-12-21;15;743
1;2025-12-21;16;677
1;2025-12-21;17;605
1;2025-12-21;18;514
1;2025-12-21;19;449
1;2025-12-21;20;337
1;2025-12-21;21;279
1;2025-12-21;22;101
1;2025-12-21;23;28
1;2025-12-22;0;0
1;2025-12-22;1;0
1;2025-12-22;2;0
1;2025-12-22;3;0
1;2025-12-22;4;10
1;2025-12-22;5;141
1;2025-12-22;6;497
1;2025-12-22;7;1441
1;2025-12-22;8;1981
1;2025-12-22;9;1509
1;2025-12-22;10;1300
1;2025-12-22;11;1306
1;2025-12-22;12;1437
1;2025-12-22;13;1489
1;2025-12-22;14;1512
1;2025-12-22;15;1594
1;2025-12-22;16;1672
1;2025-12-22;17;1912
1;2025-12-22;18;2062
1;2025-12-22;19;1477
1;2025-12-22;20;929
1;2025-12-22;21;451
1;2025-12-22;22;164
1;2025-12-22;23;46
1;2025-12-23;0;7
1;2025-12-23;1;0
1;2025-12-23;2;0
1;2025-12-23;3;0
1;2025-12-23;4;12
1;2025-12-23;5;107
1;2025-12-23;6;518
1;2025-12-23;7;1601
1;2025-12-23;8;2007
1;2025-12-23;9;1554
1;2025-12-23;10;1407
1;2025-12-23;11;1376
1;2025-12-23;12;1411
1;2025-12-23;13;1468
1;2025-12-23;14;1309
1;2025-12-23;15;1411
1;2025-12-23;16;1522
1;2025-12-23;17;1839
1;2025-12-23;18;1858
1;2025-12-23;19;1463
1;2025-12-23;20;888
1;2025-12-23;21;495
1;2025-12-23;22;177
1;2025-12-23;23;40
1;2025-12-24;0;3
1;2025-12-24;1;0
1;2025-12-24;2;0
1;2025-12-24;3;0
1;2025-12-24;4;8
1;2025-12-24;5;136
1;2025-12-24;6;569
1;2025-12-24;7;1441
1;2025-12-24;8;2026
1;2025-12-24;9;1497
1;2025-12-24;10;1410
1;2025-12-24;11;1370
1;2025-12-24;12;1447
1;2025-12-24;13;1558
1;2025-12-24;14;1429
1;2025-12-24;15;1586
1;2025-12-24;16;1552
1;2025-12-24;17;1833
1;2025-12-24;18;1826
1;2025-12-24;19;1368
1;2025-12-24;20;907
1;2025-12-24;21;501
1;2025-12-24;22;215
1;2025-12-24;23;32
1;2025-12-25;0;6
1;2025-12-25;1;0
1;2025-12-25;2;0
1;2025-12-25;3;0
1;2025-12-25;4;11
1;2025-12-25;5;115
1;2025-12-25;6;473
1;2025-12-25;7;1501
1;2025-12-25;8;1979
1;2025-12-25;9;1502
1;2025-12-25;10;1410
1;2025-12-25;11;1402
1;2025-12-25;12;1461
1;2025-12-25;13;1496
1;2025-12-25;14;1415
1;2025-12-25;15;1560
1;2025-12-25;16;1571
1;2025-12-25;17;1800
1;2025-12-25;18;1860
1;2025-12-25;19;1312
1;2025-12-25;20;922
1;2025-12-25;21;461
1;2025-12-25;22;173
1;2025-12-25;23;37
1;2025-12-26;0;4
1;2025-12-26;1;0
1;2025-12-26;2;0
1;2025-12-26;3;0
1;2025-12-26;4;7
1;2025-12-26;5;138
1;2025-12-26;6;488
1;2025-12-26;7;1539
1;2025-12-26;8;1864
1;2025-12-26;9;1485
1;2025-12-26;10;1304
1;2025-12-26;11;1390
1;2025-12-26;12;1396
1;2025-12-26;13;1415
1;2025-12-26;14;1314
1;2025-12-26;15;1479
1;2025-12-26;16;1622
1;2025-12-26;17;1887
1;2025-12-26;18;1517
1;2025-12-26;19;1283
1;2025-12-26;20;816
1;2025-12-26;21;498
1;2025-12-26;22;185
1;2025-12-26;23;43
1;2025-12-27;0;4
1;2025-12-27;1;0
1;2025-12-27;2;0
1;2025-12-27;3;0
1;2025-12-27;4;1
1;2025-12-27;5;34
1;2025-12-27;6;158
1;2025-12-27;7;376
1;2025-12-27;8;520
1;2025-12-27;9;789
1;2025-12-27;10;960
1;2025-12-27;11;954
1;2025-12-27;12;1146
1;2025-12-27;13;1190
1;2025-12-27;14;1113
1;2025-12-27;15;973
1;2025-12-27;16;819
1;2025-12-27;17;769
1;2025-12-27;18;678
1;2025-12-27;19;597
1;2025-12-27;20;449
1;2025-12-27;21;305
1;2025-12-27;22;117
1;2025-12-27;23;24
1;2025-12-28;0;0
1;2025-12-28;1;0
1;2025-12-28;2;0
1;2025-12-28;3;0
1;2025-12-28;4;0
1;2025-12-28;5;22
1;2025-12-28;6;116
1;2025-12-28;7;266
1;2025-12-28;8;360
1;2025-12-28;9;620
1;2025-12-28;10;696
1;2025-12-28;11;754
1;2025-12-28;12;855
1;2025-12-28;13;884
1;2025-12-28;14;839
1;2025-12-28;15;743
1;2025-12-28;16;677
1;2025-12-28;17;605
1;2025-12-28;18;514
1;2025-12-28;19;449
1;2025-12-28;20;337
1;2025-12-28;21;279
1;2025-12-28;22;101
1;2025-12-28;23;28
1;2025-12-29;0;0
1;2025-12-29;1;0
1;2025-12-29;2;0
1;2025-12-29;3;0
1;2025-12-29;4;10
1;2025-12-29;5;141
1;2025-12-29;6;497
1;2025-12-29;7;1441
1;2025-12-29;8;1981
1;2025-12-29;9;1509
1;2025-12-29;10;1300
1;2025-12-29;11;1306
1;2025-12-29;12;1437
1;2025-12-29;13;1489
1;2025-12-29;14;1512
1;2025-12-29;15;1594
1;2025-12-29;16;1672
1;2025-12-29;17;1912
1;2025-12-29;18;2062
1;2025-12-29;19;1477
1;2025-12-29;20;929
1;2025-12-29;21;451
1;2025-12-29;22;164
1;2025-12-29;23;46
1;2025-12-30;0;7
1;2025-12-30;1;0
1;2025-12-30;2;0
1;2025-12-30;3;0
1;2025-12-30;4;12
1;2025-12-30;5;107
1;2025-12-30;6;518
1;2025-12-30;7;1601
1;2025-12-30;8;2007
1;2025-12-30;9;1554
1;2025-12-30;10;1407
1;2025-12-30;11;1376
1;2025-12-30;12;1411
1;2025-12-30;13;1468
1;2025-12-30;14;1309
1;2025-12-30;15;1411
1;2025-12-30;16;1522
1;2025-12-30;17;1839
1;2025-12-30;18;1858
1;2025-12-30;19;1463
1;2025-12-30;20;888
1;2025-12-30;21;495
1;2025-12-30;22;177
1;2025-12-30;23;40
1;2025-12-31;0;2
1;2025-12-31;1;0
1;2025-12-31;2;0
1;2025-12-31;3;0
1;2025-12-31;4;1
1;2025-12-31;5;32
1;2025-12-31;6;165
1;2025-12-31;7;297
1;2025-12-31;8;401
1;2025-12-31;9;606
1;2025-12-31;10;634
1;2025-12-31;11;591
1;2025-12-31;12;767
1;2025-12-31;13;740
1;2025-12-31;14;705
1;2025-12-31;15;587
1;2025-12-31;16;558
1;2025-12-31;17;552
1;2025-12-31;18;566
1;2025-12-31;19;462
1;2025-12-31;20;375
1;2025-12-31;21;293
1;2025-12-31;22;129
1;2025-12-31;23;45
5;2025-11-01;0;0
5;2025-11-01;1;0
5;2025-11-01;2;0
5;2025-11-01;3;0
5;2025-11-01;4;0
5;2025-11-01;5;0
5;2025-11-01;6;0
5;2025-11-01;7;0
5;2025-11-01;8;0
5;2025-11-01;9;0
5;2025-11-01;10;0
5;2025-11-01;11;0
5;2025-11-01;12;0
5;2025-11-01;13;0
5;2025-11-01;14;0
5;2025-11-01;15;0
5;2025-11-01;16;0
5;2025-11-01;17;0
5;2025-11-01;18;0
5;2025-11-01;19;0
5;2025-11-01;20;0
5;2025-11-01;21;0
5;2025-11-01;22;0
5;2025-11-01;23;0
5;2025-11-02;0;0
5;2025-11-02;1;0
5;2025-11-02;2;0
5;2025-11-02;3;0
5;2025-11-02;4;0
5;2025-11-02;5;0
5;2025-11-02;6;0
5;2025-11-02;7;0
5;2025-11-02;8;0
5;2025-11-02;9;0
5;2025-11-02;10;0
5;2025-11-02;11;0
5;2025-11-02;12;0
5;2025-11-02;13;0
5;2025-11-02;14;0
5;2025-11-02;15;0
5;2025-11-02;16;0
5;2025-11-02;17;0
5;2025-11-02;18;0
5;2025-11-02;19;0
5;2025-11-02;20;0
5;2025-11-02;21;0
5;2025-11-02;22;0
5;2025-11-02;23;0
5;2025-11-03;0;0
5;2025-11-03;1;0
5;2025-11-03;2;0
5;2025-11-03;3;0
5;2025-11-03;4;0
5;2025-11-03;5;0
5;2025-11-03;6;0
5;2025-11-03;7;0
5;2025-11-03;8;0
5;2025-11-03;9;0
5;2025-11-03;10;0
5;2025-11-03;11;0
5;2025-11-03;12;0
5;2025-11-03;13;0
5;2025-11-03;14;0
5;2025-11-03;15;0
5;2025-11-03;16;0
5;2025-11-03;17;0
5;2025-11-03;18;0
5;2025-11-03;19;0
5;2025-11-03;20;0
5;2025-11-03;21;0
5;2025-11-03;22;0
5;2025-11-03;23;0
5;2025-11-04;0;0
5;2025-11-04;1;0
5;2025-11-04;2;0
5;2025-11-04;3;0
5;2025-11-04;4;0
5;2025-11-04;5;0
5;2025-11-04;6;0
5;2025-11-04;7;0
5;2025-11-04;8;0
5;2025-11-04;9;0
5;2025-11-04;10;0
5;2025-11-04;11;0
5;2025-11-04;12;0
5;2025-11-04;13;0
5;2025-11-04;14;0
5;2025-11-04;15;0
5;2025-11-04;16;0
5;2025-11-04;17;0
5;2025-11-04;18;0
5;2025-11-04;19;0
5;2025-11-04;20;0
5;2025-11-04;21;0
5;2025-11-04;22;0
5;2025-11-04;23;0
5;2025-11-05;0;0
5;2025-11-05;1;0
5;2025-11-05;2;0
5;2025-11-05;3;0
5;2025-11-05;4;0
5;2025-11-05;5;0
5;2025-11-05;6;0
5;2025-11-05;7;0
5;2025-11-05;8;0
5;2025-11-05;9;0
5;2025-11-05;10;0
5;2025-11-05;11;0
5;2025-11-05;12;0
5;2025-11-05;13;0
5;2025-11-05;14;0
5;2025-11-05;15;0
5;2025-11-05;16;0
5;2025-11-05;17;0
5;2025-11-05;18;0
5;2025-11-05;19;0
5;2025-11-05;20;0
5;2025-11-05;21;0
5;2025-11-05;22;0
5;2025-11-05;23;0
5;2025-11-06;0;0
5;2025-11-06;1;0
5;2025-11-06;2;0
5;2025-11-06;3;0
5;2025-11-06;4;0
5;2025-11-06;5;0
5;2025-11-06;6;0
5;2025-11-06;7;0
5;2025-11-06;8;0
5;2025-11-06;9;0
5;2025-11-06;10;0
5;2025-11-06;11;0
5;2025-11-06;12;0
5;2025-11-06;13;0
5;2025-11-06;14;0
5;2025-11-06;15;0
5;2025-11-06;16;0
5;2025-11-06;17;0
5;2025-11-06;18;0
5;2025-11-06;19;0
5;2025-11-06;20;0
5;2025-11-06;21;0
5;2025-11-06;22;0
5;2025-11-06;23;0
5;2025-11-07;0;0
5;2025-11-07;1;0
5;2025-11-07;2;0
5;2025-11-07;3;0
5;2025-11-07;4;0
5;2025-11-07;5;0
5;2025-11-07;6;0
5;2025-11-07;7;0
5;2025-11-07;8;0
5;2025-11-07;9;0
5;2025-11-07;10;0
5;2025-11-07;11;0
5;2025-11-07;12;0
5;2025-11-07;13;0
5;2025-11-07;14;0
5;2025-11-07;15;0
5;2025-11-07;16;0
5;2025-11-07;17;0
5;2025-11-07;18;0
5;2025-11-07;19;0
5;2025-11-07;20;0
5;2025-11-07;21;0
5;2025-11-07;22;0
5;2025-11-07;23;0
5;2025-11-08;0;0
5;2025-11-08;1;0
5;2025-11-08;2;0
5;2025-11-08;3;0
5;2025-11-08;4;0
5;2025-11-08;5;0
5;2025-11-08;6;0
5;2025-11-08;7;0
5;2025-11-08;8;0
5;2025-11-08;9;0
5;2025-11-08;10;0
5;2025-11-08;11;0
5;2025-11-08;12;0
5;2025-11-08;13;0
5;2025-11-08;14;0
5;2025-11-08;15;0
5;2025-11-08;16;0
5;2025-11-08;17;0
5;2025-11-08;18;0
5;2025-11-08;19;0
5;2025-11-08;20;0
5;2025-11-08;21;0
5;2025-11-08;22;0
5;2025-11-08;23;0
5;2025-11-09;0;0
5;2025-11-09;1;0
5;2025-11-09;2;0
5;2025-11-09;3;0
5;2025-11-09;4;0
5;2025-11-09;5;0
5;2025-11-09;6;0
5;2025-11-09;7;0
5;2025-11-09;8;0
5;2025-11-09;9;0
5;2025-11-09;10;0
5;2025-11-09;11;0
5;2025-11-09;12;0
5;2025-11-09;13;0
5;2025-11-09;14;0
5;2025-11-09;15;0
5;2025-11-09;16;0
5;2025-11-09;17;0
5;2025-11-09;18;0
5;2025-11-09;19;0
5;2025-11-09;20;0
5;2025-11-09;21;0
5;2025-11-09;22;0
5;2025-11-09;23;0
5;2025-11-10;0;0
5;2025-11-10;1;0
5;2025-11-10;2;0
5;2025-11-10;3;0
5;2025-11-10;4;0
5;2025-11-10;5;0
5;2025-11-10;6;0
5;2025-11-10;7;0
5;2025-11-10;8;0
5;2025-11-10;9;0
5;2025-11-10;10;0
5;2025-11-10;11;0
5;2025-11-10;12;0
5;2025-11-10;13;0
5;2025-11-10;14;0
5;2025-11-10;15;0
5;2025-11-10;16;0
5;2025-11-10;17;0
5;2025-11-10;18;0
5;2025-11-10;19;0
5;2025-11-10;20;0
5;2025-11-10;21;0
5;2025-11-10;22;0
5;2025-11-10;23;0
5;2025-11-11;0;0
5;2025-11-11;1;0
5;2025-11-11;2;0
5;2025-11-11;3;0
5;2025-11-11;4;0
5;2025-11-11;5;0
5;2025-11-11;6;0
5;2025-11-11;7;0
5;2025-11-11;8;0
5;2025-11-11;9;0
5;2025-11-11;10;0
5;2025-11-11;11;0
5;2025-11-11;12;0
5;2025-11-11;13;0
5;2025-11-11;14;0
5;2025-11-11;15;0
5;2025-11-11;16;0
5;2025-11-11;17;0
5;2025-11-11;18;0
5;2025-11-11;19;0
5;2025-11-11;20;0
5;2025-11-11;21;0
5;2025-11-11;22;0
5;2025-11-11;23;0
5;2025-11-12;0;0
5;2025-11-12;1;0
5;2025-11-12;2;0
5;2025-11-12;3;0
5;2025-11-12;4;0
5;2025-11-12;5;0
5;2025-11-12;6;0
5;2025-11-12;7;0
5;2025-11-12;8;0
5;2025-11-12;9;0
5;2025-11-12;10;0
5;2025-11-12;11;0
5;2025-11-12;12;0
5;2025-11-12;13;0
5;2025-11-12;14;0
5;2025-11-12;15;0
5;2025-11-12;16;0
5;2025-11-12;17;0
5;2025-11-12;18;0
5;2025-11-12;19;0
5;2025-11-12;20;0
5;2025-11-12;21;0
5;2025-11-12;22;0
5;2025-11-12;23;0
5;2025-11-13;0;0
5;2025-11-13;1;0
5;2025-11-13;2;0
5;2025-11-13;3;0
5;2025-11-13;4;0
5;2025-11-13;5;0
5;2025-11-13;6;0
5;2025-11-13;7;0
5;2025-11-13;8;0
5;2025-11-13;9;0
5;2025-11-13;10;0
5;2025-11-13;11;0
5;2025-11-13;12;0
5;2025-11-13;13;0
5;2025-11-13;14;0
5;2025-11-13;15;0
5;2025-11-13;16;0
5;2025-11-13;17;0
5;2025-11-13;18;0
5;2025-11-13;19;0
5;2025-11-13;20;0
5;2025-11-13;21;0
5;2025-11-13;22;0
5;2025-11-13;23;0
5;2025-11-14;0;0
5;2025-11-14;1;0
5;2025-11-14;2;0
5;2025-11-14;3;0
5;2025-11-14;4;0
5;2025-11-14;5;0
5;2025-11-14;6;0
5;2025-11-14;7;0
5;2025-11-14;8;0
5;2025-11-14;9;0
5;2025-11-14;10;0
5;2025-11-14;11;0
5;2025-11-14;12;0
5;2025-11-14;13;0
5;2025-11-14;14;0
5;2025-11-14;15;0
5;2025-11-14;16;0
5;2025-11-14;17;0
5;2025-11-14;18;0
5;2025-11-14;19;0
5;2025-11-14;20;0
5;2025-11-14;21;0
5;2025-11-14;22;0
5;2025-11-14;23;0
5;2025-11-15;0;0
5;2025-11-15;1;0
5;2025-11-15;2;0
5;2025-11-15;3;0
5;2025-11-15;4;0
5;2025-11-15;5;0
5;2025-11-15;6;0
5;2025-11-15;7;0
5;2025-11-15;8;0
5;2025-11-15;9;0
5;2025-11-15;10;0
5;2025-11-15;11;0
5;2025-11-15;12;0
5;2025-11-15;13;0
5;2025-11-15;14;0
5;2025-11-15;15;0
5;2025-11-15;16;0
5;2025-11-15;17;0
5;2025-11-15;18;0
5;2025-11-15;19;0
5;2025-11-15;20;0
5;2025-11-15;21;0
5;2025-11-15;22;0
5;2025-11-15;23;0
5;2025-11-16;0;0
5;2025-11-16;1;0
5;2025-11-16;2;0
5;2025-11-16;3;0
5;2025-11-16;4;0
5;2025-11-16;5;0
5;2025-11-16;6;0
5;2025-11-16;7;0
5;2025-11-16;8;0
5;2025-11-16;9;0
5;2025-11-16;10;0
5;2025-11-16;11;0
5;2025-11-16;12;0
5;2025-11-16;13;0
5;2025-11-16;14;0
5;2025-11-16;15;0
5;2025-11-16;16;0
5;2025-11-16;17;0
5;2025-11-16;18;0
5;2025-11-16;19;0
5;2025-11-16;20;0
5;2025-11-16;21;0
5;2025-11-16;22;0
5;2025-11-16;23;0
5;2025-11-17;0;0
5;2025-11-17;1;0
5;2025-11-17;2;0
5;2025-11-17;3;0
5;2025-11-17;4;0
5;2025-11-17;5;0
5;2025-11-17;6;0
5;2025-11-17;7;0
5;2025-11-17;8;0
5;2025-11-17;9;0
5;2025-11-17;10;0
5;2025-11-17;11;0
5;2025-11-17;12;0
5;2025-11-17;13;0
5;2025-11-17;14;0
5;2025-11-17;15;0
5;2025-11-17;16;0
5;2025-11-17;17;0
5;2025-11-17;18;0
5;2025-11-17;19;0
5;2025-11-17;20;0
5;2025-11-17;21;0
5;2025-11-17;22;0
5;2025-11-17;23;0
5;2025-11-18;0;0
5;2025-11-18;1;0
5;2025-11-18;2;0
5;2025-11-18;3;0
5;2025-11-18;4;0
5;2025-11-18;5;0
5;2025-11-18;6;0
5;2025-11-18;7;0
5;2025-11-18;8;0
5;2025-11-18;9;0
5;2025-11-18;10;0
5;2025-11-18;11;0
5;2025-11-18;12;0
5;2025-11-18;13;0
5;2025-11-18;14;0
5;2025-11-18;15;0
5;2025-11-18;16;0
5;2025-11-18;17;0
5;2025-11-18;18;0
5;2025-11-18;19;0
5;2025-11-18;20;0
5;2025-11-18;21;0
5;2025-11-18;22;0
5;2025-11-18;23;0
5;2025-11-19;0;0
5;2025-11-19;1;0
5;2025-11-19;2;0
5;2025-11-19;3;0
5;2025-11-19;4;0
5;2025-11-19;5;0
5;2025-11-19;6;0
5;2025-11-19;7;0
5;2025-11-19;8;0
5;2025-11-19;9;0
5;2025-11-19;10;0
5;2025-11-19;11;0
5;2025-11-19;12;0
5;2025-11-19;13;0
5;2025-11-19;14;0
5;2025-11-19;15;0
5;2025-11-19;16;0
5;2025-11-19;17;0
5;2025-11-19;18;0
5;2025-11-19;19;0
5;2025-11-19;20;0
5;2025-11-19;21;0
5;2025-11-19;22;0
5;2025-11-19;23;0
5;2025-11-20;0;0
5;2025-11-20;1;0
5;2025-11-20;2;0
5;2025-11-20;3;0
5;2025-11-20;4;0
5;2025-11-20;5;0
5;2025-11-20;6;0
5;2025-11-20;7;0
5;2025-11-20;8;0
5;2025-11-20;9;0
5;2025-11-20;10;0
5;2025-11-20;11;0
5;2025-11-20;12;0
5;2025-11-20;13;0
5;2025-11-20;14;0
5;2025-11-20;15;0
5;2025-11-20;16;0
5;2025-11-20;17;0
5;2025-11-20;18;0
5;2025-11-20;19;0
5;2025-11-20;20;0
5;2025-11-20;21;0
5;2025-11-20;22;0
5;2025-11-20;23;0
5;2025-11-21;0;0
5;2025-11-21;1;0
5;2025-11-21;2;0
5;2025-11-21;3;0
5;2025-11-21;4;0
5;2025-11-21;5;0
5;2025-11-21;6;0
5;2025-11-21;7;0
5;2025-11-21;8;0
5;2025-11-21;9;0
5;2025-11-21;10;0
5;2025-11-21;11;0
5;2025-11-21;12;0
5;2025-11-21;13;0
5;2025-11-21;14;0
5;2025-11-21;15;0
5;2025-11-21;16;0
5;2025-11-21;17;0
5;2025-11-21;18;0
5;2025-11-21;19;0
5;2025-11-21;20;0
5;2025-11-21;21;0
5;2025-11-21;22;0
5;2025-11-21;23;0
5;2025-11-22;0;0
5;2025-11-22;1;0
5;2025-11-22;2;0
5;2025-11-22;3;0
5;2025-11-22;4;0
5;2025-11-22;5;0
5;2025-11-22;6;0
5;2025-11-22;7;0
5;2025-11-22;8;0
5;2025-11-22;9;0
5;2025-11-22;10;0
5;2025-11-22;11;0
5;2025-11-22;12;0
5;2025-11-22;13;0
5;2025-11-22;14;0
5;2025-11-22;15;0
5;2025-11-22;16;0
5;2025-11-22;17;0
5;2025-11-22;18;0
5;2025-11-22;19;0
5;2025-11-22;20;0
5;2025-11-22;21;0
5;2025-11-22;22;0
5;2025-11-22;23;0
5;2025-11-23;0;0
5;2025-11-23;1;0
5;2025-11-23;2;0
5;2025-11-23;3;0
5;2025-11-23;4;0
5;2025-11-23;5;0
5;2025-11-23;6;0
5;2025-11-23;7;0
5;2025-11-23;8;0
5;2025-11-23;9;0
5;2025-11-23;10;0
5;2025-11-23;11;0
5;2025-11-23;12;0
5;2025-11-23;13;0
5;2025-11-23;14;0
5;2025-11-23;15;0
5;2025-11-23;16;0
5;2025-11-23;17;0
5;2025-11-23;18;0
5;2025-11-23;19;0
5;2025-11-23;20;0
5;2025-11-23;21;0
5;2025-11-23;22;0
5;2025-11-23;23;0
5;2025-11-24;0;0
5;2025-11-24;1;0
5;2025-11-24;2;0
5;2025-11-24;3;0
5;2025-11-24;4;0
5;2025-11-24;5;0
5;2025-11-24;6;0
5;2025-11-24;7;0
5;2025-11-24;8;0
5;2025-11-24;9;0
5;2025-11-24;10;0
5;2025-11-24;11;0
5;2025-11-24;12;0
5;2025-11-24;13;0
5;2025-11-24;14;0
5;2025-11-24;15;0
5;2025-11-24;16;0
5;2025-11-24;17;0
5;2025-11-24;18;0
5;2025-11-24;19;0
5;2025-11-24;20;0
5;2025-11-24;21;0
5;2025-11-24;22;0
5;2025-11-24;23;0
5;2025-11-25;0;0
5;2025-11-25;1;0
5;2025-11-25;2;0
5;2025-11-25;3;0
5;2025-11-25;4;0
5;2025-11-25;5;0
5;2025-11-25;6;0
5;2025-11-25;7;0
5;2025-11-25;8;0
5;2025-11-25;9;0
5;2025-11-25;10;0
5;2025-11-25;11;0
5;2025-11-25;12;0
5;2025-11-25;13;0
5;2025-11-25;14;0
5;2025-11-25;15;0
5;2025-11-25;16;0
5;2025-11-25;17;0
5;2025-11-25;18;0
5;2025-11-25;19;0
5;2025-11-25;20;0
5;2025-11-25;21;0
5;2025-11-25;22;0
5;2025-11-25;23;0
5;2025-11-26;0;0
5;2025-11-26;1;0
5;2025-11-26;2;0
5;2025-11-26;3;0
5;2025-11-26;4;0
5;2025-11-26;5;0
5;2025-11-26;6;0
5;2025-11-26;7;0
5;2025-11-26;8;0
5;2025-11-26;9;0
5;2025-11-26;10;0
5;2025-11-26;11;0
5;2025-11-26;12;0
5;2025-11-26;13;0
5;2025-11-26;14;0
5;2025-11-26;15;0
5;2025-11-26;16;0
5;2025-11-26;17;0
5;2025-11-26;18;0
5;2025-11-26;19;0
5;2025-11-26;20;0
5;2025-11-26;21;0
5;2025-11-26;22;0
5;2025-11-26;23;0
5;2025-11-27;0;0
5;2025-11-27;1;0
5;2025-11-27;2;0
5;2025-11-27;3;0
5;2025-11-27;4;0
5;2025-11-27;5;0
5;2025-11-27;6;0
5;2025-11-27;7;0
5;2025-11-27;8;0
5;2025-11-27;9;0
5;2025-11-27;10;0
5;2025-11-27;11;0
5;2025-11-27;12;0
5;2025-11-27;13;0
5;2025-11-27;14;0
5;2025-11-27;15;0
5;2025-11-27;16;0
5;2025-11-27;17;0
5;2025-11-27;18;0
5;2025-11-27;19;0
5;2025-11-27;20;0
5;2025-11-27;21;0
5;2025-11-27;22;0
5;2025-11-27;23;0
5;2025-11-28;0;0
5;2025-11-28;1;0
5;2025-11-28;2;0
5;2025-11-28;3;0
5;2025-11-28;4;0
5;2025-11-28;5;0
5;2025-11-28;6;0
5;2025-11-28;7;0
5;2025-11-28;8;0
5;2025-11-28;9;0
5;2025-11-28;10;0
5;2025-11-28;11;0
5;2025-11-28;12;0
5;2025-11-28;13;0
5;2025-11-28;14;0
5;2025-11-28;15;0
5;2025-11-28;16;0
5;2025-11-28;17;0
5;2025-11-28;18;0
5;2025-11-28;19;0
5;2025-11-28;20;0
5;2025-11-28;21;0
5;2025-11-28;22;0
5;2025-11-28;23;0
5;2025-11-29;0;0
5;2025-11-29;1;0
5;2025-11-29;2;0
5;2025-11-29;3;0
5;2025-11-29;4;0
5;2025-11-29;5;0
5;2025-11-29;6;0
5;2025-11-29;7;0
5;2025-11-29;8;0
5;2025-11-29;9;0
5;2025-11-29;10;0
5;2025-11-29;11;0
5;2025-11-29;12;0
5;2025-11-29;13;0
5;2025-11-29;14;0
5;2025-11-29;15;0
5;2025-11-29;16;0
5;2025-11-29;17;0
5;2025-11-29;18;0
5;2025-11-29;19;0
5;2025-11-29;20;0
5;2025-11-29;21;0
5;2025-11-29;22;0
5;2025-11-29;23;0
5;2025-11-30;0;0
5;2025-11-30;1;0
5;2025-11-30;2;0
5;2025-11-30;3;0
5;2025-11-30;4;0
5;2025-11-30;5;0
5;2025-11-30;6;0
5;2025-11-30;7;0
5;2025-11-30;8;0
5;2025-11-30;9;0
5;2025-11-30;10;0
5;2025-11-30;11;0
5;2025-11-30;12;0
5;2025-11-30;13;0
5;2025-11-30;14;0
5;2025-11-30;15;0
5;2025-11-30;16;0
5;2025-11-30;17;0
5;2025-11-30;18;0
5;2025-11-30;19;0
5;2025-11-30;20;0
5;2025-11-30;21;0
5;2025-11-30;22;0
5;2025-11-30;23;0
5;2025-12-01;0;0
5;2025-12-01;1;0
5;2025-12-01;2;0
5;2025-12-01;3;0
5;2025-12-01;4;0
5;2025-12-01;5;0
5;2025-12-01;6;0
5;2025-12-01;7;0
5;2025-12-01;8;0
5;2025-12-01;9;0
5;2025-12-01;10;0
5;2025-12-01;11;0
5;2025-12-01;12;0
5;2025-12-01;13;0
5;2025-12-01;14;0
5;2025-12-01;15;0
5;2025-12-01;16;0
5;2025-12-01;17;0
5;2025-12-01;18;0
5;2025-12-01;19;0
5;2025-12-01;20;0
5;2025-12-01;21;0
5;2025-12-01;22;0
5;2025-12-01;23;0
5;2025-12-02;0;0
5;2025-12-02;1;0
5;2025-12-02;2;0
5;2025-12-02;3;0
5;2025-12-02;4;0
5;2025-12-02;5;0
5;2025-12-02;6;0
5;2025-12-02;7;0
5;2025-12-02;8;0
5;2025-12-02;9;0
5;2025-12-02;10;0
5;2025-12-02;11;0
5;2025-12-02;12;0
5;2025-12-02;13;0
5;2025-12-02;14;0
5;2025-12-02;15;0
5;2025-12-02;16;0
5;2025-12-02;17;0
5;2025-12-02;18;0
5;2025-12-02;19;0
5;2025-12-02;20;0
5;2025-12-02;21;0
5;2025-12-02;22;0
5;2025-12-02;23;0
5;2025-12-03;0;0
5;2025-12-03;1;0
5;2025-12-03;2;0
5;2025-12-03;3;0
5;2025-12-03;4;0
5;2025-12-03;5;0
5;2025-12-03;6;0
5;2025-12-03;7;0
5;2025-12-03;8;0
5;2025-12-03;9;0
5;2025-12-03;10;0
5;2025-12-03;11;0
5;2025-12-03;12;0
5;2025-12-03;13;0
5;2025-12-03;14;0
5;2025-12-03;15;0
5;2025-12-03;16;0
5;2025-12-03;17;0
5;2025-12-03;18;0
5;2025-12-03;19;0
5;2025-12-03;20;0
5;2025-12-03;21;0
5;2025-12-03;22;0
5;2025-12-03;23;0
5;2025-12-04;0;0
5;2025-12-04;1;0
5;2025-12-04;2;0
5;2025-12-04;3;0
5;2025-12-04;4;0
5;2025-12-04;5;0
5;2025-12-04;6;0
5;2025-12-04;7;0
5;2025-12-04;8;0
5;2025-12-04;9;0
5;2025-12-04;10;0
5;2025-12-04;11;0
5;2025-12-04;12;0
5;2025-12-04;13;0
5;2025-12-04;14;0
5;2025-12-04;15;0
5;2025-12-04;16;0
5;2025-12-04;17;0
5;2025-12-04;18;0
5;2025-12-04;19;0
5;2025-12-04;20;0
5;2025-12-04;21;0
5;2025-12-04;22;0
5;2025-12-04;23;0
5;2025-12-05;0;0
5;2025-12-05;1;0
5;2025-12-05;2;0
5;2025-12-05;3;0
5;2025-12-05;4;0
5;2025-12-05;5;0
5;2025-12-05;6;0
5;2025-12-05;7;0
5;2025-12-05;8;0
5;2025-12-05;9;0
5;2025-12-05;10;0
5;2025-12-05;11;0
5;2025-12-05;12;0
5;2025-12-05;13;0
5;2025-12-05;14;0
5;2025-12-05;15;0
5;2025-12-05;16;0
5;2025-12-05;17;0
5;2025-12-05;18;0
5;2025-12-05;19;0
5;2025-12-05;20;0
5;2025-12-05;21;0
5;2025-12-05;22;0
5;2025-12-05;23;0
5;2025-12-06;0;0
5;2025-12-06;1;0
5;2025-12-06;2;0
5;2025-12-06;3;0
5;2025-12-06;4;0
5;2025-12-06;5;0
5;2025-12-06;6;0
5;2025-12-06;7;0
5;2025-12-06;8;0
5;2025-12-06;9;0
5;2025-12-06;10;0
5;2025-12-06;11;0
5;2025-12-06;12;0
5;2025-12-06;13;0
5;2025-12-06;14;0
5;2025-12-06;15;0
5;2025-12-06;16;0
5;2025-12-06;17;0
5;2025-12-06;18;0
5;2025-12-06;19;0
5;2025-12-06;20;0
5;2025-12-06;21;0
5;2025-12-06;22;0
5;2025-12-06;23;0
5;2025-12-07;0;0
5;2025-12-07;1;0
5;2025-12-07;2;0
5;2025-12-07;3;0
5;2025-12-07;4;0
5;2025-12-07;5;0
5;2025-12-07;6;0
5;2025-12-07;7;0
5;2025-12-07;8;0
5;2025-12-07;9;0
5;2025-12-07;10;0
5;2025-12-07;11;0
5;2025-12-07;12;0
5;2025-12-07;13;0
5;2025-12-07;14;0
5;2025-12-07;15;0
5;2025-12-07;16;0
5;2025-12-07;17;0
5;2025-12-07;18;0
5;2025-12-07;19;0
5;2025-12-07;20;0
5;2025-12-07;21;0
5;2025-12-07;22;0
5;2025-12-07;23;0
5;2025-12-08;0;0
5;2025-12-08;1;0
5;2025-12-08;2;0
5;2025-12-08;3;0
5;2025-12-08;4;0
5;2025-12-08;5;0
5;2025-12-08;6;0
5;2025-12-08;7;0
5;2025-12-08;8;0
5;2025-12-08;9;0
5;2025-12-08;10;0
5;2025-12-08;11;0
5;2025-12-08;12;0
5;2025-12-08;13;0
5;2025-12-08;14;0
5;2025-12-08;15;0
5;2025-12-08;16;0
5;2025-12-08;17;0
5;2025-12-08;18;0
5;2025-12-08;19;0
5;2025-12-08;20;0
5;2025-12-08;21;0
5;2025-12-08;22;0
5;2025-12-08;23;0
5;2025-12-09;0;0
5;2025-12-09;1;0
5;2025-12-09;2;0
5;2025-12-09;3;0
5;2025-12-09;4;0
5;2025-12-09;5;0
5;2025-12-09;6;0
5;2025-12-09;7;0
5;2025-12-09;8;0
5;2025-12-09;9;0
5;2025-12-09;10;0
5;2025-12-09;11;0
5;2025-12-09;12;0
5;2025-12-09;13;0
5;2025-12-09;14;0
5;2025-12-09;15;0
5;2025-12-09;16;0
5;2025-12-09;17;0
5;2025-12-09;18;0
5;2025-12-09;19;0
5;2025-12-09;20;0
5;2025-12-09;21;0
5;2025-12-09;22;0
5;2025-12-09;23;0
5;2025-12-10;0;0
5;2025-12-10;1;0
5;2025-12-10;2;0
5;2025-12-10;3;0
5;2025-12-10;4;0
5;2025-12-10;5;0
5;2025-12-10;6;0
5;2025-12-10;7;0
5;2025-12-10;8;0
5;2025-12-10;9;0
5;2025-12-10;10;0
5;2025-12-10;11;0
5;2025-12-10;12;0
5;2025-12-10;13;0
5;2025-12-10;14;0
5;2025-12-10;15;0
5;2025-12-10;16;0
5;2025-12-10;17;0
5;2025-12-10;18;0
5;2025-12-10;19;0
5;2025-12-10;20;0
5;2025-12-10;21;0
5;2025-12-10;22;0
5;2025-12-10;23;0
5;2025-12-11;0;0
5;2025-12-11;1;0
5;2025-12-11;2;0
5;2025-12-11;3;0
5;2025-12-11;4;0
5;2025-12-11;5;0
5;2025-12-11;6;0
5;2025-12-11;7;0
5;2025-12-11;8;0
5;2025-12-11;9;0
5;2025-12-11;10;0
5;2025-12-11;11;0
5;2025-12-11;12;0
5;2025-12-11;13;0
5;2025-12-11;14;0
5;2025-12-11;15;0
5;2025-12-11;16;0
5;2025-12-11;17;0
5;2025-12-11;18;0
5;2025-12-11;19;0
5;2025-12-11;20;0
5;2025-12-11;21;0
5;2025-12-11;22;0
5;2025-12-11;23;0
5;2025-12-12;0;0
5;2025-12-12;1;0
5;2025-12-12;2;0
5;2025-12-12;3;0
5;2025-12-12;4;0
5;2025-12-12;5;0
5;2025-12-12;6;0
5;2025-12-12;7;0
5;2025-12-12;8;0
5;2025-12-12;9;0
5;2025-12-12;10;0
5;2025-12-12;11;0
5;2025-12-12;12;0
5;2025-12-12;13;0
5;2025-12-12;14;0
5;2025-12-12;15;0
5;2025-12-12;16;0
5;2025-12-12;17;0
5;2025-12-12;18;0
5;2025-12-12;19;0
5;2025-12-12;20;0
5;2025-12-12;21;0
5;2025-12-12;22;0
5;2025-12-12;23;0
5;2025-12-13;0;0
5;2025-12-13;1;0
5;2025-12-13;2;0
5;2025-12-13;3;0
5;2025-12-13;4;0
5;2025-12-13;5;0
5;2025-12-13;6;0
5;2025-12-13;7;0
5;2025-12-13;8;0
5;2025-12-13;9;0
5;2025-12-13;10;0
5;2025-12-13;11;0
5;2025-12-13;12;0
5;2025-12-13;13;0
5;2025-12-13;14;0
5;2025-12-13;15;0
5;2025-12-13;16;0
5;2025-12-13;17;0
5;2025-12-13;18;0
5;2025-12-13;19;0
5;2025-12-13;20;0
5;2025-12-13;21;0
5;2025-12-13;22;0
5;2025-12-13;23;0
5;2025-12-14;0;0
5;2025-12-14;1;0
5;2025-12-14;2;0
5;2025-12-14;3;0
5;2025-12-14;4;0
5;2025-12-14;5;0
5;2025-12-14;6;0
5;2025-12-14;7;0
5;2025-12-14;8;0
5;2025-12-14;9;0
5;2025-12-14;10;0
5;2025-12-14;11;0
5;2025-12-14;12;0
5;2025-12-14;13;0
5;2025-12-14;14;0
5;2025-12-14;15;0
5;2025-12-14;16;0
5;2025-12-14;17;0
5;2025-12-14;18;0
5;2025-12-14;19;0
5;2025-12-14;20;0
5;2025-12-14;21;0
5;2025-12-14;22;0
5;2025-12-14;23;0
5;2025-12-15;0;0
5;2025-12-15;1;0
5;2025-12-15;2;0
5;2025-12-15;3;0
5;2025-12-15;4;0
5;2025-12-15;5;0
5;2025-12-15;6;0
5;2025-12-15;7;0
5;2025-12-15;8;0
5;2025-12-15;9;0
5;2025-12-15;10;0
5;2025-12-15;11;0
5;2025-12-15;12;0
5;2025-12-15;13;0
5;2025-12-15;14;0
5;2025-12-15;15;0
5;2025-12-15;16;0
5;2025-12-15;17;0
5;2025-12-15;18;0
5;2025-12-15;19;0
5;2025-12-15;20;0
5;2025-12-15;21;0
5;2025-12-15;22;0
5;2025-12-15;23;0
5;2025-12-16;0;0
5;2025-12-16;1;0
5;2025-12-16;2;0
5;2025-12-16;3;0
5;2025-12-16;4;0
5;2025-12-16;5;0
5;2025-12-16;6;0
5;2025-12-16;7;0
5;2025-12-16;8;0
5;2025-12-16;9;0
5;2025-12-16;10;0
5;2025-12-16;11;0
5;2025-12-16;12;0
5;2025-12-16;13;0
5;2025-12-16;14;0
5;2025-12-16;15;0
5;2025-12-16;16;0
5;2025-12-16;17;0
5;2025-12-16;18;0
5;2025-12-16;19;0
5;2025-12-16;20;0
5;2025-12-16;21;0
5;2025-12-16;22;0
5;2025-12-16;23;0
5;2025-12-17;0;0
5;2025-12-17;1;0
5;2025-12-17;2;0
5;2025-12-17;3;0
5;2025-12-17;4;0
5;2025-12-17;5;0
5;2025-12-17;6;0
5;2025-12-17;7;0
5;2025-12-17;8;0
5;2025-12-17;9;0
5;2025-12-17;10;0
5;2025-12-17;11;0
5;2025-12-17;12;0
5;2025-12-17;13;0
5;2025-12-17;14;0
5;2025-12-17;15;0
5;2025-12-17;16;0
5;2025-12-17;17;0
5;2025-12-17;18;0
5;2025-12-17;19;0
5;2025-12-17;20;0
5;2025-12-17;21;0
5;2025-12-17;22;0
5;2025-12-17;23;0
5;2025-12-18;0;0
5;2025-12-18;1;0
5;2025-12-18;2;0
5;2025-12-18;3;0
5;2025-12-18;4;0
5;2025-12-18;5;0
5;2025-12-18;6;0
5;2025-12-18;7;0
5;2025-12-18;8;0
5;2025-12-18;9;0
5;2025-12-18;10;0
5;2025-12-18;11;0
5;2025-12-18;12;0
5;2025-12-18;13;0
5;2025-12-18;14;0
5;2025-12-18;15;0
5;2025-12-18;16;0
5;2025-12-18;17;0
5;2025-12-18;18;0
5;2025-12-18;19;0
5;2025-12-18;20;0
5;2025-12-18;21;0
5;2025-12-18;22;0
5;2025-12-18;23;0
5;2025-12-19;0;0
5;2025-12-19;1;0
5;2025-12-19;2;0
5;2025-12-19;3;0
5;2025-12-19;4;0
5;2025-12-19;5;0
5;2025-12-19;6;0
5;2025-12-19;7;0
5;2025-12-19;8;0
5;2025-12-19;9;0
5;2025-12-19;10;0
5;2025-12-19;11;0
5;2025-12-19;12;0
5;2025-12-19;13;0
5;2025-12-19;14;0
5;2025-12-19;15;0
5;2025-12-19;16;0
5;2025-12-19;17;0
5;2025-12-19;18;0
5;2025-12-19;19;0
5;2025-12-19;20;0
5;2025-12-19;21;0
5;2025-12-19;22;0
5;2025-12-19;23;0
5;2025-12-20;0;0
5;2025-12-20;1;0
5;2025-12-20;2;0
5;2025-12-20;3;0
5;2025-12-20;4;0
5;2025-12-20;5;0
5;2025-12-20;6;0
5;2025-12-20;7;0
5;2025-12-20;8;0
5;2025-12-20;9;0
5;2025-12-20;10;0
5;2025-12-20;11;0
5;2025-12-20;12;0
5;2025-12-20;13;0
5;2025-12-20;14;0
5;2025-12-20;15;0
5;2025-12-20;16;0
5;2025-12-20;17;0
5;2025-12-20;18;0
5;2025-12-20;19;0
5;2025-12-20;20;0
5;2025-12-20;21;0
5;2025-12-20;22;0
5;2025-12-20;23;0
5;2025-12-21;0;0
5;2025-12-21;1;0
5;2025-12-21;2;0
5;2025-12-21;3;0
5;2025-12-21;4;0
5;2025-12-21;5;0
5;2025-12-21;6;0
5;2025-12-21;7;0
5;2025-12-21;8;0
5;2025-12-21;9;0
5;2025-12-21;10;0
5;2025-12-21;11;0
5;2025-12-21;12;0
5;2025-12-21;13;0
5;2025-12-21;14;0
5;2025-12-21;15;0
5;2025-12-21;16;0
5;2025-12-21;17;0
5;2025-12-21;18;0
5;2025-12-21;19;0
5;2025-12-21;20;0
5;2025-12-21;21;0
5;2025-12-21;22;0
5;2025-12-21;23;0
5;2025-12-22;0;0
5;2025-12-22;1;0
5;2025-12-22;2;0
5;2025-12-22;3;0
5;2025-12-22;4;0
5;2025-12-22;5;0
5;2025-12-22;6;0
5;2025-12-22;7;0
5;2025-12-22;8;0
5;2025-12-22;9;0
5;2025-12-22;10;0
5;2025-12-22;11;0
5;2025-12-22;12;0
5;2025-12-22;13;0
5;2025-12-22;14;0
5;2025-12-22;15;0
5;2025-12-22;16;0
5;2025-12-22;17;0
5;2025-12-22;18;0
5;2025-12-22;19;0
5;2025-12-22;20;0
5;2025-12-22;21;0
5;2025-12-22;22;0
5;2025-12-22;23;0
5;2025-12-23;0;0
5;2025-12-23;1;0
5;2025-12-23;2;0
5;2025-12-23;3;0
5;2025-12-23;4;0
5;2025-12-23;5;0
5;2025-12-23;6;0
5;2025-12-23;7;0
5;2025-12-23;8;0
5;2025-12-23;9;0
5;2025-12-23;10;0
5;2025-12-23;11;0
5;2025-12-23;12;0
5;2025-12-23;13;0
5;2025-12-23;14;0
5;2025-12-23;15;0
5;2025-12-23;16;0
5;2025-12-23;17;0
5;2025-12-23;18;0
5;2025-12-23;19;0
5;2025-12-23;20;0
5;2025-12-23;21;0
5;2025-12-23;22;0
5;2025-12-23;23;0
5;2025-12-24;0;0
5;2025-12-24;1;0
5;2025-12-24;2;0
5;2025-12-24;3;0
5;2025-12-24;4;0
5;2025-12-24;5;0
5;2025-12-24;6;0
5;2025-12-24;7;0
5;2025-12-24;8;0
5;2025-12-24;9;0
5;2025-12-24;10;0
5;2025-12-24;11;0
5;2025-12-24;12;0
5;2025-12-24;13;0
5;2025-12-24;14;0
5;2025-12-24;15;0
5;2025-12-24;16;0
5;2025-12-24;17;0
5;2025-12-24;18;0
5;2025-12-24;19;0
5;2025-12-24;20;0
5;2025-12-24;21;0
5;2025-12-24;22;0
5;2025-12-24;23;0
5;2025-12-25;0;0
5;2025-12-25;1;0
5;2025-12-25;2;0
5;2025-12-25;3;0
5;2025-12-25;4;0
5;2025-12-25;5;0
5;2025-12-25;6;0
5;2025-12-25;7;0
5;2025-12-25;8;0
5;2025-12-25;9;0
5;2025-12-25;10;0
5;2025-12-25;11;0
5;2025-12-25;12;0
5;2025-12-25;13;0
5;2025-12-25;14;0
5;2025-12-25;15;0
5;2025-12-25;16;0
5;2025-12-25;17;0
5;2025-12-25;18;0
5;2025-12-25;19;0
5;2025-12-25;20;0
5;2025-12-25;21;0
5;2025-12-25;22;0
5;2025-12-25;23;0
5;2025-12-26;0;0
5;2025-12-26;1;0
5;2025-12-26;2;0
5;2025-12-26;3;0
5;2025-12-26;4;0
5;2025-12-26;5;0
5;2025-12-26;6;0
5;2025-12-26;7;0
5;2025-12-26;8;0
5;2025-12-26;9;0
5;2025-12-26;10;0
5;2025-12-26;11;0
5;2025-12-26;12;0
5;2025-12-26;13;0
5;2025-12-26;14;0
5;2025-12-26;15;0
5;2025-12-26;16;0
5;2025-12-26;17;0
5;2025-12-26;18;0
5;2025-12-26;19;0
5;2025-12-26;20;0
5;2025-12-26;21;0
5;2025-12-26;22;0
5;2025-12-26;23;0
5;2025-12-27;0;0
5;2025-12-27;1;0
5;2025-12-27;2;0
5;2025-12-27;3;0
5;2025-12-27;4;0
5;2025-12-27;5;0
5;2025-12-27;6;0
5;2025-12-27;7;0
5;2025-12-27;8;0
5;2025-12-27;9;0
5;2025-12-27;10;0
5;2025-12-27;11;0
5;2025-12-27;12;0
5;2025-12-27;13;0
5;2025-12-27;14;0
5;2025-12-27;15;0
5;2025-12-27;16;0
5;2025-12-27;17;0
5;2025-12-27;18;0
5;2025-12-27;19;0
5;2025-12-27;20;0
5;2025-12-27;21;0
5;2025-12-27;22;0
5;2025-12-27;23;0
5;2025-12-28;0;0
5;2025-12-28;1;0
5;2025-12-28;2;0
5;2025-12-28;3;0
5;2025-12-28;4;0
5;2025-12-28;5;0
5;2025-12-28;6;0
5;2025-12-28;7;0
5;2025-12-28;8;0
5;2025-12-28;9;0
5;2025-12-28;10;0
5;2025-12-28;11;0
5;2025-12-28;12;0
5;2025-12-28;13;0
5;2025-12-28;14;0
5;2025-12-28;15;0
5;2025-12-28;16;0
5;2025-12-28;17;0
5;2025-12-28;18;0
5;2025-12-28;19;0
5;2025-12-28;20;0
5;2025-12-28;21;0
5;2025-12-28;22;0
5;2025-12-28;23;0
5;2025-12-29;0;0
5;2025-12-29;1;0
5;2025-12-29;2;0
5;2025-12-29;3;0
5;2025-12-29;4;0
5;2025-12-29;5;0
5;2025-12-29;6;0
5;2025-12-29;7;0
5;2025-12-29;8;0
5;2025-12-29;9;0
5;2025-12-29;10;0
5;2025-12-29;11;0
5;2025-12-29;12;0
5;2025-12-29;13;0
5;2025-12-29;14;0
5;2025-12-29;15;0
5;2025-12-29;16;0
5;2025-12-29;17;0
5;2025-12-29;18;0
5;2025-12-29;19;0
5;2025-12-29;20;0
5;2025-12-29;21;0
5;2025-12-29;22;0
5;2025-12-29;23;0
5;2025-12-30;0;0
5;2025-12-30;1;0
5;2025-12-30;2;0
5;2025-12-30;3;0
5;2025-12-30;4;0
5;2025-12-30;5;0
5;2025-12-30;6;0
5;2025-12-30;7;0
5;2025-12-30;8;0
5;2025-12-30;9;0
5;2025-12-30;10;0
5;2025-12-30;11;0
5;2025-12-30;12;0
5;2025-12-30;13;0
5;2025-12-30;14;0
5;2025-12-30;15;0
5;2025-12-30;16;0
5;2025-12-30;17;0
5;2025-12-30;18;0
5;2025-12-30;19;0
5;2025-12-30;20;0
5;2025-12-30;21;0
5;2025-12-30;22;0
5;2025-12-30;23;0
5;2025-12-31;0;0
5;2025-12-31;1;0
5;2025-12-31;2;0
5;2025-12-31;3;0
5;2025-12-31;4;0
5;2025-12-31;5;0
5;2025-12-31;6;0
5;2025-12-31;7;0
5;2025-12-31;8;0
5;2025-12-31;9;0
5;2025-12-31;10;0
5;2025-12-31;11;0
5;2025-12-31;12;0
5;2025-12-31;13;0
5;2025-12-31;14;0
5;2025-12-31;15;0
5;2025-12-31;16;0
5;2025-12-31;17;0
5;2025-12-31;18;0
5;2025-12-31;19;0
5;2025-12-31;20;0
5;2025-12-31;21;0
5;2025-12-31;22;0
5;2025-12-31;23;0
7;2025-11-01;0;125
7;2025-11-01;1;27
7;2025-11-01;2;0
7;2025-11-01;3;0
7;2025-11-01;4;2
7;2025-11-01;5;51
7;2025-11-01;6;283
7;2025-11-01;7;314
7;2025-11-01;8;729
7;2025-11-01;9;579
7;2025-11-01;10;637
7;2025-11-01;11;723
7;2025-11-01;12;994
7;2025-11-01;13;936
7;2025-11-01;14;874
7;2025-11-01;15;866
7;2025-11-01;16;863
7;2025-11-01;17;861
7;2025-11-01;18;781
7;2025-11-01;19;650
7;2025-11-01;20;576
7;2025-11-01;21;399
7;2025-11-01;22;229
7;2025-11-01;23;188
7;2025-11-02;0;107
7;2025-11-02;1;24
7;2025-11-02;2;0
7;2025-11-02;3;0
7;2025-11-02;4;1
7;2025-11-02;5;29
7;2025-11-02;6;132
7;2025-11-02;7;173
7;2025-11-02;8;400
7;2025-11-02;9;510
7;2025-11-02;10;407
7;2025-11-02;11;579
7;2025-11-02;12;644
7;2025-11-02;13;646
7;2025-11-02;14;679
7;2025-11-02;15;733
7;2025-11-02;16;621
7;2025-11-02;17;645
7;2025-11-02;18;666
7;2025-11-02;19;487
7;2025-11-02;20;402
7;2025-11-02;21;304
7;2025-11-02;22;148
7;2025-11-02;23;127
7;2025-11-03;0;97
7;2025-11-03;1;23
7;2025-11-03;2;0
7;2025-11-03;3;0
7;2025-11-03;4;1
7;2025-11-03;5;69
7;2025-11-03;6;261
7;2025-11-03;7;470
7;2025-11-03;8;712
7;2025-11-03;9;773
7;2025-11-03;10;753
7;2025-11-03;11;961
7;2025-11-03;12;1083
7;2025-11-03;13;1136
7;2025-11-03;14;1111
7;2025-11-03;15;978
7;2025-11-03;16;912
7;2025-11-03;17;845
7;2025-11-03;18;935
7;2025-11-03;19;937
7;2025-11-03;20;762
7;2025-11-03;21;565
7;2025-11-03;22;367
7;2025-11-03;23;207
7;2025-11-04;0;97
7;2025-11-04;1;23
7;2025-11-04;2;0
7;2025-11-04;3;0
7;2025-11-04;4;1
7;2025-11-04;5;69
7;2025-11-04;6;261
7;2025-11-04;7;470
7;2025-11-04;8;712
7;2025-11-04;9;773
7;2025-11-04;10;753
7;2025-11-04;11;961
7;2025-11-04;12;1083
7;2025-11-04;13;1136
7;2025-11-04;14;1111
7;2025-11-04;15;978
7;2025-11-04;16;912
7;2025-11-04;17;845
7;2025-11-04;18;935
7;2025-11-04;19;937
7;2025-11-04;20;762
7;2025-11-04;21;565
7;2025-11-04;22;367
7;2025-11-04;23;207
7;2025-11-05;0;59
7;2025-11-05;1;9
7;2025-11-05;2;0
7;2025-11-05;3;0
7;2025-11-05;4;2
7;2025-11-05;5;197
7;2025-11-05;6;620
7;2025-11-05;7;1567
7;2025-11-05;8;2477
7;2025-11-05;9;1949
7;2025-11-05;10;1805
7;2025-11-05;11;1609
7;2025-11-05;12;1859
7;2025-11-05;13;1604
7;2025-11-05;14;1631
7;2025-11-05;15;1823
7;2025-11-05;16;1942
7;2025-11-05;17;2542
7;2025-11-05;18;2572
7;2025-11-05;19;1627
7;2025-11-05;20;1048
7;2025-11-05;21;636
7;2025-11-05;22;281
7;2025-11-05;23;184
7;2025-11-06;0;61
7;2025-11-06;1;16
7;2025-11-06;2;0
7;2025-11-06;3;0
7;2025-11-06;4;1
7;2025-11-06;5;184
7;2025-11-06;6;618
7;2025-11-06;7;1591
7;2025-11-06;8;2529
7;2025-11-06;9;1864
7;2025-11-06;10;1619
7;2025-11-06;11;1586
7;2025-11-06;12;1787
7;2025-11-06;13;1565
7;2025-11-06;14;1800
7;2025-11-06;15;1786
7;2025-11-06;16;1929
7;2025-11-06;17;2319
7;2025-11-06;18;2710
7;2025-11-06;19;1641
7;2025-11-06;20;1075
7;2025-11-06;21;634
7;2025-11-06;22;299
7;2025-11-06;23;226
7;2025-11-07;0;78
7;2025-11-07;1;12
7;2025-11-07;2;0
7;2025-11-07;3;0
7;2025-11-07;4;2
7;2025-11-07;5;173
7;2025-11-07;6;602
7;2025-11-07;7;1487
7;2025-11-07;8;2259
7;2025-11-07;9;1716
7;2025-11-07;10;1764
7;2025-11-07;11;1594
7;2025-11-07;12;1671
7;2025-11-07;13;1713
7;2025-11-07;14;1711
7;2025-11-07;15;1861
7;2025-11-07;16;2084
7;2025-11-07;17;2383
7;2025-11-07;18;1998
7;2025-11-07;19;1365
7;2025-11-07;20;981
7;2025-11-07;21;593
7;2025-11-07;22;312
7;2025-11-07;23;247
7;2025-11-08;0;125
7;2025-11-08;1;27
7;2025-11-08;2;0
7;2025-11-08;3;0
7;2025-11-08;4;2
7;2025-11-08;5;51
7;2025-11-08;6;283
7;2025-11-08;7;314
7;2025-11-08;8;729
7;2025-11-08;9;579
7;2025-11-08;10;637
7;2025-11-08;11;723
7;2025-11-08;12;994
7;2025-11-08;13;936
7;2025-11-08;14;874
7;2025-11-08;15;866
7;2025-11-08;16;863
7;2025-11-08;17;861
7;2025-11-08;18;781
7;2025-11-08;19;650
7;2025-11-08;20;576
7;2025-11-08;21;399
7;2025-11-08;22;229
7;2025-11-08;23;188
7;2025-11-09;0;107
7;2025-11-09;1;24
7;2025-11-09;2;0
7;2025-11-09;3;0
7;2025-11-09;4;1
7;2025-11-09;5;29
7;2025-11-09;6;132
7;2025-11-09;7;173
7;2025-11-09;8;400
7;2025-11-09;9;510
7;2025-11-09;10;407
7;2025-11-09;11;579
7;2025-11-09;12;644
7;2025-11-09;13;646
7;2025-11-09;14;679
7;2025-11-09;15;733
7;2025-11-09;16;621
7;2025-11-09;17;645
7;2025-11-09;18;666
7;2025-11-09;19;487
7;2025-11-09;20;402
7;2025-11-09;21;304
7;2025-11-09;22;148
7;2025-11-09;23;127
7;2025-11-10;0;60
7;2025-11-10;1;11
7;2025-11-10;2;0
7;2025-11-10;3;0
7;2025-11-10;4;1
7;2025-11-10;5;187
7;2025-11-10;6;576
7;2025-11-10;7;1616
7;2025-11-10;8;2599
7;2025-11-10;9;1829
7;2025-11-10;10;1662
7;2025-11-10;11;1579
7;2025-11-10;12;1563
7;2025-11-10;13;1621
7;2025-11-10;14;1647
7;2025-11-10;15;1773
7;2025-11-10;16;1820
7;2025-11-10;17;2501
7;2025-11-10;18;2608
7;2025-11-10;19;1773
7;2025-11-10;20;1071
7;2025-11-10;21;618
7;2025-11-10;22;291
7;2025-11-10;23;150
7;2025-11-11;0;59
7;2025-11-11;1;13
7;2025-11-11;2;0
7;2025-11-11;3;0
7;2025-11-11;4;2
7;2025-11-11;5;191
7;2025-11-11;6;600
7;2025-11-11;7;1705
7;2025-11-11;8;2421
7;2025-11-11;9;1971
7;2025-11-11;10;1762
7;2025-11-11;11;1649
7;2025-11-11;12;1752
7;2025-11-11;13;1634
7;2025-11-11;14;1475
7;2025-11-11;15;1797
7;2025-11-11;16;1826
7;2025-11-11;17;2422
7;2025-11-11;18;2669
7;2025-11-11;19;1807
7;2025-11-11;20;1200
7;2025-11-11;21;700
7;2025-11-11;22;325
7;2025-11-11;23;218
7;2025-11-12;0;59
7;2025-11-12;1;9
7;2025-11-12;2;0
7;2025-11-12;3;0
7;2025-11-12;4;2
7;2025-11-12;5;197
7;2025-11-12;6;620
7;2025-11-12;7;1567
7;2025-11-12;8;2477
7;2025-11-12;9;1949
7;2025-11-12;10;1805
7;2025-11-12;11;1609
7;2025-11-12;12;1859
7;2025-11-12;13;1604
7;2025-11-12;14;1631
7;2025-11-12;15;1823
7;2025-11-12;16;1942
7;2025-11-12;17;2542
7;2025-11-12;18;2572
7;2025-11-12;19;1627
7;2025-11-12;20;1048
7;2025-11-12;21;636
7;2025-11-12;22;281
7;2025-11-12;23;184
7;2025-11-13;0;61
7;2025-11-13;1;16
7;2025-11-13;2;0
7;2025-11-13;3;0
7;2025-11-13;4;1
7;2025-11-13;5;184
7;2025-11-13;6;618
7;2025-11-13;7;1591
7;2025-11-13;8;2529
7;2025-11-13;9;1864
7;2025-11-13;10;1620
7;2025-11-13;11;1586
7;2025-11-13;12;1787
7;2025-11-13;13;1565
7;2025-11-13;14;1800
7;2025-11-13;15;1786
7;2025-11-13;16;1929
7;2025-11-13;17;2319
7;2025-11-13;18;2710
7;2025-11-13;19;1641
7;2025-11-13;20;1075
7;2025-11-13;21;634
7;2025-11-13;22;299
7;2025-11-13;23;226
7;2025-11-14;0;78
7;2025-11-14;1;12
7;2025-11-14;2;0
7;2025-11-14;3;0
7;2025-11-14;4;2
7;2025-11-14;5;173
7;2025-11-14;6;602
7;2025-11-14;7;1487
7;2025-11-14;8;2259
7;2025-11-14;9;1716
7;2025-11-14;10;1764
7;2025-11-14;11;1594
7;2025-11-14;12;1671
7;2025-11-14;13;1713
7;2025-11-14;14;1711
7;2025-11-14;15;1861
7;2025-11-14;16;2084
7;2025-11-14;17;2383
7;2025-11-14;18;1998
7;2025-11-14;19;1365
7;2025-11-14;20;981
7;2025-11-14;21;593
7;2025-11-14;22;312
7;2025-11-14;23;247
7;2025-11-15;0;125
7;2025-11-15;1;27
7;2025-11-15;2;0
7;2025-11-15;3;0
7;2025-11-15;4;2
7;2025-11-15;5;51
7;2025-11-15;6;283
7;2025-11-15;7;314
7;2025-11-15;8;729
7;2025-11-15;9;579
7;2025-11-15;10;637
7;2025-11-15;11;723
7;2025-11-15;12;994
7;2025-11-15;13;936
7;2025-11-15;14;874
7;2025-11-15;15;866
7;2025-11-15;16;863
7;2025-11-15;17;861
7;2025-11-15;18;781
7;2025-11-15;19;650
7;2025-11-15;20;576
7;2025-11-15;21;399
7;2025-11-15;22;229
7;2025-11-15;23;188
7;2025-11-16;0;107
7;2025-11-16;1;24
7;2025-11-16;2;0
7;2025-11-16;3;0
7;2025-11-16;4;1
7;2025-11-16;5;29
7;2025-11-16;6;132
7;2025-11-16;7;173
7;2025-11-16;8;400
7;2025-11-16;9;510
7;2025-11-16;10;407
7;2025-11-16;11;579
7;2025-11-16;12;644
7;2025-11-16;13;646
7;2025-11-16;14;679
7;2025-11-16;15;733
7;2025-11-16;16;621
7;2025-11-16;17;645
7;2025-11-16;18;666
7;2025-11-16;19;487
7;2025-11-16;20;402
7;2025-11-16;21;304
7;2025-11-16;22;148
7;2025-11-16;23;127
7;2025-11-17;0;60
7;2025-11-17;1;11
7;2025-11-17;2;0
7;2025-11-17;3;0
7;2025-11-17;4;1
7;2025-11-17;5;187
7;2025-11-17;6;576
7;2025-11-17;7;1616
7;2025-11-17;8;2599
7;2025-11-17;9;1829
7;2025-11-17;10;1662
7;2025-11-17;11;1579
7;2025-11-17;12;1563
7;2025-11-17;13;1621
7;2025-11-17;14;1647
7;2025-11-17;15;1773
7;2025-11-17;16;1820
7;2025-11-17;17;2501
7;2025-11-17;18;2608
7;2025-11-17;19;1773
7;2025-11-17;20;1071
7;2025-11-17;21;618
7;2025-11-17;22;291
7;2025-11-17;23;150
7;2025-11-18;0;59
7;2025-11-18;1;13
7;2025-11-18;2;0
7;2025-11-18;3;0
7;2025-11-18;4;2
7;2025-11-18;5;191
7;2025-11-18;6;600
7;2025-11-18;7;1705
7;2025-11-18;8;2421
7;2025-11-18;9;1971
7;2025-11-18;10;1762
7;2025-11-18;11;1649
7;2025-11-18;12;1752
7;2025-11-18;13;1634
7;2025-11-18;14;1475
7;2025-11-18;15;1797
7;2025-11-18;16;1826
7;2025-11-18;17;2422
7;2025-11-18;18;2669
7;2025-11-18;19;1807
7;2025-11-18;20;1200
7;2025-11-18;21;700
7;2025-11-18;22;325
7;2025-11-18;23;218
7;2025-11-19;0;59
7;2025-11-19;1;9
7;2025-11-19;2;0
7;2025-11-19;3;0
7;2025-11-19;4;2
7;2025-11-19;5;197
7;2025-11-19;6;620
7;2025-11-19;7;1567
7;2025-11-19;8;2477
7;2025-11-19;9;1949
7;2025-11-19;10;1805
7;2025-11-19;11;1609
7;2025-11-19;12;1859
7;2025-11-19;13;1604
7;2025-11-19;14;1631
7;2025-11-19;15;1823
7;2025-11-19;16;1942
7;2025-11-19;17;2542
7;2025-11-19;18;2572
7;2025-11-19;19;1627
7;2025-11-19;20;1048
7;2025-11-19;21;636
7;2025-11-19;22;281
7;2025-11-19;23;184
7;2025-11-20;0;61
7;2025-11-20;1;16
7;2025-11-20;2;0
7;2025-11-20;3;0
7;2025-11-20;4;1
7;2025-11-20;5;184
7;2025-11-20;6;618
7;2025-11-20;7;1591
7;2025-11-20;8;2529
7;2025-11-20;9;1864
7;2025-11-20;10;1620
7;2025-11-20;11;1586
7;2025-11-20;12;1787
7;2025-11-20;13;1565
7;2025-11-20;14;1800
7;2025-11-20;15;1786
7;2025-11-20;16;1929
7;2025-11-20;17;2319
7;2025-11-20;18;2710
7;2025-11-20;19;1641
7;2025-11-20;20;1075
7;2025-11-20;21;634
7;2025-11-20;22;299
7;2025-11-20;23;226
7;2025-11-21;0;78
7;2025-11-21;1;12
7;2025-11-21;2;0
7;2025-11-21;3;0
7;2025-11-21;4;2
7;2025-11-21;5;173
7;2025-11-21;6;602
7;2025-11-21;7;1487
7;2025-11-21;8;2259
7;2025-11-21;9;1716
7;2025-11-21;10;1764
7;2025-11-21;11;1594
7;2025-11-21;12;1671
7;2025-11-21;13;1713
7;2025-11-21;14;1711
7;2025-11-21;15;1861
7;2025-11-21;16;2084
7;2025-11-21;17;2383
7;2025-11-21;18;1998
7;2025-11-21;19;1365
7;2025-11-21;20;981
7;2025-11-21;21;593
7;2025-11-21;22;312
7;2025-11-21;23;247
7;2025-11-22;0;125
7;2025-11-22;1;27
7;2025-11-22;2;0
7;2025-11-22;3;0
7;2025-11-22;4;2
7;2025-11-22;5;51
7;2025-11-22;6;283
7;2025-11-22;7;314
7;2025-11-22;8;729
7;2025-11-22;9;579
7;2025-11-22;10;637
7;2025-11-22;11;723
7;2025-11-22;12;994
7;2025-11-22;13;936
7;2025-11-22;14;874
7;2025-11-22;15;866
7;2025-11-22;16;863
7;2025-11-22;17;861
7;2025-11-22;18;781
7;2025-11-22;19;650
7;2025-11-22;20;576
7;2025-11-22;21;399
7;2025-11-22;22;229
7;2025-11-22;23;188
7;2025-11-23;0;107
7;2025-11-23;1;24
7;2025-11-23;2;0
7;2025-11-23;3;0
7;2025-11-23;4;1
7;2025-11-23;5;29
7;2025-11-23;6;132
7;2025-11-23;7;173
7;2025-11-23;8;400
7;2025-11-23;9;510
7;2025-11-23;10;407
7;2025-11-23;11;579
7;2025-11-23;12;644
7;2025-11-23;13;646
7;2025-11-23;14;679
7;2025-11-23;15;733
7;2025-11-23;16;621
7;2025-11-23;17;645
7;2025-11-23;18;666
7;2025-11-23;19;487
7;2025-11-23;20;402
7;2025-11-23;21;304
7;2025-11-23;22;148
7;2025-11-23;23;127
7;2025-11-24;0;60
7;2025-11-24;1;11
7;2025-11-24;2;0
7;2025-11-24;3;0
7;2025-11-24;4;1
7;2025-11-24;5;187
7;2025-11-24;6;576
7;2025-11-24;7;1616
7;2025-11-24;8;2599
7;2025-11-24;9;1829
7;2025-11-24;10;1662
7;2025-11-24;11;1579
7;2025-11-24;12;1563
7;2025-11-24;13;1621
7;2025-11-24;14;1647
7;2025-11-24;15;1773
7;2025-11-24;16;1820
7;2025-11-24;17;2501
7;2025-11-24;18;2608
7;2025-11-24;19;1773
7;2025-11-24;20;1071
7;2025-11-24;21;618
7;2025-11-24;22;291
7;2025-11-24;23;150
7;2025-11-25;0;59
7;2025-11-25;1;13
7;2025-11-25;2;0
7;2025-11-25;3;0
7;2025-11-25;4;2
7;2025-11-25;5;191
7;2025-11-25;6;600
7;2025-11-25;7;1705
7;2025-11-25;8;2421
7;2025-11-25;9;1971
7;2025-11-25;10;1762
7;2025-11-25;11;1649
7;2025-11-25;12;1752
7;2025-11-25;13;1634
7;2025-11-25;14;1475
7;2025-11-25;15;1797
7;2025-11-25;16;1826
7;2025-11-25;17;2422
7;2025-11-25;18;2669
7;2025-11-25;19;1807
7;2025-11-25;20;1200
7;2025-11-25;21;700
7;2025-11-25;22;325
7;2025-11-25;23;218
7;2025-11-26;0;59
7;2025-11-26;1;9
7;2025-11-26;2;0
7;2025-11-26;3;0
7;2025-11-26;4;2
7;2025-11-26;5;197
7;2025-11-26;6;620
7;2025-11-26;7;1567
7;2025-11-26;8;2477
7;2025-11-26;9;1949
7;2025-11-26;10;1805
7;2025-11-26;11;1609
7;2025-11-26;12;1859
7;2025-11-26;13;1604
7;2025-11-26;14;1631
7;2025-11-26;15;1823
7;2025-11-26;16;1942
7;2025-11-26;17;2542
7;2025-11-26;18;2572
7;2025-11-26;19;1627
7;2025-11-26;20;1048
7;2025-11-26;21;636
7;2025-11-26;22;281
7;2025-11-26;23;184
7;2025-11-27;0;61
7;2025-11-27;1;16
7;2025-11-27;2;0
7;2025-11-27;3;0
7;2025-11-27;4;1
7;2025-11-27;5;184
7;2025-11-27;6;618
7;2025-11-27;7;1591
7;2025-11-27;8;2529
7;2025-11-27;9;1864
7;2025-11-27;10;1620
7;2025-11-27;11;1586
7;2025-11-27;12;1787
7;2025-11-27;13;1565
7;2025-11-27;14;1800
7;2025-11-27;15;1786
7;2025-11-27;16;1929
7;2025-11-27;17;2319
7;2025-11-27;18;2710
7;2025-11-27;19;1641
7;2025-11-27;20;1075
7;2025-11-27;21;634
7;2025-11-27;22;299
7;2025-11-27;23;226
7;2025-11-28;0;78
7;2025-11-28;1;12
7;2025-11-28;2;0
7;2025-11-28;3;0
7;2025-11-28;4;2
7;2025-11-28;5;173
7;2025-11-28;6;602
7;2025-11-28;7;1487
7;2025-11-28;8;2259
7;2025-11-28;9;1716
7;2025-11-28;10;1764
7;2025-11-28;11;1594
7;2025-11-28;12;1671
7;2025-11-28;13;1713
7;2025-11-28;14;1711
7;2025-11-28;15;1861
7;2025-11-28;16;2084
7;2025-11-28;17;2383
7;2025-11-28;18;1998
7;2025-11-28;19;1365
7;2025-11-28;20;981
7;2025-11-28;21;593
7;2025-11-28;22;312
7;2025-11-28;23;247
7;2025-11-29;0;125
7;2025-11-29;1;27
7;2025-11-29;2;0
7;2025-11-29;3;0
7;2025-11-29;4;2
7;2025-11-29;5;51
7;2025-11-29;6;283
7;2025-11-29;7;314
7;2025-11-29;8;729
7;2025-11-29;9;579
7;2025-11-29;10;637
7;2025-11-29;11;723
7;2025-11-29;12;994
7;2025-11-29;13;936
7;2025-11-29;14;874
7;2025-11-29;15;866
7;2025-11-29;16;863
7;2025-11-29;17;861
7;2025-11-29;18;781
7;2025-11-29;19;650
7;2025-11-29;20;576
7;2025-11-29;21;399
7;2025-11-29;22;229
7;2025-11-29;23;188
7;2025-11-30;0;107
7;2025-11-30;1;24
7;2025-11-30;2;0
7;2025-11-30;3;0
7;2025-11-30;4;1
7;2025-11-30;5;29
7;2025-11-30;6;132
7;2025-11-30;7;173
7;2025-11-30;8;400
7;2025-11-30;9;510
7;2025-11-30;10;407
7;2025-11-30;11;579
7;2025-11-30;12;644
7;2025-11-30;13;646
7;2025-11-30;14;679
7;2025-11-30;15;733
7;2025-11-30;16;621
7;2025-11-30;17;645
7;2025-11-30;18;666
7;2025-11-30;19;487
7;2025-11-30;20;402
7;2025-11-30;21;304
7;2025-11-30;22;148
7;2025-11-30;23;127
7;2025-12-01;0;60
7;2025-12-01;1;11
7;2025-12-01;2;0
7;2025-12-01;3;0
7;2025-12-01;4;1
7;2025-12-01;5;187
7;2025-12-01;6;576
7;2025-12-01;7;1616
7;2025-12-01;8;2599
7;2025-12-01;9;1829
7;2025-12-01;10;1662
7;2025-12-01;11;1579
7;2025-12-01;12;1563
7;2025-12-01;13;1621
7;2025-12-01;14;1647
7;2025-12-01;15;1773
7;2025-12-01;16;1820
7;2025-12-01;17;2501
7;2025-12-01;18;2608
7;2025-12-01;19;1773
7;2025-12-01;20;1071
7;2025-12-01;21;618
7;2025-12-01;22;291
7;2025-12-01;23;150
7;2025-12-02;0;59
7;2025-12-02;1;13
7;2025-12-02;2;0
7;2025-12-02;3;0
7;2025-12-02;4;2
7;2025-12-02;5;191
7;2025-12-02;6;600
7;2025-12-02;7;1705
7;2025-12-02;8;2421
7;2025-12-02;9;1971
7;2025-12-02;10;1762
7;2025-12-02;11;1649
7;2025-12-02;12;1752
7;2025-12-02;13;1634
7;2025-12-02;14;1475
7;2025-12-02;15;1797
7;2025-12-02;16;1826
7;2025-12-02;17;2422
7;2025-12-02;18;2669
7;2025-12-02;19;1807
7;2025-12-02;20;1200
7;2025-12-02;21;700
7;2025-12-02;22;325
7;2025-12-02;23;218
7;2025-12-03;0;59
7;2025-12-03;1;9
7;2025-12-03;2;0
7;2025-12-03;3;0
7;2025-12-03;4;2
7;2025-12-03;5;197
7;2025-12-03;6;620
7;2025-12-03;7;1567
7;2025-12-03;8;2477
7;2025-12-03;9;1949
7;2025-12-03;10;1805
7;2025-12-03;11;1609
7;2025-12-03;12;1859
7;2025-12-03;13;1604
7;2025-12-03;14;1631
7;2025-12-03;15;1823
7;2025-12-03;16;1942
7;2025-12-03;17;2542
7;2025-12-03;18;2572
7;2025-12-03;19;1627
7;2025-12-03;20;1048
7;2025-12-03;21;636
7;2025-12-03;22;281
7;2025-12-03;23;184
7;2025-12-04;0;61
7;2025-12-04;1;16
7;2025-12-04;2;0
7;2025-12-04;3;0
7;2025-12-04;4;1
7;2025-12-04;5;184
7;2025-12-04;6;618
7;2025-12-04;7;1591
7;2025-12-04;8;2529
7;2025-12-04;9;1864
7;2025-12-04;10;1620
7;2025-12-04;11;1586
7;2025-12-04;12;1787
7;2025-12-04;13;1565
7;2025-12-04;14;1800
7;2025-12-04;15;1786
7;2025-12-04;16;1929
7;2025-12-04;17;2319
7;2025-12-04;18;2710
7;2025-12-04;19;1641
7;2025-12-04;20;1075
7;2025-12-04;21;634
7;2025-12-04;22;299
7;2025-12-04;23;226
7;2025-12-05;0;78
7;2025-12-05;1;12
7;2025-12-05;2;0
7;2025-12-05;3;0
7;2025-12-05;4;2
7;2025-12-05;5;173
7;2025-12-05;6;602
7;2025-12-05;7;1487
7;2025-12-05;8;2259
7;2025-12-05;9;1716
7;2025-12-05;10;1764
7;2025-12-05;11;1594
7;2025-12-05;12;1671
7;2025-12-05;13;1713
7;2025-12-05;14;1711
7;2025-12-05;15;1861
7;2025-12-05;16;2084
7;2025-12-05;17;2383
7;2025-12-05;18;1998
7;2025-12-05;19;1365
7;2025-12-05;20;981
7;2025-12-05;21;593
7;2025-12-05;22;312
7;2025-12-05;23;247
7;2025-12-06;0;125
7;2025-12-06;1;27
7;2025-12-06;2;0
7;2025-12-06;3;0
7;2025-12-06;4;2
7;2025-12-06;5;51
7;2025-12-06;6;283
7;2025-12-06;7;314
7;2025-12-06;8;729
7;2025-12-06;9;579
7;2025-12-06;10;637
7;2025-12-06;11;723
7;2025-12-06;12;994
7;2025-12-06;13;936
7;2025-12-06;14;874
7;2025-12-06;15;866
7;2025-12-06;16;863
7;2025-12-06;17;861
7;2025-12-06;18;781
7;2025-12-06;19;650
7;2025-12-06;20;576
7;2025-12-06;21;399
7;2025-12-06;22;229
7;2025-12-06;23;188
7;2025-12-07;0;107
7;2025-12-07;1;24
7;2025-12-07;2;0
7;2025-12-07;3;0
7;2025-12-07;4;1
7;2025-12-07;5;29
7;2025-12-07;6;132
7;2025-12-07;7;173
7;2025-12-07;8;400
7;2025-12-07;9;510
7;2025-12-07;10;407
7;2025-12-07;11;579
7;2025-12-07;12;644
7;2025-12-07;13;646
7;2025-12-07;14;679
7;2025-12-07;15;733
7;2025-12-07;16;621
7;2025-12-07;17;645
7;2025-12-07;18;666
7;2025-12-07;19;487
7;2025-12-07;20;402
7;2025-12-07;21;304
7;2025-12-07;22;148
7;2025-12-07;23;127
7;2025-12-08;0;60
7;2025-12-08;1;11
7;2025-12-08;2;0
7;2025-12-08;3;0
7;2025-12-08;4;1
7;2025-12-08;5;187
7;2025-12-08;6;576
7;2025-12-08;7;1616
7;2025-12-08;8;2599
7;2025-12-08;9;1829
7;2025-12-08;10;1662
7;2025-12-08;11;1579
7;2025-12-08;12;1563
7;2025-12-08;13;1621
7;2025-12-08;14;1647
7;2025-12-08;15;1773
7;2025-12-08;16;1820
7;2025-12-08;17;2501
7;2025-12-08;18;2608
7;2025-12-08;19;1773
7;2025-12-08;20;1071
7;2025-12-08;21;618
7;2025-12-08;22;291
7;2025-12-08;23;150
7;2025-12-09;0;59
7;2025-12-09;1;13
7;2025-12-09;2;0
7;2025-12-09;3;0
7;2025-12-09;4;2
7;2025-12-09;5;191
7;2025-12-09;6;600
7;2025-12-09;7;1705
7;2025-12-09;8;2421
7;2025-12-09;9;1971
7;2025-12-09;10;1762
7;2025-12-09;11;1649
7;2025-12-09;12;1752
7;2025-12-09;13;1634
7;2025-12-09;14;1475
7;2025-12-09;15;1797
7;2025-12-09;16;1826
7;2025-12-09;17;2422
7;2025-12-09;18;2669
7;2025-12-09;19;1807
7;2025-12-09;20;1200
7;2025-12-09;21;700
7;2025-12-09;22;325
7;2025-12-09;23;218
7;2025-12-10;0;59
7;2025-12-10;1;9
7;2025-12-10;2;0
7;2025-12-10;3;0
7;2025-12-10;4;2
7;2025-12-10;5;197
7;2025-12-10;6;620
7;2025-12-10;7;1567
7;2025-12-10;8;2477
7;2025-12-10;9;1949
7;2025-12-10;10;1805
7;2025-12-10;11;1609
7;2025-12-10;12;1859
7;2025-12-10;13;1604
7;2025-12-10;14;1631
7;2025-12-10;15;1823
7;2025-12-10;16;1942
7;2025-12-10;17;2542
7;2025-12-10;18;2572
7;2025-12-10;19;1627
7;2025-12-10;20;1048
7;2025-12-10;21;636
7;2025-12-10;22;281
7;2025-12-10;23;184
7;2025-12-11;0;61
7;2025-12-11;1;16
7;2025-12-11;2;0
7;2025-12-11;3;0
7;2025-12-11;4;1
7;2025-12-11;5;184
7;2025-12-11;6;618
7;2025-12-11;7;1591
7;2025-12-11;8;2529
7;2025-12-11;9;1864
7;2025-12-11;10;1620
7;2025-12-11;11;1586
7;2025-12-11;12;1787
7;2025-12-11;13;1565
7;2025-12-11;14;1800
7;2025-12-11;15;1786
7;2025-12-11;16;1929
7;2025-12-11;17;2319
7;2025-12-11;18;2710
7;2025-12-11;19;1641
7;2025-12-11;20;1075
7;2025-12-11;21;634
7;2025-12-11;22;299
7;2025-12-11;23;226
7;2025-12-12;0;78
7;2025-12-12;1;12
7;2025-12-12;2;0
7;2025-12-12;3;0
7;2025-12-12;4;2
7;2025-12-12;5;173
7;2025-12-12;6;602
7;2025-12-12;7;1487
7;2025-12-12;8;2259
7;2025-12-12;9;1716
7;2025-12-12;10;1764
7;2025-12-12;11;1594
7;2025-12-12;12;1671
7;2025-12-12;13;1713
7;2025-12-12;14;1711
7;2025-12-12;15;1861
7;2025-12-12;16;2084
7;2025-12-12;17;2383
7;2025-12-12;18;1998
7;2025-12-12;19;1365
7;2025-12-12;20;981
7;2025-12-12;21;593
7;2025-12-12;22;312
7;2025-12-12;23;247
7;2025-12-13;0;125
7;2025-12-13;1;27
7;2025-12-13;2;0
7;2025-12-13;3;0
7;2025-12-13;4;2
7;2025-12-13;5;51
7;2025-12-13;6;283
7;2025-12-13;7;314
7;2025-12-13;8;729
7;2025-12-13;9;579
7;2025-12-13;10;637
7;2025-12-13;11;723
7;2025-12-13;12;994
7;2025-12-13;13;936
7;2025-12-13;14;874
7;2025-12-13;15;866
7;2025-12-13;16;863
7;2025-12-13;17;861
7;2025-12-13;18;781
7;2025-12-13;19;650
7;2025-12-13;20;576
7;2025-12-13;21;399
7;2025-12-13;22;229
7;2025-12-13;23;188
7;2025-12-14;0;107
7;2025-12-14;1;24
7;2025-12-14;2;0
7;2025-12-14;3;0
7;2025-12-14;4;1
7;2025-12-14;5;29
7;2025-12-14;6;132
7;2025-12-14;7;173
7;2025-12-14;8;400
7;2025-12-14;9;510
7;2025-12-14;10;407
7;2025-12-14;11;579
7;2025-12-14;12;644
7;2025-12-14;13;646
7;2025-12-14;14;679
7;2025-12-14;15;733
7;2025-12-14;16;621
7;2025-12-14;17;645
7;2025-12-14;18;666
7;2025-12-14;19;487
7;2025-12-14;20;402
7;2025-12-14;21;304
7;2025-12-14;22;148
7;2025-12-14;23;127
7;2025-12-15;0;60
7;2025-12-15;1;11
7;2025-12-15;2;0
7;2025-12-15;3;0
7;2025-12-15;4;1
7;2025-12-15;5;187
7;2025-12-15;6;576
7;2025-12-15;7;1616
7;2025-12-15;8;2599
7;2025-12-15;9;1829
7;2025-12-15;10;1662
7;2025-12-15;11;1579
7;2025-12-15;12;1563
7;2025-12-15;13;1621
7;2025-12-15;14;1647
7;2025-12-15;15;1773
7;2025-12-15;16;1820
7;2025-12-15;17;2501
7;2025-12-15;18;2608
7;2025-12-15;19;1773
7;2025-12-15;20;1071
7;2025-12-15;21;618
7;2025-12-15;22;291
7;2025-12-15;23;150
7;2025-12-16;0;59
7;2025-12-16;1;13
7;2025-12-16;2;0
7;2025-12-16;3;0
7;2025-12-16;4;2
7;2025-12-16;5;191
7;2025-12-16;6;600
7;2025-12-16;7;1705
7;2025-12-16;8;2421
7;2025-12-16;9;1971
7;2025-12-16;10;1762
7;2025-12-16;11;1649
7;2025-12-16;12;1752
7;2025-12-16;13;1634
7;2025-12-16;14;1475
7;2025-12-16;15;1797
7;2025-12-16;16;1826
7;2025-12-16;17;2422
7;2025-12-16;18;2669
7;2025-12-16;19;1807
7;2025-12-16;20;1200
7;2025-12-16;21;700
7;2025-12-16;22;325
7;2025-12-16;23;218
7;2025-12-17;0;59
7;2025-12-17;1;9
7;2025-12-17;2;0
7;2025-12-17;3;0
7;2025-12-17;4;2
7;2025-12-17;5;197
7;2025-12-17;6;620
7;2025-12-17;7;1567
7;2025-12-17;8;2477
7;2025-12-17;9;1949
7;2025-12-17;10;1805
7;2025-12-17;11;1609
7;2025-12-17;12;1859
7;2025-12-17;13;1604
7;2025-12-17;14;1631
7;2025-12-17;15;1823
7;2025-12-17;16;1942
7;2025-12-17;17;2542
7;2025-12-17;18;2572
7;2025-12-17;19;1627
7;2025-12-17;20;1048
7;2025-12-17;21;636
7;2025-12-17;22;281
7;2025-12-17;23;184
7;2025-12-18;0;61
7;2025-12-18;1;16
7;2025-12-18;2;0
7;2025-12-18;3;0
7;2025-12-18;4;1
7;2025-12-18;5;184
7;2025-12-18;6;618
7;2025-12-18;7;1591
7;2025-12-18;8;2529
7;2025-12-18;9;1864
7;2025-12-18;10;1620
7;2025-12-18;11;1586
7;2025-12-18;12;1787
7;2025-12-18;13;1565
7;2025-12-18;14;1800
7;2025-12-18;15;1786
7;2025-12-18;16;1929
7;2025-12-18;17;2319
7;2025-12-18;18;2710
7;2025-12-18;19;1641
7;2025-12-18;20;1075
7;2025-12-18;21;634
7;2025-12-18;22;299
7;2025-12-18;23;226
7;2025-12-19;0;78
7;2025-12-19;1;12
7;2025-12-19;2;0
7;2025-12-19;3;0
7;2025-12-19;4;2
7;2025-12-19;5;173
7;2025-12-19;6;602
7;2025-12-19;7;1487
7;2025-12-19;8;2259
7;2025-12-19;9;1716
7;2025-12-19;10;1764
7;2025-12-19;11;1594
7;2025-12-19;12;1671
7;2025-12-19;13;1713
7;2025-12-19;14;1711
7;2025-12-19;15;1861
7;2025-12-19;16;2084
7;2025-12-19;17;2383
7;2025-12-19;18;1998
7;2025-12-19;19;1365
7;2025-12-19;20;981
7;2025-12-19;21;593
7;2025-12-19;22;312
7;2025-12-19;23;247
7;2025-12-20;0;125
7;2025-12-20;1;27
7;2025-12-20;2;0
7;2025-12-20;3;0
7;2025-12-20;4;2
7;2025-12-20;5;51
7;2025-12-20;6;283
7;2025-12-20;7;314
7;2025-12-20;8;729
7;2025-12-20;9;579
7;2025-12-20;10;637
7;2025-12-20;11;723
7;2025-12-20;12;994
7;2025-12-20;13;936
7;2025-12-20;14;874
7;2025-12-20;15;866
7;2025-12-20;16;863
7;2025-12-20;17;861
7;2025-12-20;18;781
7;2025-12-20;19;650
7;2025-12-20;20;576
7;2025-12-20;21;399
7;2025-12-20;22;229
7;2025-12-20;23;188
7;2025-12-21;0;107
7;2025-12-21;1;24
7;2025-12-21;2;0
7;2025-12-21;3;0
7;2025-12-21;4;1
7;2025-12-21;5;29
7;2025-12-21;6;132
7;2025-12-21;7;173
7;2025-12-21;8;400
7;2025-12-21;9;510
7;2025-12-21;10;407
7;2025-12-21;11;579
7;2025-12-21;12;644
7;2025-12-21;13;646
7;2025-12-21;14;679
7;2025-12-21;15;733
7;2025-12-21;16;621
7;2025-12-21;17;645
7;2025-12-21;18;666
7;2025-12-21;19;487
7;2025-12-21;20;402
7;2025-12-21;21;304
7;2025-12-21;22;148
7;2025-12-21;23;127
7;2025-12-22;0;60
7;2025-12-22;1;11
7;2025-12-22;2;0
7;2025-12-22;3;0
7;2025-12-22;4;1
7;2025-12-22;5;187
7;2025-12-22;6;576
7;2025-12-22;7;1616
7;2025-12-22;8;2599
7;2025-12-22;9;1829
7;2025-12-22;10;1662
7;2025-12-22;11;1579
7;2025-12-22;12;1563
7;2025-12-22;13;1621
7;2025-12-22;14;1647
7;2025-12-22;15;1773
7;2025-12-22;16;1820
7;2025-12-22;17;2501
7;2025-12-22;18;2608
7;2025-12-22;19;1773
7;2025-12-22;20;1071
7;2025-12-22;21;618
7;2025-12-22;22;291
7;2025-12-22;23;150
7;2025-12-23;0;59
7;2025-12-23;1;13
7;2025-12-23;2;0
7;2025-12-23;3;0
7;2025-12-23;4;2
7;2025-12-23;5;191
7;2025-12-23;6;600
7;2025-12-23;7;1705
7;2025-12-23;8;2421
7;2025-12-23;9;1971
7;2025-12-23;10;1762
7;2025-12-23;11;1649
7;2025-12-23;12;1752
7;2025-12-23;13;1634
7;2025-12-23;14;1475
7;2025-12-23;15;1797
7;2025-12-23;16;1826
7;2025-12-23;17;2422
7;2025-12-23;18;2669
7;2025-12-23;19;1807
7;2025-12-23;20;1200
7;2025-12-23;21;700
7;2025-12-23;22;325
7;2025-12-23;23;218
7;2025-12-24;0;59
7;2025-12-24;1;9
7;2025-12-24;2;0
7;2025-12-24;3;0
7;2025-12-24;4;2
7;2025-12-24;5;197
7;2025-12-24;6;620
7;2025-12-24;7;1567
7;2025-12-24;8;2477
7;2025-12-24;9;1949
7;2025-12-24;10;1805
7;2025-12-24;11;1609
7;2025-12-24;12;1859
7;2025-12-24;13;1604
7;2025-12-24;14;1631
7;2025-12-24;15;1823
7;2025-12-24;16;1942
7;2025-12-24;17;2542
7;2025-12-24;18;2572
7;2025-12-24;19;1627
7;2025-12-24;20;1048
7;2025-12-24;21;636
7;2025-12-24;22;281
7;2025-12-24;23;184
7;2025-12-25;0;61
7;2025-12-25;1;16
7;2025-12-25;2;0
7;2025-12-25;3;0
7;2025-12-25;4;1
7;2025-12-25;5;184
7;2025-12-25;6;618
7;2025-12-25;7;1591
7;2025-12-25;8;2529
7;2025-12-25;9;1864
7;2025-12-25;10;1620
7;2025-12-25;11;1586
7;2025-12-25;12;1787
7;2025-12-25;13;1565
7;2025-12-25;14;1800
7;2025-12-25;15;1786
7;2025-12-25;16;1929
7;2025-12-25;17;2319
7;2025-12-25;18;2710
7;2025-12-25;19;1641
7;2025-12-25;20;1075
7;2025-12-25;21;634
7;2025-12-25;22;299
7;2025-12-25;23;226
7;2025-12-26;0;78
7;2025-12-26;1;12
7;2025-12-26;2;0
7;2025-12-26;3;0
7;2025-12-26;4;2
7;2025-12-26;5;173
7;2025-12-26;6;602
7;2025-12-26;7;1487
7;2025-12-26;8;2259
7;2025-12-26;9;1716
7;2025-12-26;10;1764
7;2025-12-26;11;1594
7;2025-12-26;12;1671
7;2025-12-26;13;1713
7;2025-12-26;14;1711
7;2025-12-26;15;1861
7;2025-12-26;16;2084
7;2025-12-26;17;2383
7;2025-12-26;18;1998
7;2025-12-26;19;1365
7;2025-12-26;20;981
7;2025-12-26;21;593
7;2025-12-26;22;312
7;2025-12-26;23;247
7;2025-12-27;0;125
7;2025-12-27;1;27
7;2025-12-27;2;0
7;2025-12-27;3;0
7;2025-12-27;4;2
7;2025-12-27;5;51
7;2025-12-27;6;283
7;2025-12-27;7;314
7;2025-12-27;8;729
7;2025-12-27;9;579
7;2025-12-27;10;637
7;2025-12-27;11;723
7;2025-12-27;12;994
7;2025-12-27;13;936
7;2025-12-27;14;874
7;2025-12-27;15;866
7;2025-12-27;16;863
7;2025-12-27;17;861
7;2025-12-27;18;781
7;2025-12-27;19;650
7;2025-12-27;20;576
7;2025-12-27;21;399
7;2025-12-27;22;229
7;2025-12-27;23;188
7;2025-12-28;0;107
7;2025-12-28;1;24
7;2025-12-28;2;0
7;2025-12-28;3;0
7;2025-12-28;4;1
7;2025-12-28;5;29
7;2025-12-28;6;132
7;2025-12-28;7;173
7;2025-12-28;8;400
7;2025-12-28;9;510
7;2025-12-28;10;407
7;2025-12-28;11;579
7;2025-12-28;12;644
7;2025-12-28;13;646
7;2025-12-28;14;679
7;2025-12-28;15;733
7;2025-12-28;16;621
7;2025-12-28;17;645
7;2025-12-28;18;666
7;2025-12-28;19;487
7;2025-12-28;20;402
7;2025-12-28;21;304
7;2025-12-28;22;148
7;2025-12-28;23;127
7;2025-12-29;0;60
7;2025-12-29;1;11
7;2025-12-29;2;0
7;2025-12-29;3;0
7;2025-12-29;4;1
7;2025-12-29;5;187
7;2025-12-29;6;576
7;2025-12-29;7;1616
7;2025-12-29;8;2599
7;2025-12-29;9;1829
7;2025-12-29;10;1662
7;2025-12-29;11;1579
7;2025-12-29;12;1563
7;2025-12-29;13;1621
7;2025-12-29;14;1647
7;2025-12-29;15;1773
7;2025-12-29;16;1820
7;2025-12-29;17;2501
7;2025-12-29;18;2608
7;2025-12-29;19;1773
7;2025-12-29;20;1071
7;2025-12-29;21;618
7;2025-12-29;22;291
7;2025-12-29;23;150
7;2025-12-30;0;59
7;2025-12-30;1;13
7;2025-12-30;2;0
7;2025-12-30;3;0
7;2025-12-30;4;2
7;2025-12-30;5;191
7;2025-12-30;6;600
7;2025-12-30;7;1705
7;2025-12-30;8;2421
7;2025-12-30;9;1971
7;2025-12-30;10;1762
7;2025-12-30;11;1649
7;2025-12-30;12;1752
7;2025-12-30;13;1634
7;2025-12-30;14;1475
7;2025-12-30;15;1797
7;2025-12-30;16;1826
7;2025-12-30;17;2422
7;2025-12-30;18;2669
7;2025-12-30;19;1807
7;2025-12-30;20;1200
7;2025-12-30;21;700
7;2025-12-30;22;325
7;2025-12-30;23;218
7;2025-12-31;0;97
7;2025-12-31;1;23
7;2025-12-31;2;0
7;2025-12-31;3;0
7;2025-12-31;4;1
7;2025-12-31;5;69
7;2025-12-31;6;261
7;2025-12-31;7;470
7;2025-12-31;8;712
7;2025-12-31;9;773
7;2025-12-31;10;753
7;2025-12-31;11;961
7;2025-12-31;12;1083
7;2025-12-31;13;1136
7;2025-12-31;14;1111
7;2025-12-31;15;978
7;2025-12-31;16;912
7;2025-12-31;17;845
7;2025-12-31;18;935
7;2025-12-31;19;937
7;2025-12-31;20;762
7;2025-12-31;21;565
7;2025-12-31;22;367
7;2025-12-31;23;207
11;2025-11-01;0;109
11;2025-11-01;1;2
11;2025-11-01;2;0
11;2025-11-01;3;0
11;2025-11-01;4;0
11;2025-11-01;5;169
11;2025-11-01;6;836
11;2025-11-01;7;782
11;2025-11-01;8;1062
11;2025-11-01;9;1197
11;2025-11-01;10;1414
11;2025-11-01;11;1738
11;2025-11-01;12;1980
11;2025-11-01;13;1825
11;2025-11-01;14;2088
11;2025-11-01;15;1956
11;2025-11-01;16;1786
11;2025-11-01;17;1918
11;2025-11-01;18;1519
11;2025-11-01;19;1485
11;2025-11-01;20;986
11;2025-11-01;21;726
11;2025-11-01;22;414
11;2025-11-01;23;282
11;2025-11-02;0;115
11;2025-11-02;1;16
11;2025-11-02;2;0
11;2025-11-02;3;0
11;2025-11-02;4;0
11;2025-11-02;5;105
11;2025-11-02;6;496
11;2025-11-02;7;488
11;2025-11-02;8;685
11;2025-11-02;9;938
11;2025-11-02;10;1045
11;2025-11-02;11;1524
11;2025-11-02;12;1621
11;2025-11-02;13;1549
11;2025-11-02;14;1663
11;2025-11-02;15;1594
11;2025-11-02;16;1552
11;2025-11-02;17;1716
11;2025-11-02;18;1226
11;2025-11-02;19;1014
11;2025-11-02;20;760
11;2025-11-02;21;601
11;2025-11-02;22;349
11;2025-11-02;23;245
11;2025-11-03;0;98
11;2025-11-03;1;7
11;2025-11-03;2;0
11;2025-11-03;3;0
11;2025-11-03;4;4
11;2025-11-03;5;218
11;2025-11-03;6;747
11;2025-11-03;7;633
11;2025-11-03;8;755
11;2025-11-03;9;880
11;2025-11-03;10;985
11;2025-11-03;11;1300
11;2025-11-03;12;1444
11;2025-11-03;13;1330
11;2025-11-03;14;1478
11;2025-11-03;15;1481
11;2025-11-03;16;1358
11;2025-11-03;17;1403
11;2025-11-03;18;1361
11;2025-11-03;19;1366
11;2025-11-03;20;1256
11;2025-11-03;21;912
11;2025-11-03;22;544
11;2025-11-03;23;333
11;2025-11-04;0;98
11;2025-11-04;1;7
11;2025-11-04;2;0
11;2025-11-04;3;0
11;2025-11-04;4;4
11;2025-11-04;5;218
11;2025-11-04;6;747
11;2025-11-04;7;633
11;2025-11-04;8;755
11;2025-11-04;9;880
11;2025-11-04;10;985
11;2025-11-04;11;1300
11;2025-11-04;12;1444
11;2025-11-04;13;1330
11;2025-11-04;14;1478
11;2025-11-04;15;1481
11;2025-11-04;16;1358
11;2025-11-04;17;1403
11;2025-11-04;18;1361
11;2025-11-04;19;1366
11;2025-11-04;20;1256
11;2025-11-04;21;912
11;2025-11-04;22;544
11;2025-11-04;23;333
11;2025-11-05;0;69
11;2025-11-05;1;0
11;2025-11-05;2;0
11;2025-11-05;3;0
11;2025-11-05;4;0
11;2025-11-05;5;258
11;2025-11-05;6;1248
11;2025-11-05;7;2523
11;2025-11-05;8;3166
11;2025-11-05;9;2396
11;2025-11-05;10;1963
11;2025-11-05;11;1995
11;2025-11-05;12;1979
11;2025-11-05;13;2130
11;2025-11-05;14;2018
11;2025-11-05;15;1871
11;2025-11-05;16;2007
11;2025-11-05;17;2605
11;2025-11-05;18;3099
11;2025-11-05;19;2209
11;2025-11-05;20;1379
11;2025-11-05;21;771
11;2025-11-05;22;393
11;2025-11-05;23;251
11;2025-11-06;0;55
11;2025-11-06;1;0
11;2025-11-06;2;0
11;2025-11-06;3;0
11;2025-11-06;4;0
11;2025-11-06;5;245
11;2025-11-06;6;1340
11;2025-11-06;7;2494
11;2025-11-06;8;3256
11;2025-11-06;9;2488
11;2025-11-06;10;2194
11;2025-11-06;11;1872
11;2025-11-06;12;2139
11;2025-11-06;13;2166
11;2025-11-06;14;2192
11;2025-11-06;15;1839
11;2025-11-06;16;2330
11;2025-11-06;17;2794
11;2025-11-06;18;3297
11;2025-11-06;19;2292
11;2025-11-06;20;1478
11;2025-11-06;21;901
11;2025-11-06;22;398
11;2025-11-06;23;256
11;2025-11-07;0;72
11;2025-11-07;1;2
11;2025-11-07;2;0
11;2025-11-07;3;0
11;2025-11-07;4;0
11;2025-11-07;5;262
11;2025-11-07;6;1315
11;2025-11-07;7;2449
11;2025-11-07;8;3320
11;2025-11-07;9;2273
11;2025-11-07;10;1886
11;2025-11-07;11;1763
11;2025-11-07;12;1931
11;2025-11-07;13;1881
11;2025-11-07;14;2078
11;2025-11-07;15;2018
11;2025-11-07;16;2308
11;2025-11-07;17;2850
11;2025-11-07;18;2421
11;2025-11-07;19;1903
11;2025-11-07;20;1330
11;2025-11-07;21;841
11;2025-11-07;22;374
11;2025-11-07;23;331
11;2025-11-08;0;109
11;2025-11-08;1;2
11;2025-11-08;2;0
11;2025-11-08;3;0
11;2025-11-08;4;0
11;2025-11-08;5;169
11;2025-11-08;6;836
11;2025-11-08;7;782
11;2025-11-08;8;1062
11;2025-11-08;9;1197
11;2025-11-08;10;1414
11;2025-11-08;11;1738
11;2025-11-08;12;1980
11;2025-11-08;13;1825
11;2025-11-08;14;2088
11;2025-11-08;15;1956
11;2025-11-08;16;1786
11;2025-11-08;17;1918
11;2025-11-08;18;1519
11;2025-11-08;19;1485
11;2025-11-08;20;986
11;2025-11-08;21;726
11;2025-11-08;22;414
11;2025-11-08;23;282
11;2025-11-09;0;115
11;2025-11-09;1;16
11;2025-11-09;2;0
11;2025-11-09;3;0
11;2025-11-09;4;0
11;2025-11-09;5;105
11;2025-11-09;6;496
11;2025-11-09;7;488
11;2025-11-09;8;685
11;2025-11-09;9;938
11;2025-11-09;10;1045
11;2025-11-09;11;1524
11;2025-11-09;12;1621
11;2025-11-09;13;1549
11;2025-11-09;14;1663
11;2025-11-09;15;1594
11;2025-11-09;16;1552
11;2025-11-09;17;1716
11;2025-11-09;18;1226
11;2025-11-09;19;1014
11;2025-11-09;20;760
11;2025-11-09;21;601
11;2025-11-09;22;349
11;2025-11-09;23;245
11;2025-11-10;0;75
11;2025-11-10;1;13
11;2025-11-10;2;0
11;2025-11-10;3;0
11;2025-11-10;4;1
11;2025-11-10;5;241
11;2025-11-10;6;1362
11;2025-11-10;7;2425
11;2025-11-10;8;3198
11;2025-11-10;9;2371
11;2025-11-10;10;1910
11;2025-11-10;11;1924
11;2025-11-10;12;1850
11;2025-11-10;13;1891
11;2025-11-10;14;2034
11;2025-11-10;15;2121
11;2025-11-10;16;2234
11;2025-11-10;17;2799
11;2025-11-10;18;2939
11;2025-11-10;19;2212
11;2025-11-10;20;1186
11;2025-11-10;21;788
11;2025-11-10;22;325
11;2025-11-10;23;209
11;2025-11-11;0;46
11;2025-11-11;1;0
11;2025-11-11;2;0
11;2025-11-11;3;0
11;2025-11-11;4;0
11;2025-11-11;5;230
11;2025-11-11;6;1315
11;2025-11-11;7;2459
11;2025-11-11;8;3359
11;2025-11-11;9;2524
11;2025-11-11;10;2042
11;2025-11-11;11;1875
11;2025-11-11;12;1948
11;2025-11-11;13;2139
11;2025-11-11;14;1972
11;2025-11-11;15;1928
11;2025-11-11;16;2181
11;2025-11-11;17;2877
11;2025-11-11;18;3032
11;2025-11-11;19;2337
11;2025-11-11;20;1586
11;2025-11-11;21;806
11;2025-11-11;22;364
11;2025-11-11;23;235
11;2025-11-12;0;69
11;2025-11-12;1;0
11;2025-11-12;2;0
11;2025-11-12;3;0
11;2025-11-12;4;0
11;2025-11-12;5;258
11;2025-11-12;6;1248
11;2025-11-12;7;2523
11;2025-11-12;8;3166
11;2025-11-12;9;2396
11;2025-11-12;10;1963
11;2025-11-12;11;1995
11;2025-11-12;12;1979
11;2025-11-12;13;2130
11;2025-11-12;14;2018
11;2025-11-12;15;1871
11;2025-11-12;16;2007
11;2025-11-12;17;2605
11;2025-11-12;18;3099
11;2025-11-12;19;2209
11;2025-11-12;20;1379
11;2025-11-12;21;771
11;2025-11-12;22;393
11;2025-11-12;23;251
11;2025-11-13;0;55
11;2025-11-13;1;0
11;2025-11-13;2;0
11;2025-11-13;3;0
11;2025-11-13;4;0
11;2025-11-13;5;245
11;2025-11-13;6;1340
11;2025-11-13;7;2494
11;2025-11-13;8;3256
11;2025-11-13;9;2488
11;2025-11-13;10;2194
11;2025-11-13;11;1872
11;2025-11-13;12;2139
11;2025-11-13;13;2166
11;2025-11-13;14;2192
11;2025-11-13;15;1839
11;2025-11-13;16;2330
11;2025-11-13;17;2794
11;2025-11-13;18;3297
11;2025-11-13;19;2292
11;2025-11-13;20;1478
11;2025-11-13;21;901
11;2025-11-13;22;398
11;2025-11-13;23;256
11;2025-11-14;0;72
11;2025-11-14;1;2
11;2025-11-14;2;0
11;2025-11-14;3;0
11;2025-11-14;4;0
11;2025-11-14;5;262
11;2025-11-14;6;1315
11;2025-11-14;7;2449
11;2025-11-14;8;3320
11;2025-11-14;9;2273
11;2025-11-14;10;1886
11;2025-11-14;11;1763
11;2025-11-14;12;1931
11;2025-11-14;13;1881
11;2025-11-14;14;2078
11;2025-11-14;15;2018
11;2025-11-14;16;2308
11;2025-11-14;17;2850
11;2025-11-14;18;2421
11;2025-11-14;19;1903
11;2025-11-14;20;1330
11;2025-11-14;21;841
11;2025-11-14;22;374
11;2025-11-14;23;331
11;2025-11-15;0;109
11;2025-11-15;1;2
11;2025-11-15;2;0
11;2025-11-15;3;0
11;2025-11-15;4;0
11;2025-11-15;5;169
11;2025-11-15;6;836
11;2025-11-15;7;782
11;2025-11-15;8;1062
11;2025-11-15;9;1197
11;2025-11-15;10;1414
11;2025-11-15;11;1738
11;2025-11-15;12;1980
11;2025-11-15;13;1825
11;2025-11-15;14;2088
11;2025-11-15;15;1956
11;2025-11-15;16;1786
11;2025-11-15;17;1918
11;2025-11-15;18;1519
11;2025-11-15;19;1485
11;2025-11-15;20;986
11;2025-11-15;21;726
11;2025-11-15;22;414
11;2025-11-15;23;282
11;2025-11-16;0;115
11;2025-11-16;1;16
11;2025-11-16;2;0
11;2025-11-16;3;0
11;2025-11-16;4;0
11;2025-11-16;5;105
11;2025-11-16;6;496
11;2025-11-16;7;488
11;2025-11-16;8;685
11;2025-11-16;9;938
11;2025-11-16;10;1045
11;2025-11-16;11;1524
11;2025-11-16;12;1621
11;2025-11-16;13;1549
11;2025-11-16;14;1663
11;2025-11-16;15;1594
11;2025-11-16;16;1552
11;2025-11-16;17;1716
11;2025-11-16;18;1226
11;2025-11-16;19;1014
11;2025-11-16;20;760
11;2025-11-16;21;601
11;2025-11-16;22;349
11;2025-11-16;23;245
11;2025-11-17;0;75
11;2025-11-17;1;13
11;2025-11-17;2;0
11;2025-11-17;3;0
11;2025-11-17;4;1
11;2025-11-17;5;241
11;2025-11-17;6;1362
11;2025-11-17;7;2425
11;2025-11-17;8;3198
11;2025-11-17;9;2371
11;2025-11-17;10;1910
11;2025-11-17;11;1924
11;2025-11-17;12;1850
11;2025-11-17;13;1891
11;2025-11-17;14;2034
11;2025-11-17;15;2121
11;2025-11-17;16;2234
11;2025-11-17;17;2799
11;2025-11-17;18;2939
11;2025-11-17;19;2212
11;2025-11-17;20;1186
11;2025-11-17;21;788
11;2025-11-17;22;325
11;2025-11-17;23;209
11;2025-11-18;0;46
11;2025-11-18;1;0
11;2025-11-18;2;0
11;2025-11-18;3;0
11;2025-11-18;4;0
11;2025-11-18;5;230
11;2025-11-18;6;1315
11;2025-11-18;7;2459
11;2025-11-18;8;3359
11;2025-11-18;9;2524
11;2025-11-18;10;2041
11;2025-11-18;11;1875
11;2025-11-18;12;1948
11;2025-11-18;13;2139
11;2025-11-18;14;1972
11;2025-11-18;15;1928
11;2025-11-18;16;2181
11;2025-11-18;17;2877
11;2025-11-18;18;3032
11;2025-11-18;19;2337
11;2025-11-18;20;1586
11;2025-11-18;21;806
11;2025-11-18;22;364
11;2025-11-18;23;235
11;2025-11-19;0;69
11;2025-11-19;1;0
11;2025-11-19;2;0
11;2025-11-19;3;0
11;2025-11-19;4;0
11;2025-11-19;5;258
11;2025-11-19;6;1248
11;2025-11-19;7;2523
11;2025-11-19;8;3166
11;2025-11-19;9;2396
11;2025-11-19;10;1963
11;2025-11-19;11;1995
11;2025-11-19;12;1979
11;2025-11-19;13;2130
11;2025-11-19;14;2018
11;2025-11-19;15;1871
11;2025-11-19;16;2007
11;2025-11-19;17;2605
11;2025-11-19;18;3099
11;2025-11-19;19;2209
11;2025-11-19;20;1379
11;2025-11-19;21;771
11;2025-11-19;22;393
11;2025-11-19;23;251
11;2025-11-20;0;55
11;2025-11-20;1;0
11;2025-11-20;2;0
11;2025-11-20;3;0
11;2025-11-20;4;0
11;2025-11-20;5;245
11;2025-11-20;6;1340
11;2025-11-20;7;2494
11;2025-11-20;8;3256
11;2025-11-20;9;2488
11;2025-11-20;10;2194
11;2025-11-20;11;1872
11;2025-11-20;12;2139
11;2025-11-20;13;2166
11;2025-11-20;14;2192
11;2025-11-20;15;1839
11;2025-11-20;16;2330
11;2025-11-20;17;2794
11;2025-11-20;18;3297
11;2025-11-20;19;2292
11;2025-11-20;20;1478
11;2025-11-20;21;901
11;2025-11-20;22;398
11;2025-11-20;23;256
11;2025-11-21;0;72
11;2025-11-21;1;2
11;2025-11-21;2;0
11;2025-11-21;3;0
11;2025-11-21;4;0
11;2025-11-21;5;262
11;2025-11-21;6;1315
11;2025-11-21;7;2449
11;2025-11-21;8;3320
11;2025-11-21;9;2273
11;2025-11-21;10;1886
11;2025-11-21;11;1763
11;2025-11-21;12;1931
11;2025-11-21;13;1881
11;2025-11-21;14;2078
11;2025-11-21;15;2018
11;2025-11-21;16;2308
11;2025-11-21;17;2850
11;2025-11-21;18;2421
11;2025-11-21;19;1903
11;2025-11-21;20;1330
11;2025-11-21;21;841
11;2025-11-21;22;374
11;2025-11-21;23;331
11;2025-11-22;0;109
11;2025-11-22;1;2
11;2025-11-22;2;0
11;2025-11-22;3;0
11;2025-11-22;4;0
11;2025-11-22;5;169
11;2025-11-22;6;836
11;2025-11-22;7;782
11;2025-11-22;8;1062
11;2025-11-22;9;1197
11;2025-11-22;10;1414
11;2025-11-22;11;1738
11;2025-11-22;12;1980
11;2025-11-22;13;1825
11;2025-11-22;14;2088
11;2025-11-22;15;1956
11;2025-11-22;16;1786
11;2025-11-22;17;1918
11;2025-11-22;18;1519
11;2025-11-22;19;1485
11;2025-11-22;20;986
11;2025-11-22;21;726
11;2025-11-22;22;414
11;2025-11-22;23;282
11;2025-11-23;0;115
11;2025-11-23;1;16
11;2025-11-23;2;0
11;2025-11-23;3;0
11;2025-11-23;4;0
11;2025-11-23;5;105
11;2025-11-23;6;496
11;2025-11-23;7;488
11;2025-11-23;8;685
11;2025-11-23;9;938
11;2025-11-23;10;1045
11;2025-11-23;11;1524
11;2025-11-23;12;1621
11;2025-11-23;13;1549
11;2025-11-23;14;1663
11;2025-11-23;15;1594
11;2025-11-23;16;1552
11;2025-11-23;17;1716
11;2025-11-23;18;1226
11;2025-11-23;19;1014
11;2025-11-23;20;760
11;2025-11-23;21;601
11;2025-11-23;22;349
11;2025-11-23;23;245
11;2025-11-24;0;75
11;2025-11-24;1;13
11;2025-11-24;2;0
11;2025-11-24;3;0
11;2025-11-24;4;1
11;2025-11-24;5;241
11;2025-11-24;6;1362
11;2025-11-24;7;2425
11;2025-11-24;8;3198
11;2025-11-24;9;2371
11;2025-11-24;10;1910
11;2025-11-24;11;1924
11;2025-11-24;12;1850
11;2025-11-24;13;1891
11;2025-11-24;14;2034
11;2025-11-24;15;2121
11;2025-11-24;16;2234
11;2025-11-24;17;2799
11;2025-11-24;18;2939
11;2025-11-24;19;2212
11;2025-11-24;20;1186
11;2025-11-24;21;788
11;2025-11-24;22;325
11;2025-11-24;23;209
11;2025-11-25;0;46
11;2025-11-25;1;0
11;2025-11-25;2;0
11;2025-11-25;3;0
11;2025-11-25;4;0
11;2025-11-25;5;230
11;2025-11-25;6;1315
11;2025-11-25;7;2459
11;2025-11-25;8;3359
11;2025-11-25;9;2524
11;2025-11-25;10;2042
11;2025-11-25;11;1875
11;2025-11-25;12;1948
11;2025-11-25;13;2139
11;2025-11-25;14;1972
11;2025-11-25;15;1928
11;2025-11-25;16;2181
11;2025-11-25;17;2877
11;2025-11-25;18;3032
11;2025-11-25;19;2337
11;2025-11-25;20;1586
11;2025-11-25;21;806
11;2025-11-25;22;364
11;2025-11-25;23;235
11;2025-11-26;0;69
11;2025-11-26;1;0
11;2025-11-26;2;0
11;2025-11-26;3;0
11;2025-11-26;4;0
11;2025-11-26;5;258
11;2025-11-26;6;1248
11;2025-11-26;7;2523
11;2025-11-26;8;3166
11;2025-11-26;9;2396
11;2025-11-26;10;1963
11;2025-11-26;11;1995
11;2025-11-26;12;1979
11;2025-11-26;13;2130
11;2025-11-26;14;2018
11;2025-11-26;15;1871
11;2025-11-26;16;2007
11;2025-11-26;17;2605
11;2025-11-26;18;3099
11;2025-11-26;19;2209
11;2025-11-26;20;1379
11;2025-11-26;21;771
11;2025-11-26;22;393
11;2025-11-26;23;251
11;2025-11-27;0;55
11;2025-11-27;1;0
11;2025-11-27;2;0
11;2025-11-27;3;0
11;2025-11-27;4;0
11;2025-11-27;5;245
11;2025-11-27;6;1340
11;2025-11-27;7;2494
11;2025-11-27;8;3256
11;2025-11-27;9;2488
11;2025-11-27;10;2194
11;2025-11-27;11;1872
11;2025-11-27;12;2139
11;2025-11-27;13;2166
11;2025-11-27;14;2192
11;2025-11-27;15;1839
11;2025-11-27;16;2330
11;2025-11-27;17;2794
11;2025-11-27;18;3297
11;2025-11-27;19;2292
11;2025-11-27;20;1478
11;2025-11-27;21;901
11;2025-11-27;22;398
11;2025-11-27;23;256
11;2025-11-28;0;72
11;2025-11-28;1;2
11;2025-11-28;2;0
11;2025-11-28;3;0
11;2025-11-28;4;0
11;2025-11-28;5;262
11;2025-11-28;6;1315
11;2025-11-28;7;2449
11;2025-11-28;8;3320
11;2025-11-28;9;2273
11;2025-11-28;10;1886
11;2025-11-28;11;1763
11;2025-11-28;12;1931
11;2025-11-28;13;1881
11;2025-11-28;14;2078
11;2025-11-28;15;2018
11;2025-11-28;16;2308
11;2025-11-28;17;2850
11;2025-11-28;18;2421
11;2025-11-28;19;1903
11;2025-11-28;20;1330
11;2025-11-28;21;841
11;2025-11-28;22;374
11;2025-11-28;23;331
11;2025-11-29;0;109
11;2025-11-29;1;2
11;2025-11-29;2;0
11;2025-11-29;3;0
11;2025-11-29;4;0
11;2025-11-29;5;169
11;2025-11-29;6;836
11;2025-11-29;7;782
11;2025-11-29;8;1062
11;2025-11-29;9;1197
11;2025-11-29;10;1414
11;2025-11-29;11;1738
11;2025-11-29;12;1980
11;2025-11-29;13;1825
11;2025-11-29;14;2088
11;2025-11-29;15;1956
11;2025-11-29;16;1786
11;2025-11-29;17;1918
11;2025-11-29;18;1519
11;2025-11-29;19;1485
11;2025-11-29;20;986
11;2025-11-29;21;726
11;2025-11-29;22;414
11;2025-11-29;23;282
11;2025-11-30;0;115
11;2025-11-30;1;16
11;2025-11-30;2;0
11;2025-11-30;3;0
11;2025-11-30;4;0
11;2025-11-30;5;105
11;2025-11-30;6;496
11;2025-11-30;7;488
11;2025-11-30;8;685
11;2025-11-30;9;938
11;2025-11-30;10;1045
11;2025-11-30;11;1524
11;2025-11-30;12;1621
11;2025-11-30;13;1549
11;2025-11-30;14;1663
11;2025-11-30;15;1594
11;2025-11-30;16;1552
11;2025-11-30;17;1716
11;2025-11-30;18;1226
11;2025-11-30;19;1014
11;2025-11-30;20;760
11;2025-11-30;21;601
11;2025-11-30;22;349
11;2025-11-30;23;245
11;2025-12-01;0;75
11;2025-12-01;1;13
11;2025-12-01;2;0
11;2025-12-01;3;0
11;2025-12-01;4;1
11;2025-12-01;5;241
11;2025-12-01;6;1362
11;2025-12-01;7;2425
11;2025-12-01;8;3198
11;2025-12-01;9;2371
11;2025-12-01;10;1910
11;2025-12-01;11;1924
11;2025-12-01;12;1850
11;2025-12-01;13;1891
11;2025-12-01;14;2034
11;2025-12-01;15;2121
11;2025-12-01;16;2234
11;2025-12-01;17;2799
11;2025-12-01;18;2939
11;2025-12-01;19;2212
11;2025-12-01;20;1186
11;2025-12-01;21;788
11;2025-12-01;22;325
11;2025-12-01;23;209
11;2025-12-02;0;46
11;2025-12-02;1;0
11;2025-12-02;2;0
11;2025-12-02;3;0
11;2025-12-02;4;0
11;2025-12-02;5;230
11;2025-12-02;6;1315
11;2025-12-02;7;2459
11;2025-12-02;8;3359
11;2025-12-02;9;2524
11;2025-12-02;10;2042
11;2025-12-02;11;1875
11;2025-12-02;12;1948
11;2025-12-02;13;2139
11;2025-12-02;14;1972
11;2025-12-02;15;1928
11;2025-12-02;16;2181
11;2025-12-02;17;2877
11;2025-12-02;18;3032
11;2025-12-02;19;2337
11;2025-12-02;20;1586
11;2025-12-02;21;806
11;2025-12-02;22;364
11;2025-12-02;23;235
11;2025-12-03;0;69
11;2025-12-03;1;0
11;2025-12-03;2;0
11;2025-12-03;3;0
11;2025-12-03;4;0
11;2025-12-03;5;258
11;2025-12-03;6;1248
11;2025-12-03;7;2523
11;2025-12-03;8;3166
11;2025-12-03;9;2396
11;2025-12-03;10;1963
11;2025-12-03;11;1995
11;2025-12-03;12;1979
11;2025-12-03;13;2130
11;2025-12-03;14;2018
11;2025-12-03;15;1871
11;2025-12-03;16;2007
11;2025-12-03;17;2605
11;2025-12-03;18;3099
11;2025-12-03;19;2209
11;2025-12-03;20;1379
11;2025-12-03;21;771
11;2025-12-03;22;393
11;2025-12-03;23;251
11;2025-12-04;0;55
11;2025-12-04;1;0
11;2025-12-04;2;0
11;2025-12-04;3;0
11;2025-12-04;4;0
11;2025-12-04;5;245
11;2025-12-04;6;1340
11;2025-12-04;7;2494
11;2025-12-04;8;3256
11;2025-12-04;9;2488
11;2025-12-04;10;2194
11;2025-12-04;11;1872
11;2025-12-04;12;2139
11;2025-12-04;13;2166
11;2025-12-04;14;2192
11;2025-12-04;15;1839
11;2025-12-04;16;2330
11;2025-12-04;17;2794
11;2025-12-04;18;3297
11;2025-12-04;19;2292
11;2025-12-04;20;1478
11;2025-12-04;21;901
11;2025-12-04;22;398
11;2025-12-04;23;256
11;2025-12-05;0;72
11;2025-12-05;1;2
11;2025-12-05;2;0
11;2025-12-05;3;0
11;2025-12-05;4;0
11;2025-12-05;5;262
11;2025-12-05;6;1315
11;2025-12-05;7;2449
11;2025-12-05;8;3320
11;2025-12-05;9;2273
11;2025-12-05;10;1886
11;2025-12-05;11;1763
11;2025-12-05;12;1931
11;2025-12-05;13;1881
11;2025-12-05;14;2078
11;2025-12-05;15;2018
11;2025-12-05;16;2308
11;2025-12-05;17;2850
11;2025-12-05;18;2421
11;2025-12-05;19;1903
11;2025-12-05;20;1330
11;2025-12-05;21;841
11;2025-12-05;22;374
11;2025-12-05;23;331
11;2025-12-06;0;109
11;2025-12-06;1;2
11;2025-12-06;2;0
11;2025-12-06;3;0
11;2025-12-06;4;0
11;2025-12-06;5;169
11;2025-12-06;6;836
11;2025-12-06;7;782
11;2025-12-06;8;1062
11;2025-12-06;9;1197
11;2025-12-06;10;1414
11;2025-12-06;11;1738
11;2025-12-06;12;1980
11;2025-12-06;13;1825
11;2025-12-06;14;2088
11;2025-12-06;15;1956
11;2025-12-06;16;1786
11;2025-12-06;17;1918
11;2025-12-06;18;1519
11;2025-12-06;19;1485
11;2025-12-06;20;986
11;2025-12-06;21;726
11;2025-12-06;22;414
11;2025-12-06;23;282
11;2025-12-07;0;115
11;2025-12-07;1;16
11;2025-12-07;2;0
11;2025-12-07;3;0
11;2025-12-07;4;0
11;2025-12-07;5;105
11;2025-12-07;6;496
11;2025-12-07;7;488
11;2025-12-07;8;685
11;2025-12-07;9;938
11;2025-12-07;10;1045
11;2025-12-07;11;1524
11;2025-12-07;12;1621
11;2025-12-07;13;1549
11;2025-12-07;14;1663
11;2025-12-07;15;1594
11;2025-12-07;16;1552
11;2025-12-07;17;1716
11;2025-12-07;18;1226
11;2025-12-07;19;1014
11;2025-12-07;20;760
11;2025-12-07;21;601
11;2025-12-07;22;349
11;2025-12-07;23;245
11;2025-12-08;0;75
11;2025-12-08;1;13
11;2025-12-08;2;0
11;2025-12-08;3;0
11;2025-12-08;4;1
11;2025-12-08;5;241
11;2025-12-08;6;1362
11;2025-12-08;7;2425
11;2025-12-08;8;3198
11;2025-12-08;9;2371
11;2025-12-08;10;1910
11;2025-12-08;11;1924
11;2025-12-08;12;1850
11;2025-12-08;13;1891
11;2025-12-08;14;2034
11;2025-12-08;15;2121
11;2025-12-08;16;2234
11;2025-12-08;17;2799
11;2025-12-08;18;2939
11;2025-12-08;19;2212
11;2025-12-08;20;1186
11;2025-12-08;21;788
11;2025-12-08;22;325
11;2025-12-08;23;209
11;2025-12-09;0;46
11;2025-12-09;1;0
11;2025-12-09;2;0
11;2025-12-09;3;0
11;2025-12-09;4;0
11;2025-12-09;5;230
11;2025-12-09;6;1315
11;2025-12-09;7;2459
11;2025-12-09;8;3359
11;2025-12-09;9;2524
11;2025-12-09;10;2042
11;2025-12-09;11;1875
11;2025-12-09;12;1948
11;2025-12-09;13;2139
11;2025-12-09;14;1972
11;2025-12-09;15;1928
11;2025-12-09;16;2181
11;2025-12-09;17;2877
11;2025-12-09;18;3032
11;2025-12-09;19;2337
11;2025-12-09;20;1586
11;2025-12-09;21;806
11;2025-12-09;22;364
11;2025-12-09;23;235
11;2025-12-10;0;69
11;2025-12-10;1;0
11;2025-12-10;2;0
11;2025-12-10;3;0
11;2025-12-10;4;0
11;2025-12-10;5;258
11;2025-12-10;6;1248
11;2025-12-10;7;2523
11;2025-12-10;8;3166
11;2025-12-10;9;2396
11;2025-12-10;10;1963
11;2025-12-10;11;1995
11;2025-12-10;12;1979
11;2025-12-10;13;2130
11;2025-12-10;14;2018
11;2025-12-10;15;1871
11;2025-12-10;16;2007
11;2025-12-10;17;2605
11;2025-12-10;18;3099
11;2025-12-10;19;2209
11;2025-12-10;20;1379
11;2025-12-10;21;771
11;2025-12-10;22;393
11;2025-12-10;23;251
11;2025-12-11;0;55
11;2025-12-11;1;0
11;2025-12-11;2;0
11;2025-12-11;3;0
11;2025-12-11;4;0
11;2025-12-11;5;245
11;2025-12-11;6;1340
11;2025-12-11;7;2494
11;2025-12-11;8;3256
11;2025-12-11;9;2488
11;2025-12-11;10;2194
11;2025-12-11;11;1872
11;2025-12-11;12;2139
11;2025-12-11;13;2166
11;2025-12-11;14;2192
11;2025-12-11;15;1839
11;2025-12-11;16;2330
11;2025-12-11;17;2794
11;2025-12-11;18;3297
11;2025-12-11;19;2292
11;2025-12-11;20;1478
11;2025-12-11;21;901
11;2025-12-11;22;398
11;2025-12-11;23;256
11;2025-12-12;0;72
11;2025-12-12;1;2
11;2025-12-12;2;0
11;2025-12-12;3;0
11;2025-12-12;4;0
11;2025-12-12;5;262
11;2025-12-12;6;1315
11;2025-12-12;7;2449
11;2025-12-12;8;3320
11;2025-12-12;9;2273
11;2025-12-12;10;1886
11;2025-12-12;11;1763
11;2025-12-12;12;1931
11;2025-12-12;13;1881
11;2025-12-12;14;2078
11;2025-12-12;15;2018
11;2025-12-12;16;2308
11;2025-12-12;17;2850
11;2025-12-12;18;2421
11;2025-12-12;19;1903
11;2025-12-12;20;1330
11;2025-12-12;21;841
11;2025-12-12;22;374
11;2025-12-12;23;331
11;2025-12-13;0;109
11;2025-12-13;1;2
11;2025-12-13;2;0
11;2025-12-13;3;0
11;2025-12-13;4;0
11;2025-12-13;5;169
11;2025-12-13;6;836
11;2025-12-13;7;782
11;2025-12-13;8;1062
11;2025-12-13;9;1197
11;2025-12-13;10;1414
11;2025-12-13;11;1738
11;2025-12-13;12;1980
11;2025-12-13;13;1825
11;2025-12-13;14;2088
11;2025-12-13;15;1956
11;2025-12-13;16;1786
11;2025-12-13;17;1918
11;2025-12-13;18;1519
11;2025-12-13;19;1485
11;2025-12-13;20;986
11;2025-12-13;21;726
11;2025-12-13;22;414
11;2025-12-13;23;282
11;2025-12-14;0;115
11;2025-12-14;1;16
11;2025-12-14;2;0
11;2025-12-14;3;0
11;2025-12-14;4;0
11;2025-12-14;5;105
11;2025-12-14;6;496
11;2025-12-14;7;488
11;2025-12-14;8;685
11;2025-12-14;9;938
11;2025-12-14;10;1045
11;2025-12-14;11;1524
11;2025-12-14;12;1621
11;2025-12-14;13;1549
11;2025-12-14;14;1663
11;2025-12-14;15;1594
11;2025-12-14;16;1552
11;2025-12-14;17;1716
11;2025-12-14;18;1226
11;2025-12-14;19;1014
11;2025-12-14;20;760
11;2025-12-14;21;601
11;2025-12-14;22;349
11;2025-12-14;23;245
11;2025-12-15;0;75
11;2025-12-15;1;13
11;2025-12-15;2;0
11;2025-12-15;3;0
11;2025-12-15;4;1
11;2025-12-15;5;241
11;2025-12-15;6;1362
11;2025-12-15;7;2425
11;2025-12-15;8;3198
11;2025-12-15;9;2371
11;2025-12-15;10;1910
11;2025-12-15;11;1924
11;2025-12-15;12;1850
11;2025-12-15;13;1891
11;2025-12-15;14;2034
11;2025-12-15;15;2121
11;2025-12-15;16;2234
11;2025-12-15;17;2799
11;2025-12-15;18;2939
11;2025-12-15;19;2212
11;2025-12-15;20;1186
11;2025-12-15;21;788
11;2025-12-15;22;325
11;2025-12-15;23;209
11;2025-12-16;0;46
11;2025-12-16;1;0
11;2025-12-16;2;0
11;2025-12-16;3;0
11;2025-12-16;4;0
11;2025-12-16;5;230
11;2025-12-16;6;1315
11;2025-12-16;7;2459
11;2025-12-16;8;3359
11;2025-12-16;9;2524
11;2025-12-16;10;2041
11;2025-12-16;11;1875
11;2025-12-16;12;1948
11;2025-12-16;13;2139
11;2025-12-16;14;1972
11;2025-12-16;15;1928
11;2025-12-16;16;2181
11;2025-12-16;17;2877
11;2025-12-16;18;3032
11;2025-12-16;19;2337
11;2025-12-16;20;1586
11;2025-12-16;21;806
11;2025-12-16;22;364
11;2025-12-16;23;235
11;2025-12-17;0;69
11;2025-12-17;1;0
11;2025-12-17;2;0
11;2025-12-17;3;0
11;2025-12-17;4;0
11;2025-12-17;5;258
11;2025-12-17;6;1248
11;2025-12-17;7;2523
11;2025-12-17;8;3166
11;2025-12-17;9;2396
11;2025-12-17;10;1963
11;2025-12-17;11;1995
11;2025-12-17;12;1979
11;2025-12-17;13;2130
11;2025-12-17;14;2018
11;2025-12-17;15;1871
11;2025-12-17;16;2007
11;2025-12-17;17;2605
11;2025-12-17;18;3099
11;2025-12-17;19;2209
11;2025-12-17;20;1379
11;2025-12-17;21;771
11;2025-12-17;22;393
11;2025-12-17;23;251
11;2025-12-18;0;55
11;2025-12-18;1;0
11;2025-12-18;2;0
11;2025-12-18;3;0
11;2025-12-18;4;0
11;2025-12-18;5;245
11;2025-12-18;6;1340
11;2025-12-18;7;2494
11;2025-12-18;8;3256
11;2025-12-18;9;2488
11;2025-12-18;10;2194
11;2025-12-18;11;1872
11;2025-12-18;12;2139
11;2025-12-18;13;2166
11;2025-12-18;14;2192
11;2025-12-18;15;1839
11;2025-12-18;16;2330
11;2025-12-18;17;2794
11;2025-12-18;18;3297
11;2025-12-18;19;2292
11;2025-12-18;20;1478
11;2025-12-18;21;901
11;2025-12-18;22;398
11;2025-12-18;23;256
11;2025-12-19;0;72
11;2025-12-19;1;2
11;2025-12-19;2;0
11;2025-12-19;3;0
11;2025-12-19;4;0
11;2025-12-19;5;262
11;2025-12-19;6;1315
11;2025-12-19;7;2449
11;2025-12-19;8;3320
11;2025-12-19;9;2273
11;2025-12-19;10;1886
11;2025-12-19;11;1763
11;2025-12-19;12;1931
11;2025-12-19;13;1881
11;2025-12-19;14;2078
11;2025-12-19;15;2018
11;2025-12-19;16;2308
11;2025-12-19;17;2850
11;2025-12-19;18;2421
11;2025-12-19;19;1903
11;2025-12-19;20;1330
11;2025-12-19;21;841
11;2025-12-19;22;374
11;2025-12-19;23;331
11;2025-12-20;0;109
11;2025-12-20;1;2
11;2025-12-20;2;0
11;2025-12-20;3;0
11;2025-12-20;4;0
11;2025-12-20;5;169
11;2025-12-20;6;836
11;2025-12-20;7;782
11;2025-12-20;8;1062
11;2025-12-20;9;1197
11;2025-12-20;10;1414
11;2025-12-20;11;1738
11;2025-12-20;12;1980
11;2025-12-20;13;1825
11;2025-12-20;14;2088
11;2025-12-20;15;1956
11;2025-12-20;16;1786
11;2025-12-20;17;1918
11;2025-12-20;18;1519
11;2025-12-20;19;1485
11;2025-12-20;20;986
11;2025-12-20;21;726
11;2025-12-20;22;414
11;2025-12-20;23;282
11;2025-12-21;0;115
11;2025-12-21;1;16
11;2025-12-21;2;0
11;2025-12-21;3;0
11;2025-12-21;4;0
11;2025-12-21;5;105
11;2025-12-21;6;496
11;2025-12-21;7;488
11;2025-12-21;8;685
11;2025-12-21;9;938
11;2025-12-21;10;1045
11;2025-12-21;11;1524
11;2025-12-21;12;1621
11;2025-12-21;13;1549
11;2025-12-21;14;1663
11;2025-12-21;15;1594
11;2025-12-21;16;1552
11;2025-12-21;17;1716
11;2025-12-21;18;1226
11;2025-12-21;19;1014
11;2025-12-21;20;760
11;2025-12-21;21;601
11;2025-12-21;22;349
11;2025-12-21;23;245
11;2025-12-22;0;75
11;2025-12-22;1;13
11;2025-12-22;2;0
11;2025-12-22;3;0
11;2025-12-22;4;1
11;2025-12-22;5;241
11;2025-12-22;6;1362
11;2025-12-22;7;2425
11;2025-12-22;8;3198
11;2025-12-22;9;2371
11;2025-12-22;10;1910
11;2025-12-22;11;1924
11;2025-12-22;12;1850
11;2025-12-22;13;1891
11;2025-12-22;14;2034
11;2025-12-22;15;2121
11;2025-12-22;16;2234
11;2025-12-22;17;2799
11;2025-12-22;18;2939
11;2025-12-22;19;2212
11;2025-12-22;20;1186
11;2025-12-22;21;788
11;2025-12-22;22;325
11;2025-12-22;23;209
11;2025-12-23;0;46
11;2025-12-23;1;0
11;2025-12-23;2;0
11;2025-12-23;3;0
11;2025-12-23;4;0
11;2025-12-23;5;230
11;2025-12-23;6;1315
11;2025-12-23;7;2459
11;2025-12-23;8;3359
11;2025-12-23;9;2524
11;2025-12-23;10;2042
11;2025-12-23;11;1875
11;2025-12-23;12;1948
11;2025-12-23;13;2139
11;2025-12-23;14;1972
11;2025-12-23;15;1928
11;2025-12-23;16;2181
11;2025-12-23;17;2877
11;2025-12-23;18;3032
11;2025-12-23;19;2337
11;2025-12-23;20;1586
11;2025-12-23;21;806
11;2025-12-23;22;364
11;2025-12-23;23;235
11;2025-12-24;0;69
11;2025-12-24;1;0
11;2025-12-24;2;0
11;2025-12-24;3;0
11;2025-12-24;4;0
11;2025-12-24;5;258
11;2025-12-24;6;1248
11;2025-12-24;7;2523
11;2025-12-24;8;3166
11;2025-12-24;9;2396
11;2025-12-24;10;1963
11;2025-12-24;11;1995
11;2025-12-24;12;1979
11;2025-12-24;13;2130
11;2025-12-24;14;2018
11;2025-12-24;15;1871
11;2025-12-24;16;2007
11;2025-12-24;17;2605
11;2025-12-24;18;3099
11;2025-12-24;19;2209
11;2025-12-24;20;1379
11;2025-12-24;21;771
11;2025-12-24;22;393
11;2025-12-24;23;251
11;2025-12-25;0;55
11;2025-12-25;1;0
11;2025-12-25;2;0
11;2025-12-25;3;0
11;2025-12-25;4;0
11;2025-12-25;5;245
11;2025-12-25;6;1340
11;2025-12-25;7;2494
11;2025-12-25;8;3256
11;2025-12-25;9;2488
11;2025-12-25;10;2194
11;2025-12-25;11;1872
11;2025-12-25;12;2139
11;2025-12-25;13;2166
11;2025-12-25;14;2192
11;2025-12-25;15;1839
11;2025-12-25;16;2330
11;2025-12-25;17;2794
11;2025-12-25;18;3297
11;2025-12-25;19;2292
11;2025-12-25;20;1478
11;2025-12-25;21;901
11;2025-12-25;22;398
11;2025-12-25;23;256
11;2025-12-26;0;72
11;2025-12-26;1;2
11;2025-12-26;2;0
11;2025-12-26;3;0
11;2025-12-26;4;0
11;2025-12-26;5;262
11;2025-12-26;6;1315
11;2025-12-26;7;2449
11;2025-12-26;8;3320
11;2025-12-26;9;2273
11;2025-12-26;10;1886
11;2025-12-26;11;1763
11;2025-12-26;12;1931
11;2025-12-26;13;1881
11;2025-12-26;14;2078
11;2025-12-26;15;2018
11;2025-12-26;16;2308
11;2025-12-26;17;2850
11;2025-12-26;18;2421
11;2025-12-26;19;1903
11;2025-12-26;20;1330
11;2025-12-26;21;841
11;2025-12-26;22;374
11;2025-12-26;23;331
11;2025-12-27;0;109
11;2025-12-27;1;2
11;2025-12-27;2;0
11;2025-12-27;3;0
11;2025-12-27;4;0
11;2025-12-27;5;169
11;2025-12-27;6;836
11;2025-12-27;7;782
11;2025-12-27;8;1062
11;2025-12-27;9;1197
11;2025-12-27;10;1414
11;2025-12-27;11;1738
11;2025-12-27;12;1980
11;2025-12-27;13;1825
11;2025-12-27;14;2088
11;2025-12-27;15;1956
11;2025-12-27;16;1786
11;2025-12-27;17;1918
11;2025-12-27;18;1519
11;2025-12-27;19;1485
11;2025-12-27;20;986
11;2025-12-27;21;726
11;2025-12-27;22;414
11;2025-12-27;23;282
11;2025-12-28;0;115
11;2025-12-28;1;16
11;2025-12-28;2;0
11;2025-12-28;3;0
11;2025-12-28;4;0
11;2025-12-28;5;105
11;2025-12-28;6;496
11;2025-12-28;7;488
11;2025-12-28;8;685
11;2025-12-28;9;938
11;2025-12-28;10;1045
11;2025-12-28;11;1524
11;2025-12-28;12;1621
11;2025-12-28;13;1549
11;2025-12-28;14;1663
11;2025-12-28;15;1594
11;2025-12-28;16;1552
11;2025-12-28;17;1716
11;2025-12-28;18;1226
11;2025-12-28;19;1014
11;2025-12-28;20;760
11;2025-12-28;21;601
11;2025-12-28;22;349
11;2025-12-28;23;245
11;2025-12-29;0;75
11;2025-12-29;1;13
11;2025-12-29;2;0
11;2025-12-29;3;0
11;2025-12-29;4;1
11;2025-12-29;5;241
11;2025-12-29;6;1362
11;2025-12-29;7;2425
11;2025-12-29;8;3198
11;2025-12-29;9;2371
11;2025-12-29;10;1910
11;2025-12-29;11;1924
11;2025-12-29;12;1850
11;2025-12-29;13;1891
11;2025-12-29;14;2034
11;2025-12-29;15;2121
11;2025-12-29;16;2234
11;2025-12-29;17;2799
11;2025-12-29;18;2939
11;2025-12-29;19;2212
11;2025-12-29;20;1186
11;2025-12-29;21;788
11;2025-12-29;22;325
11;2025-12-29;23;209
11;2025-12-30;0;46
11;2025-12-30;1;0
11;2025-12-30;2;0
11;2025-12-30;3;0
11;2025-12-30;4;0
11;2025-12-30;5;230
11;2025-12-30;6;1315
11;2025-12-30;7;2459
11;2025-12-30;8;3359
11;2025-12-30;9;2524
11;2025-12-30;10;2042
11;2025-12-30;11;1875
11;2025-12-30;12;1948
11;2025-12-30;13;2139
11;2025-12-30;14;1972
11;2025-12-30;15;1928
11;2025-12-30;16;2181
11;2025-12-30;17;2877
11;2025-12-30;18;3032
11;2025-12-30;19;2337
11;2025-12-30;20;1586
11;2025-12-30;21;806
11;2025-12-30;22;364
11;2025-12-30;23;235
11;2025-12-31;0;98
11;2025-12-31;1;7
11;2025-12-31;2;0
11;2025-12-31;3;0
11;2025-12-31;4;4
11;2025-12-31;5;218
11;2025-12-31;6;747
11;2025-12-31;7;633
11;2025-12-31;8;755
11;2025-12-31;9;880
11;2025-12-31;10;985
11;2025-12-31;11;1300
11;2025-12-31;12;1444
11;2025-12-31;13;1330
11;2025-12-31;14;1478
11;2025-12-31;15;1481
11;2025-12-31;16;1358
11;2025-12-31;17;1403
11;2025-12-31;18;1361
11;2025-12-31;19;1366
11;2025-12-31;20;1256
11;2025-12-31;21;912
11;2025-12-31;22;544
11;2025-12-31;23;333
12;2025-11-01;0;71
12;2025-11-01;1;2
12;2025-11-01;2;0
12;2025-11-01;3;0
12;2025-11-01;4;1
12;2025-11-01;5;230
12;2025-11-01;6;788
12;2025-11-01;7;912
12;2025-11-01;8;1048
12;2025-11-01;9;1257
12;2025-11-01;10;1518
12;2025-11-01;11;1535
12;2025-11-01;12;1593
12;2025-11-01;13;1802
12;2025-11-01;14;1607
12;2025-11-01;15;1581
12;2025-11-01;16;1734
12;2025-11-01;17;1672
12;2025-11-01;18;1600
12;2025-11-01;19;1380
12;2025-11-01;20;990
12;2025-11-01;21;793
12;2025-11-01;22;398
12;2025-11-01;23;306
12;2025-11-02;0;86
12;2025-11-02;1;3
12;2025-11-02;2;0
12;2025-11-02;3;0
12;2025-11-02;4;2
12;2025-11-02;5;131
12;2025-11-02;6;530
12;2025-11-02;7;732
12;2025-11-02;8;739
12;2025-11-02;9;929
12;2025-11-02;10;1176
12;2025-11-02;11;1282
12;2025-11-02;12;1337
12;2025-11-02;13;1581
12;2025-11-02;14;1467
12;2025-11-02;15;1537
12;2025-11-02;16;1544
12;2025-11-02;17;1564
12;2025-11-02;18;1401
12;2025-11-02;19;1020
12;2025-11-02;20;791
12;2025-11-02;21;609
12;2025-11-02;22;410
12;2025-11-02;23;200
12;2025-11-03;0;67
12;2025-11-03;1;4
12;2025-11-03;2;0
12;2025-11-03;3;0
12;2025-11-03;4;3
12;2025-11-03;5;224
12;2025-11-03;6;642
12;2025-11-03;7;726
12;2025-11-03;8;791
12;2025-11-03;9;854
12;2025-11-03;10;926
12;2025-11-03;11;982
12;2025-11-03;12;1023
12;2025-11-03;13;1220
12;2025-11-03;14;1195
12;2025-11-03;15;1095
12;2025-11-03;16;1021
12;2025-11-03;17;1028
12;2025-11-03;18;1135
12;2025-11-03;19;1067
12;2025-11-03;20;897
12;2025-11-03;21;695
12;2025-11-03;22;402
12;2025-11-03;23;240
12;2025-11-04;0;67
12;2025-11-04;1;4
12;2025-11-04;2;0
12;2025-11-04;3;0
12;2025-11-04;4;3
12;2025-11-04;5;224
12;2025-11-04;6;642
12;2025-11-04;7;726
12;2025-11-04;8;791
12;2025-11-04;9;854
12;2025-11-04;10;926
12;2025-11-04;11;982
12;2025-11-04;12;1023
12;2025-11-04;13;1220
12;2025-11-04;14;1195
12;2025-11-04;15;1095
12;2025-11-04;16;1021
12;2025-11-04;17;1028
12;2025-11-04;18;1135
12;2025-11-04;19;1067
12;2025-11-04;20;897
12;2025-11-04;21;695
12;2025-11-04;22;402
12;2025-11-04;23;240
12;2025-11-05;0;62
12;2025-11-05;1;2
12;2025-11-05;2;0
12;2025-11-05;3;0
12;2025-11-05;4;8
12;2025-11-05;5;332
12;2025-11-05;6;1474
12;2025-11-05;7;2699
12;2025-11-05;8;3620
12;2025-11-05;9;2687
12;2025-11-05;10;2226
12;2025-11-05;11;2085
12;2025-11-05;12;2142
12;2025-11-05;13;2159
12;2025-11-05;14;1956
12;2025-11-05;15;2384
12;2025-11-05;16;2900
12;2025-11-05;17;3022
12;2025-11-05;18;3079
12;2025-11-05;19;2435
12;2025-11-05;20;1590
12;2025-11-05;21;1045
12;2025-11-05;22;509
12;2025-11-05;23;265
12;2025-11-06;0;52
12;2025-11-06;1;2
12;2025-11-06;2;0
12;2025-11-06;3;0
12;2025-11-06;4;7
12;2025-11-06;5;304
12;2025-11-06;6;1426
12;2025-11-06;7;2772
12;2025-11-06;8;3717
12;2025-11-06;9;2588
12;2025-11-06;10;2142
12;2025-11-06;11;1874
12;2025-11-06;12;2031
12;2025-11-06;13;2138
12;2025-11-06;14;1930
12;2025-11-06;15;2219
12;2025-11-06;16;2688
12;2025-11-06;17;3065
12;2025-11-06;18;3305
12;2025-11-06;19;2471
12;2025-11-06;20;1621
12;2025-11-06;21;968
12;2025-11-06;22;505
12;2025-11-06;23;269
12;2025-11-07;0;57
12;2025-11-07;1;1
12;2025-11-07;2;0
12;2025-11-07;3;0
12;2025-11-07;4;4
12;2025-11-07;5;336
12;2025-11-07;6;1422
12;2025-11-07;7;2748
12;2025-11-07;8;3418
12;2025-11-07;9;2556
12;2025-11-07;10;1956
12;2025-11-07;11;1959
12;2025-11-07;12;1979
12;2025-11-07;13;2193
12;2025-11-07;14;2018
12;2025-11-07;15;2313
12;2025-11-07;16;2986
12;2025-11-07;17;2974
12;2025-11-07;18;2544
12;2025-11-07;19;2095
12;2025-11-07;20;1386
12;2025-11-07;21;982
12;2025-11-07;22;483
12;2025-11-07;23;323
12;2025-11-08;0;71
12;2025-11-08;1;2
12;2025-11-08;2;0
12;2025-11-08;3;0
12;2025-11-08;4;1
12;2025-11-08;5;230
12;2025-11-08;6;788
12;2025-11-08;7;912
12;2025-11-08;8;1048
12;2025-11-08;9;1257
12;2025-11-08;10;1518
12;2025-11-08;11;1535
12;2025-11-08;12;1593
12;2025-11-08;13;1802
12;2025-11-08;14;1607
12;2025-11-08;15;1581
12;2025-11-08;16;1734
12;2025-11-08;17;1672
12;2025-11-08;18;1600
12;2025-11-08;19;1380
12;2025-11-08;20;990
12;2025-11-08;21;793
12;2025-11-08;22;398
12;2025-11-08;23;306
12;2025-11-09;0;86
12;2025-11-09;1;3
12;2025-11-09;2;0
12;2025-11-09;3;0
12;2025-11-09;4;2
12;2025-11-09;5;131
12;2025-11-09;6;530
12;2025-11-09;7;732
12;2025-11-09;8;739
12;2025-11-09;9;929
12;2025-11-09;10;1176
12;2025-11-09;11;1282
12;2025-11-09;12;1337
12;2025-11-09;13;1581
12;2025-11-09;14;1467
12;2025-11-09;15;1537
12;2025-11-09;16;1544
12;2025-11-09;17;1564
12;2025-11-09;18;1401
12;2025-11-09;19;1020
12;2025-11-09;20;791
12;2025-11-09;21;609
12;2025-11-09;22;410
12;2025-11-09;23;200
12;2025-11-10;0;52
12;2025-11-10;1;2
12;2025-11-10;2;0
12;2025-11-10;3;0
12;2025-11-10;4;7
12;2025-11-10;5;306
12;2025-11-10;6;1461
12;2025-11-10;7;2699
12;2025-11-10;8;3584
12;2025-11-10;9;2539
12;2025-11-10;10;2041
12;2025-11-10;11;1935
12;2025-11-10;12;2141
12;2025-11-10;13;2064
12;2025-11-10;14;2006
12;2025-11-10;15;2208
12;2025-11-10;16;2743
12;2025-11-10;17;3046
12;2025-11-10;18;3235
12;2025-11-10;19;2319
12;2025-11-10;20;1633
12;2025-11-10;21;955
12;2025-11-10;22;461
12;2025-11-10;23;238
12;2025-11-11;0;49
12;2025-11-11;1;1
12;2025-11-11;2;0
12;2025-11-11;3;0
12;2025-11-11;4;6
12;2025-11-11;5;331
12;2025-11-11;6;1477
12;2025-11-11;7;2866
12;2025-11-11;8;3714
12;2025-11-11;9;2613
12;2025-11-11;10;2148
12;2025-11-11;11;2003
12;2025-11-11;12;2039
12;2025-11-11;13;2141
12;2025-11-11;14;2015
12;2025-11-11;15;2251
12;2025-11-11;16;2687
12;2025-11-11;17;3067
12;2025-11-11;18;3314
12;2025-11-11;19;2378
12;2025-11-11;20;1531
12;2025-11-11;21;942
12;2025-11-11;22;478
12;2025-11-11;23;266
12;2025-11-12;0;62
12;2025-11-12;1;2
12;2025-11-12;2;0
12;2025-11-12;3;0
12;2025-11-12;4;8
12;2025-11-12;5;332
12;2025-11-12;6;1474
12;2025-11-12;7;2699
12;2025-11-12;8;3620
12;2025-11-12;9;2687
12;2025-11-12;10;2226
12;2025-11-12;11;2085
12;2025-11-12;12;2142
12;2025-11-12;13;2159
12;2025-11-12;14;1956
12;2025-11-12;15;2384
12;2025-11-12;16;2900
12;2025-11-12;17;3022
12;2025-11-12;18;3079
12;2025-11-12;19;2435
12;2025-11-12;20;1590
12;2025-11-12;21;1045
12;2025-11-12;22;509
12;2025-11-12;23;265
12;2025-11-13;0;52
12;2025-11-13;1;2
12;2025-11-13;2;0
12;2025-11-13;3;0
12;2025-11-13;4;7
12;2025-11-13;5;304
12;2025-11-13;6;1426
12;2025-11-13;7;2772
12;2025-11-13;8;3717
12;2025-11-13;9;2588
12;2025-11-13;10;2142
12;2025-11-13;11;1874
12;2025-11-13;12;2031
12;2025-11-13;13;2138
12;2025-11-13;14;1930
12;2025-11-13;15;2219
12;2025-11-13;16;2688
12;2025-11-13;17;3065
12;2025-11-13;18;3305
12;2025-11-13;19;2471
12;2025-11-13;20;1621
12;2025-11-13;21;968
12;2025-11-13;22;505
12;2025-11-13;23;269
12;2025-11-14;0;57
12;2025-11-14;1;1
12;2025-11-14;2;0
12;2025-11-14;3;0
12;2025-11-14;4;4
12;2025-11-14;5;336
12;2025-11-14;6;1422
12;2025-11-14;7;2748
12;2025-11-14;8;3418
12;2025-11-14;9;2556
12;2025-11-14;10;1956
12;2025-11-14;11;1959
12;2025-11-14;12;1979
12;2025-11-14;13;2193
12;2025-11-14;14;2018
12;2025-11-14;15;2313
12;2025-11-14;16;2986
12;2025-11-14;17;2974
12;2025-11-14;18;2544
12;2025-11-14;19;2095
12;2025-11-14;20;1386
12;2025-11-14;21;982
12;2025-11-14;22;483
12;2025-11-14;23;323
12;2025-11-15;0;71
12;2025-11-15;1;2
12;2025-11-15;2;0
12;2025-11-15;3;0
12;2025-11-15;4;1
12;2025-11-15;5;230
12;2025-11-15;6;788
12;2025-11-15;7;912
12;2025-11-15;8;1048
12;2025-11-15;9;1257
12;2025-11-15;10;1518
12;2025-11-15;11;1535
12;2025-11-15;12;1593
12;2025-11-15;13;1802
12;2025-11-15;14;1607
12;2025-11-15;15;1581
12;2025-11-15;16;1734
12;2025-11-15;17;1672
12;2025-11-15;18;1600
12;2025-11-15;19;1380
12;2025-11-15;20;990
12;2025-11-15;21;793
12;2025-11-15;22;398
12;2025-11-15;23;306
12;2025-11-16;0;86
12;2025-11-16;1;3
12;2025-11-16;2;0
12;2025-11-16;3;0
12;2025-11-16;4;2
12;2025-11-16;5;131
12;2025-11-16;6;530
12;2025-11-16;7;732
12;2025-11-16;8;739
12;2025-11-16;9;929
12;2025-11-16;10;1176
12;2025-11-16;11;1282
12;2025-11-16;12;1337
12;2025-11-16;13;1581
12;2025-11-16;14;1467
12;2025-11-16;15;1537
12;2025-11-16;16;1544
12;2025-11-16;17;1564
12;2025-11-16;18;1401
12;2025-11-16;19;1020
12;2025-11-16;20;791
12;2025-11-16;21;609
12;2025-11-16;22;410
12;2025-11-16;23;200
12;2025-11-17;0;52
12;2025-11-17;1;2
12;2025-11-17;2;0
12;2025-11-17;3;0
12;2025-11-17;4;7
12;2025-11-17;5;306
12;2025-11-17;6;1461
12;2025-11-17;7;2699
12;2025-11-17;8;3584
12;2025-11-17;9;2539
12;2025-11-17;10;2041
12;2025-11-17;11;1935
12;2025-11-17;12;2141
12;2025-11-17;13;2064
12;2025-11-17;14;2006
12;2025-11-17;15;2208
12;2025-11-17;16;2743
12;2025-11-17;17;3046
12;2025-11-17;18;3235
12;2025-11-17;19;2319
12;2025-11-17;20;1633
12;2025-11-17;21;955
12;2025-11-17;22;461
12;2025-11-17;23;238
12;2025-11-18;0;49
12;2025-11-18;1;1
12;2025-11-18;2;0
12;2025-11-18;3;0
12;2025-11-18;4;6
12;2025-11-18;5;331
12;2025-11-18;6;1477
12;2025-11-18;7;2866
12;2025-11-18;8;3714
12;2025-11-18;9;2613
12;2025-11-18;10;2148
12;2025-11-18;11;2003
12;2025-11-18;12;2039
12;2025-11-18;13;2141
12;2025-11-18;14;2015
12;2025-11-18;15;2251
12;2025-11-18;16;2687
12;2025-11-18;17;3067
12;2025-11-18;18;3314
12;2025-11-18;19;2378
12;2025-11-18;20;1531
12;2025-11-18;21;942
12;2025-11-18;22;478
12;2025-11-18;23;266
12;2025-11-19;0;62
12;2025-11-19;1;2
12;2025-11-19;2;0
12;2025-11-19;3;0
12;2025-11-19;4;8
12;2025-11-19;5;332
12;2025-11-19;6;1474
12;2025-11-19;7;2699
12;2025-11-19;8;3620
12;2025-11-19;9;2687
12;2025-11-19;10;2226
12;2025-11-19;11;2085
12;2025-11-19;12;2142
12;2025-11-19;13;2159
12;2025-11-19;14;1956
12;2025-11-19;15;2384
12;2025-11-19;16;2900
12;2025-11-19;17;3022
12;2025-11-19;18;3079
12;2025-11-19;19;2435
12;2025-11-19;20;1590
12;2025-11-19;21;1045
12;2025-11-19;22;509
12;2025-11-19;23;265
12;2025-11-20;0;52
12;2025-11-20;1;2
12;2025-11-20;2;0
12;2025-11-20;3;0
12;2025-11-20;4;7
12;2025-11-20;5;304
12;2025-11-20;6;1426
12;2025-11-20;7;2772
12;2025-11-20;8;3717
12;2025-11-20;9;2588
12;2025-11-20;10;2142
12;2025-11-20;11;1874
12;2025-11-20;12;2031
12;2025-11-20;13;2138
12;2025-11-20;14;1930
12;2025-11-20;15;2219
12;2025-11-20;16;2688
12;2025-11-20;17;3065
12;2025-11-20;18;3305
12;2025-11-20;19;2471
12;2025-11-20;20;1621
12;2025-11-20;21;968
12;2025-11-20;22;505
12;2025-11-20;23;269
12;2025-11-21;0;57
12;2025-11-21;1;1
12;2025-11-21;2;0
12;2025-11-21;3;0
12;2025-11-21;4;4
12;2025-11-21;5;336
12;2025-11-21;6;1422
12;2025-11-21;7;2748
12;2025-11-21;8;3418
12;2025-11-21;9;2556
12;2025-11-21;10;1956
12;2025-11-21;11;1959
12;2025-11-21;12;1979
12;2025-11-21;13;2193
12;2025-11-21;14;2018
12;2025-11-21;15;2313
12;2025-11-21;16;2986
12;2025-11-21;17;2974
12;2025-11-21;18;2544
12;2025-11-21;19;2095
12;2025-11-21;20;1386
12;2025-11-21;21;982
12;2025-11-21;22;483
12;2025-11-21;23;323
12;2025-11-22;0;71
12;2025-11-22;1;2
12;2025-11-22;2;0
12;2025-11-22;3;0
12;2025-11-22;4;1
12;2025-11-22;5;230
12;2025-11-22;6;788
12;2025-11-22;7;912
12;2025-11-22;8;1048
12;2025-11-22;9;1257
12;2025-11-22;10;1518
12;2025-11-22;11;1535
12;2025-11-22;12;1593
12;2025-11-22;13;1802
12;2025-11-22;14;1607
12;2025-11-22;15;1581
12;2025-11-22;16;1734
12;2025-11-22;17;1672
12;2025-11-22;18;1600
12;2025-11-22;19;1380
12;2025-11-22;20;990
12;2025-11-22;21;793
12;2025-11-22;22;398
12;2025-11-22;23;306
12;2025-11-23;0;86
12;2025-11-23;1;3
12;2025-11-23;2;0
12;2025-11-23;3;0
12;2025-11-23;4;2
12;2025-11-23;5;131
12;2025-11-23;6;530
12;2025-11-23;7;732
12;2025-11-23;8;739
12;2025-11-23;9;929
12;2025-11-23;10;1176
12;2025-11-23;11;1282
12;2025-11-23;12;1337
12;2025-11-23;13;1581
12;2025-11-23;14;1467
12;2025-11-23;15;1537
12;2025-11-23;16;1544
12;2025-11-23;17;1564
12;2025-11-23;18;1401
12;2025-11-23;19;1020
12;2025-11-23;20;791
12;2025-11-23;21;609
12;2025-11-23;22;410
12;2025-11-23;23;200
12;2025-11-24;0;52
12;2025-11-24;1;2
12;2025-11-24;2;0
12;2025-11-24;3;0
12;2025-11-24;4;7
12;2025-11-24;5;306
12;2025-11-24;6;1461
12;2025-11-24;7;2699
12;2025-11-24;8;3584
12;2025-11-24;9;2539
12;2025-11-24;10;2041
12;2025-11-24;11;1935
12;2025-11-24;12;2141
12;2025-11-24;13;2064
12;2025-11-24;14;2006
12;2025-11-24;15;2208
12;2025-11-24;16;2743
12;2025-11-24;17;3046
12;2025-11-24;18;3235
12;2025-11-24;19;2319
12;2025-11-24;20;1633
12;2025-11-24;21;955
12;2025-11-24;22;461
12;2025-11-24;23;238
12;2025-11-25;0;49
12;2025-11-25;1;1
12;2025-11-25;2;0
12;2025-11-25;3;0
12;2025-11-25;4;6
12;2025-11-25;5;331
12;2025-11-25;6;1477
12;2025-11-25;7;2866
12;2025-11-25;8;3714
12;2025-11-25;9;2613
12;2025-11-25;10;2148
12;2025-11-25;11;2003
12;2025-11-25;12;2039
12;2025-11-25;13;2141
12;2025-11-25;14;2015
12;2025-11-25;15;2251
12;2025-11-25;16;2687
12;2025-11-25;17;3067
12;2025-11-25;18;3314
12;2025-11-25;19;2378
12;2025-11-25;20;1531
12;2025-11-25;21;942
12;2025-11-25;22;478
12;2025-11-25;23;266
12;2025-11-26;0;62
12;2025-11-26;1;2
12;2025-11-26;2;0
12;2025-11-26;3;0
12;2025-11-26;4;8
12;2025-11-26;5;332
12;2025-11-26;6;1474
12;2025-11-26;7;2699
12;2025-11-26;8;3620
12;2025-11-26;9;2687
12;2025-11-26;10;2226
12;2025-11-26;11;2085
12;2025-11-26;12;2142
12;2025-11-26;13;2159
12;2025-11-26;14;1956
12;2025-11-26;15;2384
12;2025-11-26;16;2900
12;2025-11-26;17;3022
12;2025-11-26;18;3079
12;2025-11-26;19;2435
12;2025-11-26;20;1590
12;2025-11-26;21;1045
12;2025-11-26;22;509
12;2025-11-26;23;265
12;2025-11-27;0;52
12;2025-11-27;1;2
12;2025-11-27;2;0
12;2025-11-27;3;0
12;2025-11-27;4;7
12;2025-11-27;5;304
12;2025-11-27;6;1426
12;2025-11-27;7;2772
12;2025-11-27;8;3717
12;2025-11-27;9;2588
12;2025-11-27;10;2142
12;2025-11-27;11;1874
12;2025-11-27;12;2031
12;2025-11-27;13;2138
12;2025-11-27;14;1930
12;2025-11-27;15;2219
12;2025-11-27;16;2688
12;2025-11-27;17;3065
12;2025-11-27;18;3305
12;2025-11-27;19;2471
12;2025-11-27;20;1621
12;2025-11-27;21;968
12;2025-11-27;22;505
12;2025-11-27;23;269
12;2025-11-28;0;57
12;2025-11-28;1;1
12;2025-11-28;2;0
12;2025-11-28;3;0
12;2025-11-28;4;4
12;2025-11-28;5;336
12;2025-11-28;6;1422
12;2025-11-28;7;2748
12;2025-11-28;8;3418
12;2025-11-28;9;2556
12;2025-11-28;10;1956
12;2025-11-28;11;1959
12;2025-11-28;12;1979
12;2025-11-28;13;2193
12;2025-11-28;14;2018
12;2025-11-28;15;2313
12;2025-11-28;16;2986
12;2025-11-28;17;2974
12;2025-11-28;18;2544
12;2025-11-28;19;2095
12;2025-11-28;20;1386
12;2025-11-28;21;982
12;2025-11-28;22;483
12;2025-11-28;23;323
12;2025-11-29;0;71
12;2025-11-29;1;2
12;2025-11-29;2;0
12;2025-11-29;3;0
12;2025-11-29;4;1
12;2025-11-29;5;230
12;2025-11-29;6;788
12;2025-11-29;7;912
12;2025-11-29;8;1048
12;2025-11-29;9;1257
12;2025-11-29;10;1518
12;2025-11-29;11;1535
12;2025-11-29;12;1593
12;2025-11-29;13;1802
12;2025-11-29;14;1607
12;2025-11-29;15;1581
12;2025-11-29;16;1734
12;2025-11-29;17;1672
12;2025-11-29;18;1600
12;2025-11-29;19;1380
12;2025-11-29;20;990
12;2025-11-29;21;793
12;2025-11-29;22;398
12;2025-11-29;23;306
12;2025-11-30;0;86
12;2025-11-30;1;3
12;2025-11-30;2;0
12;2025-11-30;3;0
12;2025-11-30;4;2
12;2025-11-30;5;131
12;2025-11-30;6;530
12;2025-11-30;7;732
12;2025-11-30;8;739
12;2025-11-30;9;929
12;2025-11-30;10;1176
12;2025-11-30;11;1282
12;2025-11-30;12;1337
12;2025-11-30;13;1581
12;2025-11-30;14;1467
12;2025-11-30;15;1537
12;2025-11-30;16;1544
12;2025-11-30;17;1564
12;2025-11-30;18;1401
12;2025-11-30;19;1020
12;2025-11-30;20;791
12;2025-11-30;21;609
12;2025-11-30;22;410
12;2025-11-30;23;200
12;2025-12-01;0;52
12;2025-12-01;1;2
12;2025-12-01;2;0
12;2025-12-01;3;0
12;2025-12-01;4;7
12;2025-12-01;5;306
12;2025-12-01;6;1461
12;2025-12-01;7;2699
12;2025-12-01;8;3584
12;2025-12-01;9;2539
12;2025-12-01;10;2041
12;2025-12-01;11;1935
12;2025-12-01;12;2141
12;2025-12-01;13;2064
12;2025-12-01;14;2006
12;2025-12-01;15;2208
12;2025-12-01;16;2743
12;2025-12-01;17;3046
12;2025-12-01;18;3235
12;2025-12-01;19;2319
12;2025-12-01;20;1633
12;2025-12-01;21;955
12;2025-12-01;22;461
12;2025-12-01;23;238
12;2025-12-02;0;49
12;2025-12-02;1;1
12;2025-12-02;2;0
12;2025-12-02;3;0
12;2025-12-02;4;6
12;2025-12-02;5;331
12;2025-12-02;6;1477
12;2025-12-02;7;2866
12;2025-12-02;8;3714
12;2025-12-02;9;2613
12;2025-12-02;10;2148
12;2025-12-02;11;2003
12;2025-12-02;12;2039
12;2025-12-02;13;2141
12;2025-12-02;14;2015
12;2025-12-02;15;2251
12;2025-12-02;16;2687
12;2025-12-02;17;3067
12;2025-12-02;18;3314
12;2025-12-02;19;2378
12;2025-12-02;20;1531
12;2025-12-02;21;942
12;2025-12-02;22;478
12;2025-12-02;23;266
12;2025-12-03;0;62
12;2025-12-03;1;2
12;2025-12-03;2;0
12;2025-12-03;3;0
12;2025-12-03;4;8
12;2025-12-03;5;332
12;2025-12-03;6;1474
12;2025-12-03;7;2699
12;2025-12-03;8;3620
12;2025-12-03;9;2687
12;2025-12-03;10;2226
12;2025-12-03;11;2085
12;2025-12-03;12;2142
12;2025-12-03;13;2159
12;2025-12-03;14;1956
12;2025-12-03;15;2384
12;2025-12-03;16;2899
12;2025-12-03;17;3022
12;2025-12-03;18;3079
12;2025-12-03;19;2435
12;2025-12-03;20;1590
12;2025-12-03;21;1045
12;2025-12-03;22;509
12;2025-12-03;23;265
12;2025-12-04;0;52
12;2025-12-04;1;2
12;2025-12-04;2;0
12;2025-12-04;3;0
12;2025-12-04;4;7
12;2025-12-04;5;304
12;2025-12-04;6;1426
12;2025-12-04;7;2772
12;2025-12-04;8;3717
12;2025-12-04;9;2588
12;2025-12-04;10;2142
12;2025-12-04;11;1874
12;2025-12-04;12;2031
12;2025-12-04;13;2138
12;2025-12-04;14;1930
12;2025-12-04;15;2219
12;2025-12-04;16;2688
12;2025-12-04;17;3065
12;2025-12-04;18;3305
12;2025-12-04;19;2471
12;2025-12-04;20;1621
12;2025-12-04;21;968
12;2025-12-04;22;505
12;2025-12-04;23;269
12;2025-12-05;0;57
12;2025-12-05;1;1
12;2025-12-05;2;0
12;2025-12-05;3;0
12;2025-12-05;4;4
12;2025-12-05;5;336
12;2025-12-05;6;1422
12;2025-12-05;7;2748
12;2025-12-05;8;3418
12;2025-12-05;9;2556
12;2025-12-05;10;1956
12;2025-12-05;11;1959
12;2025-12-05;12;1979
12;2025-12-05;13;2193
12;2025-12-05;14;2018
12;2025-12-05;15;2313
12;2025-12-05;16;2986
12;2025-12-05;17;2974
12;2025-12-05;18;2544
12;2025-12-05;19;2095
12;2025-12-05;20;1386
12;2025-12-05;21;982
12;2025-12-05;22;483
12;2025-12-05;23;323
12;2025-12-06;0;71
12;2025-12-06;1;2
12;2025-12-06;2;0
12;2025-12-06;3;0
12;2025-12-06;4;1
12;2025-12-06;5;230
12;2025-12-06;6;788
12;2025-12-06;7;912
12;2025-12-06;8;1048
12;2025-12-06;9;1257
12;2025-12-06;10;1518
12;2025-12-06;11;1535
12;2025-12-06;12;1593
12;2025-12-06;13;1802
12;2025-12-06;14;1607
12;2025-12-06;15;1581
12;2025-12-06;16;1734
12;2025-12-06;17;1672
12;2025-12-06;18;1600
12;2025-12-06;19;1380
12;2025-12-06;20;990
12;2025-12-06;21;793
12;2025-12-06;22;398
12;2025-12-06;23;306
12;2025-12-07;0;86
12;2025-12-07;1;3
12;2025-12-07;2;0
12;2025-12-07;3;0
12;2025-12-07;4;2
12;2025-12-07;5;131
12;2025-12-07;6;530
12;2025-12-07;7;732
12;2025-12-07;8;739
12;2025-12-07;9;929
12;2025-12-07;10;1176
12;2025-12-07;11;1282
12;2025-12-07;12;1337
12;2025-12-07;13;1581
12;2025-12-07;14;1467
12;2025-12-07;15;1537
12;2025-12-07;16;1544
12;2025-12-07;17;1564
12;2025-12-07;18;1401
12;2025-12-07;19;1020
12;2025-12-07;20;791
12;2025-12-07;21;609
12;2025-12-07;22;410
12;2025-12-07;23;200
12;2025-12-08;0;52
12;2025-12-08;1;2
12;2025-12-08;2;0
12;2025-12-08;3;0
12;2025-12-08;4;7
12;2025-12-08;5;306
12;2025-12-08;6;1461
12;2025-12-08;7;2699
12;2025-12-08;8;3584
12;2025-12-08;9;2539
12;2025-12-08;10;2041
12;2025-12-08;11;1935
12;2025-12-08;12;2141
12;2025-12-08;13;2064
12;2025-12-08;14;2006
12;2025-12-08;15;2208
12;2025-12-08;16;2743
12;2025-12-08;17;3046
12;2025-12-08;18;3235
12;2025-12-08;19;2319
12;2025-12-08;20;1633
12;2025-12-08;21;955
12;2025-12-08;22;461
12;2025-12-08;23;238
12;2025-12-09;0;49
12;2025-12-09;1;1
12;2025-12-09;2;0
12;2025-12-09;3;0
12;2025-12-09;4;6
12;2025-12-09;5;331
12;2025-12-09;6;1477
12;2025-12-09;7;2866
12;2025-12-09;8;3714
12;2025-12-09;9;2613
12;2025-12-09;10;2148
12;2025-12-09;11;2003
12;2025-12-09;12;2039
12;2025-12-09;13;2141
12;2025-12-09;14;2015
12;2025-12-09;15;2251
12;2025-12-09;16;2687
12;2025-12-09;17;3067
12;2025-12-09;18;3314
12;2025-12-09;19;2378
12;2025-12-09;20;1531
12;2025-12-09;21;942
12;2025-12-09;22;478
12;2025-12-09;23;266
12;2025-12-10;0;62
12;2025-12-10;1;2
12;2025-12-10;2;0
12;2025-12-10;3;0
12;2025-12-10;4;8
12;2025-12-10;5;332
12;2025-12-10;6;1474
12;2025-12-10;7;2699
12;2025-12-10;8;3620
12;2025-12-10;9;2687
12;2025-12-10;10;2226
12;2025-12-10;11;2085
12;2025-12-10;12;2142
12;2025-12-10;13;2159
12;2025-12-10;14;1956
12;2025-12-10;15;2384
12;2025-12-10;16;2900
12;2025-12-10;17;3022
12;2025-12-10;18;3079
12;2025-12-10;19;2435
12;2025-12-10;20;1590
12;2025-12-10;21;1045
12;2025-12-10;22;509
12;2025-12-10;23;265
12;2025-12-11;0;52
12;2025-12-11;1;2
12;2025-12-11;2;0
12;2025-12-11;3;0
12;2025-12-11;4;7
12;2025-12-11;5;304
12;2025-12-11;6;1426
12;2025-12-11;7;2772
12;2025-12-11;8;3717
12;2025-12-11;9;2588
12;2025-12-11;10;2142
12;2025-12-11;11;1874
12;2025-12-11;12;2031
12;2025-12-11;13;2138
12;2025-12-11;14;1930
12;2025-12-11;15;2219
12;2025-12-11;16;2688
12;2025-12-11;17;3065
12;2025-12-11;18;3305
12;2025-12-11;19;2471
12;2025-12-11;20;1621
12;2025-12-11;21;968
12;2025-12-11;22;505
12;2025-12-11;23;269
12;2025-12-12;0;57
12;2025-12-12;1;1
12;2025-12-12;2;0
12;2025-12-12;3;0
12;2025-12-12;4;4
12;2025-12-12;5;336
12;2025-12-12;6;1422
12;2025-12-12;7;2748
12;2025-12-12;8;3418
12;2025-12-12;9;2556
12;2025-12-12;10;1956
12;2025-12-12;11;1959
12;2025-12-12;12;1979
12;2025-12-12;13;2193
12;2025-12-12;14;2018
12;2025-12-12;15;2313
12;2025-12-12;16;2986
12;2025-12-12;17;2974
12;2025-12-12;18;2544
12;2025-12-12;19;2095
12;2025-12-12;20;1386
12;2025-12-12;21;982
12;2025-12-12;22;483
12;2025-12-12;23;323
12;2025-12-13;0;71
12;2025-12-13;1;2
12;2025-12-13;2;0
12;2025-12-13;3;0
12;2025-12-13;4;1
12;2025-12-13;5;230
12;2025-12-13;6;788
12;2025-12-13;7;912
12;2025-12-13;8;1048
12;2025-12-13;9;1257
12;2025-12-13;10;1518
12;2025-12-13;11;1535
12;2025-12-13;12;1593
12;2025-12-13;13;1802
12;2025-12-13;14;1607
12;2025-12-13;15;1581
12;2025-12-13;16;1734
12;2025-12-13;17;1672
12;2025-12-13;18;1600
12;2025-12-13;19;1380
12;2025-12-13;20;990
12;2025-12-13;21;793
12;2025-12-13;22;398
12;2025-12-13;23;306
12;2025-12-14;0;86
12;2025-12-14;1;3
12;2025-12-14;2;0
12;2025-12-14;3;0
12;2025-12-14;4;2
12;2025-12-14;5;131
12;2025-12-14;6;530
12;2025-12-14;7;732
12;2025-12-14;8;739
12;2025-12-14;9;929
12;2025-12-14;10;1176
12;2025-12-14;11;1282
12;2025-12-14;12;1337
12;2025-12-14;13;1581
12;2025-12-14;14;1467
12;2025-12-14;15;1537
12;2025-12-14;16;1544
12;2025-12-14;17;1564
12;2025-12-14;18;1401
12;2025-12-14;19;1020
12;2025-12-14;20;791
12;2025-12-14;21;609
12;2025-12-14;22;410
12;2025-12-14;23;200
12;2025-12-15;0;52
12;2025-12-15;1;2
12;2025-12-15;2;0
12;2025-12-15;3;0
12;2025-12-15;4;7
12;2025-12-15;5;306
12;2025-12-15;6;1461
12;2025-12-15;7;2699
12;2025-12-15;8;3584
12;2025-12-15;9;2539
12;2025-12-15;10;2041
12;2025-12-15;11;1935
12;2025-12-15;12;2141
12;2025-12-15;13;2064
12;2025-12-15;14;2006
12;2025-12-15;15;2208
12;2025-12-15;16;2743
12;2025-12-15;17;3046
12;2025-12-15;18;3235
12;2025-12-15;19;2319
12;2025-12-15;20;1633
12;2025-12-15;21;955
12;2025-12-15;22;461
12;2025-12-15;23;238
12;2025-12-16;0;49
12;2025-12-16;1;1
12;2025-12-16;2;0
12;2025-12-16;3;0
12;2025-12-16;4;6
12;2025-12-16;5;331
12;2025-12-16;6;1477
12;2025-12-16;7;2866
12;2025-12-16;8;3714
12;2025-12-16;9;2613
12;2025-12-16;10;2148
12;2025-12-16;11;2003
12;2025-12-16;12;2039
12;2025-12-16;13;2141
12;2025-12-16;14;2015
12;2025-12-16;15;2251
12;2025-12-16;16;2687
12;2025-12-16;17;3067
12;2025-12-16;18;3314
12;2025-12-16;19;2378
12;2025-12-16;20;1531
12;2025-12-16;21;942
12;2025-12-16;22;478
12;2025-12-16;23;266
12;2025-12-17;0;62
12;2025-12-17;1;2
12;2025-12-17;2;0
12;2025-12-17;3;0
12;2025-12-17;4;8
12;2025-12-17;5;332
12;2025-12-17;6;1474
12;2025-12-17;7;2699
12;2025-12-17;8;3620
12;2025-12-17;9;2687
12;2025-12-17;10;2226
12;2025-12-17;11;2085
12;2025-12-17;12;2142
12;2025-12-17;13;2159
12;2025-12-17;14;1956
12;2025-12-17;15;2384
12;2025-12-17;16;2900
12;2025-12-17;17;3022
12;2025-12-17;18;3079
12;2025-12-17;19;2435
12;2025-12-17;20;1590
12;2025-12-17;21;1045
12;2025-12-17;22;509
12;2025-12-17;23;265
12;2025-12-18;0;52
12;2025-12-18;1;2
12;2025-12-18;2;0
12;2025-12-18;3;0
12;2025-12-18;4;7
12;2025-12-18;5;304
12;2025-12-18;6;1426
12;2025-12-18;7;2772
12;2025-12-18;8;3717
12;2025-12-18;9;2588
12;2025-12-18;10;2142
12;2025-12-18;11;1874
12;2025-12-18;12;2031
12;2025-12-18;13;2138
12;2025-12-18;14;1930
12;2025-12-18;15;2219
12;2025-12-18;16;2688
12;2025-12-18;17;3065
12;2025-12-18;18;3305
12;2025-12-18;19;2471
12;2025-12-18;20;1621
12;2025-12-18;21;968
12;2025-12-18;22;505
12;2025-12-18;23;269
12;2025-12-19;0;57
12;2025-12-19;1;1
12;2025-12-19;2;0
12;2025-12-19;3;0
12;2025-12-19;4;4
12;2025-12-19;5;336
12;2025-12-19;6;1422
12;2025-12-19;7;2748
12;2025-12-19;8;3418
12;2025-12-19;9;2556
12;2025-12-19;10;1956
12;2025-12-19;11;1959
12;2025-12-19;12;1979
12;2025-12-19;13;2193
12;2025-12-19;14;2018
12;2025-12-19;15;2313
12;2025-12-19;16;2986
12;2025-12-19;17;2974
12;2025-12-19;18;2544
12;2025-12-19;19;2095
12;2025-12-19;20;1386
12;2025-12-19;21;982
12;2025-12-19;22;483
12;2025-12-19;23;323
12;2025-12-20;0;71
12;2025-12-20;1;2
12;2025-12-20;2;0
12;2025-12-20;3;0
12;2025-12-20;4;1
12;2025-12-20;5;230
12;2025-12-20;6;788
12;2025-12-20;7;912
12;2025-12-20;8;1048
12;2025-12-20;9;1257
12;2025-12-20;10;1518
12;2025-12-20;11;1535
12;2025-12-20;12;1593
12;2025-12-20;13;1802
12;2025-12-20;14;1607
12;2025-12-20;15;1581
12;2025-12-20;16;1734
12;2025-12-20;17;1672
12;2025-12-20;18;1600
12;2025-12-20;19;1380
12;2025-12-20;20;990
12;2025-12-20;21;793
12;2025-12-20;22;398
12;2025-12-20;23;306
12;2025-12-21;0;86
12;2025-12-21;1;3
12;2025-12-21;2;0
12;2025-12-21;3;0
12;2025-12-21;4;2
12;2025-12-21;5;131
12;2025-12-21;6;530
12;2025-12-21;7;732
12;2025-12-21;8;739
12;2025-12-21;9;929
12;2025-12-21;10;1176
12;2025-12-21;11;1282
12;2025-12-21;12;1337
12;2025-12-21;13;1581
12;2025-12-21;14;1467
12;2025-12-21;15;1537
12;2025-12-21;16;1544
12;2025-12-21;17;1564
12;2025-12-21;18;1401
12;2025-12-21;19;1020
12;2025-12-21;20;791
12;2025-12-21;21;609
12;2025-12-21;22;410
12;2025-12-21;23;200
12;2025-12-22;0;52
12;2025-12-22;1;2
12;2025-12-22;2;0
12;2025-12-22;3;0
12;2025-12-22;4;7
12;2025-12-22;5;306
12;2025-12-22;6;1461
12;2025-12-22;7;2699
12;2025-12-22;8;3584
12;2025-12-22;9;2539
12;2025-12-22;10;2041
12;2025-12-22;11;1935
12;2025-12-22;12;2141
12;2025-12-22;13;2064
12;2025-12-22;14;2006
12;2025-12-22;15;2208
12;2025-12-22;16;2743
12;2025-12-22;17;3046
12;2025-12-22;18;3235
12;2025-12-22;19;2319
12;2025-12-22;20;1633
12;2025-12-22;21;955
12;2025-12-22;22;461
12;2025-12-22;23;238
12;2025-12-23;0;49
12;2025-12-23;1;1
12;2025-12-23;2;0
12;2025-12-23;3;0
12;2025-12-23;4;6
12;2025-12-23;5;331
12;2025-12-23;6;1477
12;2025-12-23;7;2866
12;2025-12-23;8;3714
12;2025-12-23;9;2613
12;2025-12-23;10;2148
12;2025-12-23;11;2003
12;2025-12-23;12;2039
12;2025-12-23;13;2141
12;2025-12-23;14;2015
12;2025-12-23;15;2251
12;2025-12-23;16;2687
12;2025-12-23;17;3067
12;2025-12-23;18;3314
12;2025-12-23;19;2378
12;2025-12-23;20;1531
12;2025-12-23;21;942
12;2025-12-23;22;478
12;2025-12-23;23;266
12;2025-12-24;0;62
12;2025-12-24;1;2
12;2025-12-24;2;0
12;2025-12-24;3;0
12;2025-12-24;4;8
12;2025-12-24;5;332
12;2025-12-24;6;1474
12;2025-12-24;7;2699
12;2025-12-24;8;3620
12;2025-12-24;9;2687
12;2025-12-24;10;2226
12;2025-12-24;11;2085
12;2025-12-24;12;2142
12;2025-12-24;13;2159
12;2025-12-24;14;1956
12;2025-12-24;15;2384
12;2025-12-24;16;2900
12;2025-12-24;17;3022
12;2025-12-24;18;3079
12;2025-12-24;19;2435
12;2025-12-24;20;1590
12;2025-12-24;21;1045
12;2025-12-24;22;509
12;2025-12-24;23;265
12;2025-12-25;0;52
12;2025-12-25;1;2
12;2025-12-25;2;0
12;2025-12-25;3;0
12;2025-12-25;4;7
12;2025-12-25;5;304
12;2025-12-25;6;1426
12;2025-12-25;7;2772
12;2025-12-25;8;3717
12;2025-12-25;9;2588
12;2025-12-25;10;2142
12;2025-12-25;11;1874
12;2025-12-25;12;2031
12;2025-12-25;13;2138
12;2025-12-25;14;1930
12;2025-12-25;15;2219
12;2025-12-25;16;2688
12;2025-12-25;17;3065
12;2025-12-25;18;3305
12;2025-12-25;19;2471
12;2025-12-25;20;1621
12;2025-12-25;21;968
12;2025-12-25;22;505
12;2025-12-25;23;269
12;2025-12-26;0;57
12;2025-12-26;1;1
12;2025-12-26;2;0
12;2025-12-26;3;0
12;2025-12-26;4;4
12;2025-12-26;5;336
12;2025-12-26;6;1422
12;2025-12-26;7;2748
12;2025-12-26;8;3418
12;2025-12-26;9;2556
12;2025-12-26;10;1956
12;2025-12-26;11;1959
12;2025-12-26;12;1979
12;2025-12-26;13;2193
12;2025-12-26;14;2018
12;2025-12-26;15;2313
12;2025-12-26;16;2986
12;2025-12-26;17;2974
12;2025-12-26;18;2544
12;2025-12-26;19;2095
12;2025-12-26;20;1386
12;2025-12-26;21;982
12;2025-12-26;22;483
12;2025-12-26;23;323
12;2025-12-27;0;71
12;2025-12-27;1;2
12;2025-12-27;2;0
12;2025-12-27;3;0
12;2025-12-27;4;1
12;2025-12-27;5;230
12;2025-12-27;6;788
12;2025-12-27;7;912
12;2025-12-27;8;1048
12;2025-12-27;9;1257
12;2025-12-27;10;1518
12;2025-12-27;11;1535
12;2025-12-27;12;1593
12;2025-12-27;13;1802
12;2025-12-27;14;1607
12;2025-12-27;15;1581
12;2025-12-27;16;1734
12;2025-12-27;17;1672
12;2025-12-27;18;1600
12;2025-12-27;19;1380
12;2025-12-27;20;990
12;2025-12-27;21;793
12;2025-12-27;22;398
12;2025-12-27;23;306
12;2025-12-28;0;86
12;2025-12-28;1;3
12;2025-12-28;2;0
12;2025-12-28;3;0
12;2025-12-28;4;2
12;2025-12-28;5;131
12;2025-12-28;6;530
12;2025-12-28;7;732
12;2025-12-28;8;739
12;2025-12-28;9;929
12;2025-12-28;10;1176
12;2025-12-28;11;1282
12;2025-12-28;12;1337
12;2025-12-28;13;1581
12;2025-12-28;14;1467
12;2025-12-28;15;1537
12;2025-12-28;16;1544
12;2025-12-28;17;1564
12;2025-12-28;18;1401
12;2025-12-28;19;1020
12;2025-12-28;20;791
12;2025-12-28;21;609
12;2025-12-28;22;410
12;2025-12-28;23;200
12;2025-12-29;0;52
12;2025-12-29;1;2
12;2025-12-29;2;0
12;2025-12-29;3;0
12;2025-12-29;4;7
12;2025-12-29;5;306
12;2025-12-29;6;1461
12;2025-12-29;7;2699
12;2025-12-29;8;3584
12;2025-12-29;9;2539
12;2025-12-29;10;2041
12;2025-12-29;11;1935
12;2025-12-29;12;2141
12;2025-12-29;13;2064
12;2025-12-29;14;2006
12;2025-12-29;15;2208
12;2025-12-29;16;2743
12;2025-12-29;17;3046
12;2025-12-29;18;3235
12;2025-12-29;19;2319
12;2025-12-29;20;1633
12;2025-12-29;21;955
12;2025-12-29;22;461
12;2025-12-29;23;238
12;2025-12-30;0;49
12;2025-12-30;1;1
12;2025-12-30;2;0
12;2025-12-30;3;0
12;2025-12-30;4;6
12;2025-12-30;5;331
12;2025-12-30;6;1477
12;2025-12-30;7;2866
12;2025-12-30;8;3714
12;2025-12-30;9;2613
12;2025-12-30;10;2148
12;2025-12-30;11;2003
12;2025-12-30;12;2039
12;2025-12-30;13;2141
12;2025-12-30;14;2015
12;2025-12-30;15;2251
12;2025-12-30;16;2687
12;2025-12-30;17;3067
12;2025-12-30;18;3314
12;2025-12-30;19;2378
12;2025-12-30;20;1531
12;2025-12-30;21;942
12;2025-12-30;22;478
12;2025-12-30;23;266
12;2025-12-31;0;67
12;2025-12-31;1;4
12;2025-12-31;2;0
12;2025-12-31;3;0
12;2025-12-31;4;3
12;2025-12-31;5;224
12;2025-12-31;6;642
12;2025-12-31;7;726
12;2025-12-31;8;791
12;2025-12-31;9;854
12;2025-12-31;10;926
12;2025-12-31;11;982
12;2025-12-31;12;1023
12;2025-12-31;13;1220
12;2025-12-31;14;1195
12;2025-12-31;15;1095
12;2025-12-31;16;1021
12;2025-12-31;17;1028
12;2025-12-31;18;1135
12;2025-12-31;19;1067
12;2025-12-31;20;897
12;2025-12-31;21;695
12;2025-12-31;22;402
12;2025-12-31;23;240
17;2025-11-01;0;210
17;2025-11-01;1;27
17;2025-11-01;2;0
17;2025-11-01;3;0
17;2025-11-01;4;6
17;2025-11-01;5;141
17;2025-11-01;6;591
17;2025-11-01;7;1302
17;2025-11-01;8;1849
17;2025-11-01;9;2340
17;2025-11-01;10;2627
17;2025-11-01;11;3132
17;2025-11-01;12;3471
17;2025-11-01;13;3723
17;2025-11-01;14;3715
17;2025-11-01;15;3698
17;2025-11-01;16;3742
17;2025-11-01;17;3401
17;2025-11-01;18;2990
17;2025-11-01;19;2395
17;2025-11-01;20;1902
17;2025-11-01;21;1350
17;2025-11-01;22;799
17;2025-11-01;23;461
17;2025-11-02;0;190
17;2025-11-02;1;24
17;2025-11-02;2;0
17;2025-11-02;3;0
17;2025-11-02;4;3
17;2025-11-02;5;109
17;2025-11-02;6;453
17;2025-11-02;7;867
17;2025-11-02;8;1255
17;2025-11-02;9;1735
17;2025-11-02;10;2047
17;2025-11-02;11;2631
17;2025-11-02;12;3010
17;2025-11-02;13;3276
17;2025-11-02;14;3396
17;2025-11-02;15;3300
17;2025-11-02;16;3224
17;2025-11-02;17;3074
17;2025-11-02;18;2647
17;2025-11-02;19;2107
17;2025-11-02;20;1565
17;2025-11-02;21;1147
17;2025-11-02;22;687
17;2025-11-02;23;326
17;2025-11-03;0;188
17;2025-11-03;1;21
17;2025-11-03;2;0
17;2025-11-03;3;0
17;2025-11-03;4;6
17;2025-11-03;5;127
17;2025-11-03;6;482
17;2025-11-03;7;1000
17;2025-11-03;8;1367
17;2025-11-03;9;1659
17;2025-11-03;10;1678
17;2025-11-03;11;1980
17;2025-11-03;12;2250
17;2025-11-03;13;2465
17;2025-11-03;14;2558
17;2025-11-03;15;2597
17;2025-11-03;16;2593
17;2025-11-03;17;2533
17;2025-11-03;18;2479
17;2025-11-03;19;2203
17;2025-11-03;20;1875
17;2025-11-03;21;1485
17;2025-11-03;22;945
17;2025-11-03;23;441
17;2025-11-04;0;188
17;2025-11-04;1;21
17;2025-11-04;2;0
17;2025-11-04;3;0
17;2025-11-04;4;6
17;2025-11-04;5;127
17;2025-11-04;6;482
17;2025-11-04;7;1000
17;2025-11-04;8;1367
17;2025-11-04;9;1659
17;2025-11-04;10;1678
17;2025-11-04;11;1980
17;2025-11-04;12;2250
17;2025-11-04;13;2465
17;2025-11-04;14;2558
17;2025-11-04;15;2597
17;2025-11-04;16;2593
17;2025-11-04;17;2533
17;2025-11-04;18;2479
17;2025-11-04;19;2203
17;2025-11-04;20;1875
17;2025-11-04;21;1485
17;2025-11-04;22;945
17;2025-11-04;23;441
17;2025-11-05;0;126
17;2025-11-05;1;11
17;2025-11-05;2;0
17;2025-11-05;3;0
17;2025-11-05;4;26
17;2025-11-05;5;300
17;2025-11-05;6;1542
17;2025-11-05;7;4246
17;2025-11-05;8;5571
17;2025-11-05;9;3952
17;2025-11-05;10;3205
17;2025-11-05;11;3194
17;2025-11-05;12;3226
17;2025-11-05;13;3248
17;2025-11-05;14;3478
17;2025-11-05;15;3458
17;2025-11-05;16;3809
17;2025-11-05;17;4651
17;2025-11-05;18;4865
17;2025-11-05;19;3319
17;2025-11-05;20;2316
17;2025-11-05;21;1479
17;2025-11-05;22;720
17;2025-11-05;23;387
17;2025-11-06;0;136
17;2025-11-06;1;12
17;2025-11-06;2;0
17;2025-11-06;3;0
17;2025-11-06;4;26
17;2025-11-06;5;324
17;2025-11-06;6;1568
17;2025-11-06;7;4278
17;2025-11-06;8;5445
17;2025-11-06;9;4015
17;2025-11-06;10;3239
17;2025-11-06;11;3227
17;2025-11-06;12;3227
17;2025-11-06;13;3245
17;2025-11-06;14;3343
17;2025-11-06;15;3380
17;2025-11-06;16;3924
17;2025-11-06;17;4592
17;2025-11-06;18;4681
17;2025-11-06;19;3456
17;2025-11-06;20;2521
17;2025-11-06;21;1515
17;2025-11-06;22;744
17;2025-11-06;23;404
17;2025-11-07;0;150
17;2025-11-07;1;19
17;2025-11-07;2;0
17;2025-11-07;3;0
17;2025-11-07;4;25
17;2025-11-07;5;319
17;2025-11-07;6;1576
17;2025-11-07;7;4217
17;2025-11-07;8;5416
17;2025-11-07;9;3912
17;2025-11-07;10;3093
17;2025-11-07;11;3146
17;2025-11-07;12;3074
17;2025-11-07;13;3187
17;2025-11-07;14;3229
17;2025-11-07;15;3512
17;2025-11-07;16;4263
17;2025-11-07;17;4880
17;2025-11-07;18;4382
17;2025-11-07;19;3252
17;2025-11-07;20;2410
17;2025-11-07;21;1629
17;2025-11-07;22;762
17;2025-11-07;23;491
17;2025-11-08;0;210
17;2025-11-08;1;27
17;2025-11-08;2;0
17;2025-11-08;3;0
17;2025-11-08;4;6
17;2025-11-08;5;141
17;2025-11-08;6;591
17;2025-11-08;7;1302
17;2025-11-08;8;1849
17;2025-11-08;9;2340
17;2025-11-08;10;2627
17;2025-11-08;11;3132
17;2025-11-08;12;3471
17;2025-11-08;13;3723
17;2025-11-08;14;3715
17;2025-11-08;15;3698
17;2025-11-08;16;3742
17;2025-11-08;17;3401
17;2025-11-08;18;2990
17;2025-11-08;19;2395
17;2025-11-08;20;1902
17;2025-11-08;21;1350
17;2025-11-08;22;799
17;2025-11-08;23;461
17;2025-11-09;0;190
17;2025-11-09;1;24
17;2025-11-09;2;0
17;2025-11-09;3;0
17;2025-11-09;4;3
17;2025-11-09;5;109
17;2025-11-09;6;453
17;2025-11-09;7;867
17;2025-11-09;8;1255
17;2025-11-09;9;1735
17;2025-11-09;10;2047
17;2025-11-09;11;2631
17;2025-11-09;12;3010
17;2025-11-09;13;3276
17;2025-11-09;14;3396
17;2025-11-09;15;3300
17;2025-11-09;16;3224
17;2025-11-09;17;3074
17;2025-11-09;18;2647
17;2025-11-09;19;2107
17;2025-11-09;20;1565
17;2025-11-09;21;1147
17;2025-11-09;22;687
17;2025-11-09;23;326
17;2025-11-10;0;124
17;2025-11-10;1;14
17;2025-11-10;2;0
17;2025-11-10;3;0
17;2025-11-10;4;28
17;2025-11-10;5;300
17;2025-11-10;6;1553
17;2025-11-10;7;4169
17;2025-11-10;8;5531
17;2025-11-10;9;3938
17;2025-11-10;10;3035
17;2025-11-10;11;2979
17;2025-11-10;12;3010
17;2025-11-10;13;3130
17;2025-11-10;14;3116
17;2025-11-10;15;3185
17;2025-11-10;16;3695
17;2025-11-10;17;4357
17;2025-11-10;18;4683
17;2025-11-10;19;2995
17;2025-11-10;20;2183
17;2025-11-10;21;1387
17;2025-11-10;22;629
17;2025-11-10;23;322
17;2025-11-11;0;107
17;2025-11-11;1;10
17;2025-11-11;2;0
17;2025-11-11;3;0
17;2025-11-11;4;24
17;2025-11-11;5;334
17;2025-11-11;6;1590
17;2025-11-11;7;4309
17;2025-11-11;8;5439
17;2025-11-11;9;3984
17;2025-11-11;10;3037
17;2025-11-11;11;3015
17;2025-11-11;12;3040
17;2025-11-11;13;3110
17;2025-11-11;14;3252
17;2025-11-11;15;3306
17;2025-11-11;16;3660
17;2025-11-11;17;4726
17;2025-11-11;18;5006
17;2025-11-11;19;3442
17;2025-11-11;20;2344
17;2025-11-11;21;1478
17;2025-11-11;22;674
17;2025-11-11;23;375
17;2025-11-12;0;126
17;2025-11-12;1;11
17;2025-11-12;2;0
17;2025-11-12;3;0
17;2025-11-12;4;26
17;2025-11-12;5;300
17;2025-11-12;6;1542
17;2025-11-12;7;4246
17;2025-11-12;8;5571
17;2025-11-12;9;3952
17;2025-11-12;10;3205
17;2025-11-12;11;3194
17;2025-11-12;12;3226
17;2025-11-12;13;3248
17;2025-11-12;14;3478
17;2025-11-12;15;3458
17;2025-11-12;16;3809
17;2025-11-12;17;4651
17;2025-11-12;18;4865
17;2025-11-12;19;3319
17;2025-11-12;20;2316
17;2025-11-12;21;1479
17;2025-11-12;22;720
17;2025-11-12;23;387
17;2025-11-13;0;136
17;2025-11-13;1;12
17;2025-11-13;2;0
17;2025-11-13;3;0
17;2025-11-13;4;26
17;2025-11-13;5;324
17;2025-11-13;6;1568
17;2025-11-13;7;4278
17;2025-11-13;8;5445
17;2025-11-13;9;4015
17;2025-11-13;10;3239
17;2025-11-13;11;3227
17;2025-11-13;12;3227
17;2025-11-13;13;3245
17;2025-11-13;14;3343
17;2025-11-13;15;3380
17;2025-11-13;16;3924
17;2025-11-13;17;4592
17;2025-11-13;18;4681
17;2025-11-13;19;3456
17;2025-11-13;20;2521
17;2025-11-13;21;1515
17;2025-11-13;22;744
17;2025-11-13;23;404
17;2025-11-14;0;150
17;2025-11-14;1;19
17;2025-11-14;2;0
17;2025-11-14;3;0
17;2025-11-14;4;25
17;2025-11-14;5;319
17;2025-11-14;6;1576
17;2025-11-14;7;4217
17;2025-11-14;8;5416
17;2025-11-14;9;3912
17;2025-11-14;10;3093
17;2025-11-14;11;3146
17;2025-11-14;12;3074
17;2025-11-14;13;3187
17;2025-11-14;14;3229
17;2025-11-14;15;3512
17;2025-11-14;16;4262
17;2025-11-14;17;4880
17;2025-11-14;18;4382
17;2025-11-14;19;3252
17;2025-11-14;20;2410
17;2025-11-14;21;1629
17;2025-11-14;22;762
17;2025-11-14;23;491
17;2025-11-15;0;210
17;2025-11-15;1;27
17;2025-11-15;2;0
17;2025-11-15;3;0
17;2025-11-15;4;6
17;2025-11-15;5;141
17;2025-11-15;6;591
17;2025-11-15;7;1302
17;2025-11-15;8;1849
17;2025-11-15;9;2340
17;2025-11-15;10;2627
17;2025-11-15;11;3132
17;2025-11-15;12;3471
17;2025-11-15;13;3723
17;2025-11-15;14;3715
17;2025-11-15;15;3698
17;2025-11-15;16;3742
17;2025-11-15;17;3401
17;2025-11-15;18;2990
17;2025-11-15;19;2395
17;2025-11-15;20;1902
17;2025-11-15;21;1350
17;2025-11-15;22;799
17;2025-11-15;23;461
17;2025-11-16;0;190
17;2025-11-16;1;24
17;2025-11-16;2;0
17;2025-11-16;3;0
17;2025-11-16;4;3
17;2025-11-16;5;109
17;2025-11-16;6;453
17;2025-11-16;7;867
17;2025-11-16;8;1255
17;2025-11-16;9;1735
17;2025-11-16;10;2047
17;2025-11-16;11;2631
17;2025-11-16;12;3010
17;2025-11-16;13;3276
17;2025-11-16;14;3396
17;2025-11-16;15;3300
17;2025-11-16;16;3224
17;2025-11-16;17;3074
17;2025-11-16;18;2647
17;2025-11-16;19;2107
17;2025-11-16;20;1565
17;2025-11-16;21;1147
17;2025-11-16;22;687
17;2025-11-16;23;326
17;2025-11-17;0;124
17;2025-11-17;1;14
17;2025-11-17;2;0
17;2025-11-17;3;0
17;2025-11-17;4;28
17;2025-11-17;5;300
17;2025-11-17;6;1553
17;2025-11-17;7;4169
17;2025-11-17;8;5531
17;2025-11-17;9;3938
17;2025-11-17;10;3035
17;2025-11-17;11;2979
17;2025-11-17;12;3010
17;2025-11-17;13;3130
17;2025-11-17;14;3116
17;2025-11-17;15;3185
17;2025-11-17;16;3695
17;2025-11-17;17;4357
17;2025-11-17;18;4683
17;2025-11-17;19;2995
17;2025-11-17;20;2183
17;2025-11-17;21;1387
17;2025-11-17;22;629
17;2025-11-17;23;322
17;2025-11-18;0;107
17;2025-11-18;1;10
17;2025-11-18;2;0
17;2025-11-18;3;0
17;2025-11-18;4;24
17;2025-11-18;5;334
17;2025-11-18;6;1590
17;2025-11-18;7;4309
17;2025-11-18;8;5439
17;2025-11-18;9;3984
17;2025-11-18;10;3037
17;2025-11-18;11;3015
17;2025-11-18;12;3040
17;2025-11-18;13;3110
17;2025-11-18;14;3252
17;2025-11-18;15;3306
17;2025-11-18;16;3660
17;2025-11-18;17;4726
17;2025-11-18;18;5006
17;2025-11-18;19;3442
17;2025-11-18;20;2344
17;2025-11-18;21;1478
17;2025-11-18;22;674
17;2025-11-18;23;375
17;2025-11-19;0;126
17;2025-11-19;1;11
17;2025-11-19;2;0
17;2025-11-19;3;0
17;2025-11-19;4;26
17;2025-11-19;5;300
17;2025-11-19;6;1542
17;2025-11-19;7;4246
17;2025-11-19;8;5571
17;2025-11-19;9;3952
17;2025-11-19;10;3205
17;2025-11-19;11;3194
17;2025-11-19;12;3226
17;2025-11-19;13;3248
17;2025-11-19;14;3478
17;2025-11-19;15;3458
17;2025-11-19;16;3809
17;2025-11-19;17;4651
17;2025-11-19;18;4865
17;2025-11-19;19;3319
17;2025-11-19;20;2316
17;2025-11-19;21;1479
17;2025-11-19;22;720
17;2025-11-19;23;387
17;2025-11-20;0;136
17;2025-11-20;1;12
17;2025-11-20;2;0
17;2025-11-20;3;0
17;2025-11-20;4;26
17;2025-11-20;5;324
17;2025-11-20;6;1568
17;2025-11-20;7;4278
17;2025-11-20;8;5445
17;2025-11-20;9;4015
17;2025-11-20;10;3239
17;2025-11-20;11;3227
17;2025-11-20;12;3227
17;2025-11-20;13;3245
17;2025-11-20;14;3343
17;2025-11-20;15;3380
17;2025-11-20;16;3924
17;2025-11-20;17;4592
17;2025-11-20;18;4681
17;2025-11-20;19;3456
17;2025-11-20;20;2521
17;2025-11-20;21;1515
17;2025-11-20;22;744
17;2025-11-20;23;404
17;2025-11-21;0;150
17;2025-11-21;1;19
17;2025-11-21;2;0
17;2025-11-21;3;0
17;2025-11-21;4;25
17;2025-11-21;5;319
17;2025-11-21;6;1576
17;2025-11-21;7;4217
17;2025-11-21;8;5416
17;2025-11-21;9;3912
17;2025-11-21;10;3093
17;2025-11-21;11;3146
17;2025-11-21;12;3074
17;2025-11-21;13;3187
17;2025-11-21;14;3229
17;2025-11-21;15;3512
17;2025-11-21;16;4263
17;2025-11-21;17;4880
17;2025-11-21;18;4382
17;2025-11-21;19;3252
17;2025-11-21;20;2410
17;2025-11-21;21;1629
17;2025-11-21;22;762
17;2025-11-21;23;491
17;2025-11-22;0;210
17;2025-11-22;1;27
17;2025-11-22;2;0
17;2025-11-22;3;0
17;2025-11-22;4;6
17;2025-11-22;5;141
17;2025-11-22;6;591
17;2025-11-22;7;1302
17;2025-11-22;8;1849
17;2025-11-22;9;2340
17;2025-11-22;10;2627
17;2025-11-22;11;3132
17;2025-11-22;12;3471
17;2025-11-22;13;3723
17;2025-11-22;14;3715
17;2025-11-22;15;3698
17;2025-11-22;16;3742
17;2025-11-22;17;3401
17;2025-11-22;18;2990
17;2025-11-22;19;2395
17;2025-11-22;20;1902
17;2025-11-22;21;1350
17;2025-11-22;22;799
17;2025-11-22;23;461
17;2025-11-23;0;190
17;2025-11-23;1;24
17;2025-11-23;2;0
17;2025-11-23;3;0
17;2025-11-23;4;3
17;2025-11-23;5;109
17;2025-11-23;6;453
17;2025-11-23;7;867
17;2025-11-23;8;1255
17;2025-11-23;9;1735
17;2025-11-23;10;2047
17;2025-11-23;11;2631
17;2025-11-23;12;3010
17;2025-11-23;13;3276
17;2025-11-23;14;3396
17;2025-11-23;15;3300
17;2025-11-23;16;3224
17;2025-11-23;17;3074
17;2025-11-23;18;2647
17;2025-11-23;19;2107
17;2025-11-23;20;1565
17;2025-11-23;21;1147
17;2025-11-23;22;687
17;2025-11-23;23;326
17;2025-11-24;0;124
17;2025-11-24;1;14
17;2025-11-24;2;0
17;2025-11-24;3;0
17;2025-11-24;4;28
17;2025-11-24;5;300
17;2025-11-24;6;1553
17;2025-11-24;7;4169
17;2025-11-24;8;5531
17;2025-11-24;9;3938
17;2025-11-24;10;3035
17;2025-11-24;11;2979
17;2025-11-24;12;3010
17;2025-11-24;13;3130
17;2025-11-24;14;3116
17;2025-11-24;15;3185
17;2025-11-24;16;3695
17;2025-11-24;17;4357
17;2025-11-24;18;4683
17;2025-11-24;19;2995
17;2025-11-24;20;2183
17;2025-11-24;21;1387
17;2025-11-24;22;629
17;2025-11-24;23;322
17;2025-11-25;0;107
17;2025-11-25;1;10
17;2025-11-25;2;0
17;2025-11-25;3;0
17;2025-11-25;4;24
17;2025-11-25;5;334
17;2025-11-25;6;1590
17;2025-11-25;7;4309
17;2025-11-25;8;5439
17;2025-11-25;9;3984
17;2025-11-25;10;3037
17;2025-11-25;11;3015
17;2025-11-25;12;3040
17;2025-11-25;13;3110
17;2025-11-25;14;3252
17;2025-11-25;15;3306
17;2025-11-25;16;3660
17;2025-11-25;17;4726
17;2025-11-25;18;5006
17;2025-11-25;19;3442
17;2025-11-25;20;2344
17;2025-11-25;21;1478
17;2025-11-25;22;674
17;2025-11-25;23;375
17;2025-11-26;0;126
17;2025-11-26;1;11
17;2025-11-26;2;0
17;2025-11-26;3;0
17;2025-11-26;4;26
17;2025-11-26;5;300
17;2025-11-26;6;1542
17;2025-11-26;7;4246
17;2025-11-26;8;5571
17;2025-11-26;9;3952
17;2025-11-26;10;3205
17;2025-11-26;11;3194
17;2025-11-26;12;3226
17;2025-11-26;13;3248
17;2025-11-26;14;3478
17;2025-11-26;15;3458
17;2025-11-26;16;3809
17;2025-11-26;17;4651
17;2025-11-26;18;4865
17;2025-11-26;19;3319
17;2025-11-26;20;2316
17;2025-11-26;21;1479
17;2025-11-26;22;720
17;2025-11-26;23;387
17;2025-11-27;0;136
17;2025-11-27;1;12
17;2025-11-27;2;0
17;2025-11-27;3;0
17;2025-11-27;4;26
17;2025-11-27;5;324
17;2025-11-27;6;1568
17;2025-11-27;7;4278
17;2025-11-27;8;5445
17;2025-11-27;9;4015
17;2025-11-27;10;3239
17;2025-11-27;11;3227
17;2025-11-27;12;3227
17;2025-11-27;13;3245
17;2025-11-27;14;3343
17;2025-11-27;15;3380
17;2025-11-27;16;3924
17;2025-11-27;17;4592
17;2025-11-27;18;4681
17;2025-11-27;19;3456
17;2025-11-27;20;2521
17;2025-11-27;21;1515
17;2025-11-27;22;744
17;2025-11-27;23;404
17;2025-11-28;0;150
17;2025-11-28;1;19
17;2025-11-28;2;0
17;2025-11-28;3;0
17;2025-11-28;4;25
17;2025-11-28;5;319
17;2025-11-28;6;1576
17;2025-11-28;7;4217
17;2025-11-28;8;5416
17;2025-11-28;9;3912
17;2025-11-28;10;3093
17;2025-11-28;11;3146
17;2025-11-28;12;3074
17;2025-11-28;13;3187
17;2025-11-28;14;3229
17;2025-11-28;15;3512
17;2025-11-28;16;4263
17;2025-11-28;17;4880
17;2025-11-28;18;4382
17;2025-11-28;19;3252
17;2025-11-28;20;2410
17;2025-11-28;21;1629
17;2025-11-28;22;762
17;2025-11-28;23;491
17;2025-11-29;0;210
17;2025-11-29;1;27
17;2025-11-29;2;0
17;2025-11-29;3;0
17;2025-11-29;4;6
17;2025-11-29;5;141
17;2025-11-29;6;591
17;2025-11-29;7;1302
17;2025-11-29;8;1849
17;2025-11-29;9;2340
17;2025-11-29;10;2627
17;2025-11-29;11;3132
17;2025-11-29;12;3471
17;2025-11-29;13;3723
17;2025-11-29;14;3715
17;2025-11-29;15;3698
17;2025-11-29;16;3742
17;2025-11-29;17;3401
17;2025-11-29;18;2990
17;2025-11-29;19;2395
17;2025-11-29;20;1902
17;2025-11-29;21;1350
17;2025-11-29;22;799
17;2025-11-29;23;461
17;2025-11-30;0;190
17;2025-11-30;1;24
17;2025-11-30;2;0
17;2025-11-30;3;0
17;2025-11-30;4;3
17;2025-11-30;5;109
17;2025-11-30;6;453
17;2025-11-30;7;867
17;2025-11-30;8;1255
17;2025-11-30;9;1735
17;2025-11-30;10;2047
17;2025-11-30;11;2631
17;2025-11-30;12;3010
17;2025-11-30;13;3276
17;2025-11-30;14;3396
17;2025-11-30;15;3300
17;2025-11-30;16;3224
17;2025-11-30;17;3074
17;2025-11-30;18;2647
17;2025-11-30;19;2107
17;2025-11-30;20;1565
17;2025-11-30;21;1147
17;2025-11-30;22;687
17;2025-11-30;23;326
17;2025-12-01;0;124
17;2025-12-01;1;14
17;2025-12-01;2;0
17;2025-12-01;3;0
17;2025-12-01;4;28
17;2025-12-01;5;300
17;2025-12-01;6;1553
17;2025-12-01;7;4169
17;2025-12-01;8;5531
17;2025-12-01;9;3938
17;2025-12-01;10;3035
17;2025-12-01;11;2979
17;2025-12-01;12;3010
17;2025-12-01;13;3130
17;2025-12-01;14;3116
17;2025-12-01;15;3185
17;2025-12-01;16;3695
17;2025-12-01;17;4357
17;2025-12-01;18;4683
17;2025-12-01;19;2995
17;2025-12-01;20;2183
17;2025-12-01;21;1387
17;2025-12-01;22;629
17;2025-12-01;23;322
17;2025-12-02;0;107
17;2025-12-02;1;10
17;2025-12-02;2;0
17;2025-12-02;3;0
17;2025-12-02;4;24
17;2025-12-02;5;334
17;2025-12-02;6;1590
17;2025-12-02;7;4309
17;2025-12-02;8;5439
17;2025-12-02;9;3984
17;2025-12-02;10;3037
17;2025-12-02;11;3015
17;2025-12-02;12;3040
17;2025-12-02;13;3110
17;2025-12-02;14;3252
17;2025-12-02;15;3306
17;2025-12-02;16;3660
17;2025-12-02;17;4726
17;2025-12-02;18;5006
17;2025-12-02;19;3442
17;2025-12-02;20;2344
17;2025-12-02;21;1478
17;2025-12-02;22;674
17;2025-12-02;23;375
17;2025-12-03;0;126
17;2025-12-03;1;11
17;2025-12-03;2;0
17;2025-12-03;3;0
17;2025-12-03;4;26
17;2025-12-03;5;300
17;2025-12-03;6;1542
17;2025-12-03;7;4246
17;2025-12-03;8;5571
17;2025-12-03;9;3952
17;2025-12-03;10;3205
17;2025-12-03;11;3194
17;2025-12-03;12;3226
17;2025-12-03;13;3248
17;2025-12-03;14;3478
17;2025-12-03;15;3458
17;2025-12-03;16;3809
17;2025-12-03;17;4651
17;2025-12-03;18;4865
17;2025-12-03;19;3319
17;2025-12-03;20;2316
17;2025-12-03;21;1479
17;2025-12-03;22;720
17;2025-12-03;23;387
17;2025-12-04;0;136
17;2025-12-04;1;12
17;2025-12-04;2;0
17;2025-12-04;3;0
17;2025-12-04;4;26
17;2025-12-04;5;324
17;2025-12-04;6;1568
17;2025-12-04;7;4278
17;2025-12-04;8;5445
17;2025-12-04;9;4015
17;2025-12-04;10;3239
17;2025-12-04;11;3227
17;2025-12-04;12;3227
17;2025-12-04;13;3245
17;2025-12-04;14;3343
17;2025-12-04;15;3380
17;2025-12-04;16;3924
17;2025-12-04;17;4592
17;2025-12-04;18;4681
17;2025-12-04;19;3456
17;2025-12-04;20;2521
17;2025-12-04;21;1515
17;2025-12-04;22;744
17;2025-12-04;23;404
17;2025-12-05;0;150
17;2025-12-05;1;19
17;2025-12-05;2;0
17;2025-12-05;3;0
17;2025-12-05;4;25
17;2025-12-05;5;319
17;2025-12-05;6;1576
17;2025-12-05;7;4217
17;2025-12-05;8;5416
17;2025-12-05;9;3912
17;2025-12-05;10;3093
17;2025-12-05;11;3146
17;2025-12-05;12;3074
17;2025-12-05;13;3187
17;2025-12-05;14;3229
17;2025-12-05;15;3512
17;2025-12-05;16;4263
17;2025-12-05;17;4880
17;2025-12-05;18;4382
17;2025-12-05;19;3252
17;2025-12-05;20;2410
17;2025-12-05;21;1629
17;2025-12-05;22;762
17;2025-12-05;23;491
17;2025-12-06;0;210
17;2025-12-06;1;27
17;2025-12-06;2;0
17;2025-12-06;3;0
17;2025-12-06;4;6
17;2025-12-06;5;141
17;2025-12-06;6;591
17;2025-12-06;7;1302
17;2025-12-06;8;1849
17;2025-12-06;9;2340
17;2025-12-06;10;2627
17;2025-12-06;11;3132
17;2025-12-06;12;3471
17;2025-12-06;13;3723
17;2025-12-06;14;3715
17;2025-12-06;15;3698
17;2025-12-06;16;3742
17;2025-12-06;17;3401
17;2025-12-06;18;2990
17;2025-12-06;19;2395
17;2025-12-06;20;1902
17;2025-12-06;21;1350
17;2025-12-06;22;799
17;2025-12-06;23;461
17;2025-12-07;0;190
17;2025-12-07;1;24
17;2025-12-07;2;0
17;2025-12-07;3;0
17;2025-12-07;4;3
17;2025-12-07;5;109
17;2025-12-07;6;453
17;2025-12-07;7;867
17;2025-12-07;8;1255
17;2025-12-07;9;1735
17;2025-12-07;10;2047
17;2025-12-07;11;2631
17;2025-12-07;12;3010
17;2025-12-07;13;3276
17;2025-12-07;14;3396
17;2025-12-07;15;3300
17;2025-12-07;16;3224
17;2025-12-07;17;3074
17;2025-12-07;18;2647
17;2025-12-07;19;2107
17;2025-12-07;20;1565
17;2025-12-07;21;1147
17;2025-12-07;22;687
17;2025-12-07;23;326
17;2025-12-08;0;124
17;2025-12-08;1;14
17;2025-12-08;2;0
17;2025-12-08;3;0
17;2025-12-08;4;28
17;2025-12-08;5;300
17;2025-12-08;6;1553
17;2025-12-08;7;4169
17;2025-12-08;8;5531
17;2025-12-08;9;3938
17;2025-12-08;10;3035
17;2025-12-08;11;2979
17;2025-12-08;12;3010
17;2025-12-08;13;3130
17;2025-12-08;14;3116
17;2025-12-08;15;3185
17;2025-12-08;16;3695
17;2025-12-08;17;4357
17;2025-12-08;18;4683
17;2025-12-08;19;2995
17;2025-12-08;20;2183
17;2025-12-08;21;1387
17;2025-12-08;22;629
17;2025-12-08;23;322
17;2025-12-09;0;107
17;2025-12-09;1;10
17;2025-12-09;2;0
17;2025-12-09;3;0
17;2025-12-09;4;24
17;2025-12-09;5;334
17;2025-12-09;6;1590
17;2025-12-09;7;4310
17;2025-12-09;8;5439
17;2025-12-09;9;3984
17;2025-12-09;10;3037
17;2025-12-09;11;3015
17;2025-12-09;12;3040
17;2025-12-09;13;3110
17;2025-12-09;14;3252
17;2025-12-09;15;3306
17;2025-12-09;16;3660
17;2025-12-09;17;4726
17;2025-12-09;18;5006
17;2025-12-09;19;3442
17;2025-12-09;20;2344
17;2025-12-09;21;1478
17;2025-12-09;22;674
17;2025-12-09;23;375
17;2025-12-10;0;126
17;2025-12-10;1;11
17;2025-12-10;2;0
17;2025-12-10;3;0
17;2025-12-10;4;26
17;2025-12-10;5;300
17;2025-12-10;6;1542
17;2025-12-10;7;4246
17;2025-12-10;8;5571
17;2025-12-10;9;3952
17;2025-12-10;10;3205
17;2025-12-10;11;3194
17;2025-12-10;12;3226
17;2025-12-10;13;3248
17;2025-12-10;14;3478
17;2025-12-10;15;3458
17;2025-12-10;16;3809
17;2025-12-10;17;4651
17;2025-12-10;18;4865
17;2025-12-10;19;3319
17;2025-12-10;20;2316
17;2025-12-10;21;1479
17;2025-12-10;22;720
17;2025-12-10;23;387
17;2025-12-11;0;136
17;2025-12-11;1;12
17;2025-12-11;2;0
17;2025-12-11;3;0
17;2025-12-11;4;26
17;2025-12-11;5;324
17;2025-12-11;6;1568
17;2025-12-11;7;4278
17;2025-12-11;8;5445
17;2025-12-11;9;4015
17;2025-12-11;10;3239
17;2025-12-11;11;3227
17;2025-12-11;12;3227
17;2025-12-11;13;3245
17;2025-12-11;14;3343
17;2025-12-11;15;3380
17;2025-12-11;16;3924
17;2025-12-11;17;4592
17;2025-12-11;18;4681
17;2025-12-11;19;3456
17;2025-12-11;20;2521
17;2025-12-11;21;1515
17;2025-12-11;22;744
17;2025-12-11;23;404
17;2025-12-12;0;150
17;2025-12-12;1;19
17;2025-12-12;2;0
17;2025-12-12;3;0
17;2025-12-12;4;25
17;2025-12-12;5;319
17;2025-12-12;6;1576
17;2025-12-12;7;4217
17;2025-12-12;8;5416
17;2025-12-12;9;3912
17;2025-12-12;10;3093
17;2025-12-12;11;3146
17;2025-12-12;12;3074
17;2025-12-12;13;3187
17;2025-12-12;14;3229
17;2025-12-12;15;3512
17;2025-12-12;16;4263
17;2025-12-12;17;4880
17;2025-12-12;18;4382
17;2025-12-12;19;3252
17;2025-12-12;20;2410
17;2025-12-12;21;1629
17;2025-12-12;22;762
17;2025-12-12;23;491
17;2025-12-13;0;210
17;2025-12-13;1;27
17;2025-12-13;2;0
17;2025-12-13;3;0
17;2025-12-13;4;6
17;2025-12-13;5;141
17;2025-12-13;6;591
17;2025-12-13;7;1302
17;2025-12-13;8;1849
17;2025-12-13;9;2340
17;2025-12-13;10;2627
17;2025-12-13;11;3132
17;2025-12-13;12;3471
17;2025-12-13;13;3723
17;2025-12-13;14;3715
17;2025-12-13;15;3698
17;2025-12-13;16;3742
17;2025-12-13;17;3401
17;2025-12-13;18;2990
17;2025-12-13;19;2395
17;2025-12-13;20;1902
17;2025-12-13;21;1350
17;2025-12-13;22;799
17;2025-12-13;23;461
17;2025-12-14;0;190
17;2025-12-14;1;24
17;2025-12-14;2;0
17;2025-12-14;3;0
17;2025-12-14;4;3
17;2025-12-14;5;109
17;2025-12-14;6;453
17;2025-12-14;7;867
17;2025-12-14;8;1255
17;2025-12-14;9;1735
17;2025-12-14;10;2047
17;2025-12-14;11;2631
17;2025-12-14;12;3010
17;2025-12-14;13;3276
17;2025-12-14;14;3396
17;2025-12-14;15;3300
17;2025-12-14;16;3224
17;2025-12-14;17;3074
17;2025-12-14;18;2647
17;2025-12-14;19;2107
17;2025-12-14;20;1565
17;2025-12-14;21;1147
17;2025-12-14;22;687
17;2025-12-14;23;326
17;2025-12-15;0;124
17;2025-12-15;1;14
17;2025-12-15;2;0
17;2025-12-15;3;0
17;2025-12-15;4;28
17;2025-12-15;5;300
17;2025-12-15;6;1553
17;2025-12-15;7;4169
17;2025-12-15;8;5531
17;2025-12-15;9;3938
17;2025-12-15;10;3035
17;2025-12-15;11;2979
17;2025-12-15;12;3010
17;2025-12-15;13;3130
17;2025-12-15;14;3116
17;2025-12-15;15;3185
17;2025-12-15;16;3695
17;2025-12-15;17;4357
17;2025-12-15;18;4683
17;2025-12-15;19;2995
17;2025-12-15;20;2183
17;2025-12-15;21;1387
17;2025-12-15;22;629
17;2025-12-15;23;322
17;2025-12-16;0;107
17;2025-12-16;1;10
17;2025-12-16;2;0
17;2025-12-16;3;0
17;2025-12-16;4;24
17;2025-12-16;5;334
17;2025-12-16;6;1590
17;2025-12-16;7;4309
17;2025-12-16;8;5439
17;2025-12-16;9;3984
17;2025-12-16;10;3037
17;2025-12-16;11;3015
17;2025-12-16;12;3040
17;2025-12-16;13;3110
17;2025-12-16;14;3252
17;2025-12-16;15;3306
17;2025-12-16;16;3660
17;2025-12-16;17;4726
17;2025-12-16;18;5006
17;2025-12-16;19;3442
17;2025-12-16;20;2344
17;2025-12-16;21;1478
17;2025-12-16;22;674
17;2025-12-16;23;375
17;2025-12-17;0;126
17;2025-12-17;1;11
17;2025-12-17;2;0
17;2025-12-17;3;0
17;2025-12-17;4;26
17;2025-12-17;5;300
17;2025-12-17;6;1542
17;2025-12-17;7;4246
17;2025-12-17;8;5571
17;2025-12-17;9;3952
17;2025-12-17;10;3205
17;2025-12-17;11;3194
17;2025-12-17;12;3226
17;2025-12-17;13;3248
17;2025-12-17;14;3478
17;2025-12-17;15;3458
17;2025-12-17;16;3809
17;2025-12-17;17;4651
17;2025-12-17;18;4865
17;2025-12-17;19;3319
17;2025-12-17;20;2316
17;2025-12-17;21;1479
17;2025-12-17;22;720
17;2025-12-17;23;387
17;2025-12-18;0;136
17;2025-12-18;1;12
17;2025-12-18;2;0
17;2025-12-18;3;0
17;2025-12-18;4;26
17;2025-12-18;5;324
17;2025-12-18;6;1568
17;2025-12-18;7;4278
17;2025-12-18;8;5445
17;2025-12-18;9;4015
17;2025-12-18;10;3239
17;2025-12-18;11;3227
17;2025-12-18;12;3227
17;2025-12-18;13;3245
17;2025-12-18;14;3343
17;2025-12-18;15;3380
17;2025-12-18;16;3923
17;2025-12-18;17;4592
17;2025-12-18;18;4681
17;2025-12-18;19;3456
17;2025-12-18;20;2521
17;2025-12-18;21;1515
17;2025-12-18;22;744
17;2025-12-18;23;404
17;2025-12-19;0;150
17;2025-12-19;1;19
17;2025-12-19;2;0
17;2025-12-19;3;0
17;2025-12-19;4;25
17;2025-12-19;5;319
17;2025-12-19;6;1576
17;2025-12-19;7;4217
17;2025-12-19;8;5416
17;2025-12-19;9;3912
17;2025-12-19;10;3093
17;2025-12-19;11;3146
17;2025-12-19;12;3074
17;2025-12-19;13;3187
17;2025-12-19;14;3229
17;2025-12-19;15;3512
17;2025-12-19;16;4263
17;2025-12-19;17;4880
17;2025-12-19;18;4382
17;2025-12-19;19;3252
17;2025-12-19;20;2410
17;2025-12-19;21;1629
17;2025-12-19;22;762
17;2025-12-19;23;491
17;2025-12-20;0;210
17;2025-12-20;1;27
17;2025-12-20;2;0
17;2025-12-20;3;0
17;2025-12-20;4;6
17;2025-12-20;5;141
17;2025-12-20;6;591
17;2025-12-20;7;1302
17;2025-12-20;8;1849
17;2025-12-20;9;2340
17;2025-12-20;10;2627
17;2025-12-20;11;3132
17;2025-12-20;12;3471
17;2025-12-20;13;3723
17;2025-12-20;14;3715
17;2025-12-20;15;3698
17;2025-12-20;16;3742
17;2025-12-20;17;3401
17;2025-12-20;18;2990
17;2025-12-20;19;2395
17;2025-12-20;20;1902
17;2025-12-20;21;1350
17;2025-12-20;22;799
17;2025-12-20;23;461
17;2025-12-21;0;190
17;2025-12-21;1;24
17;2025-12-21;2;0
17;2025-12-21;3;0
17;2025-12-21;4;3
17;2025-12-21;5;109
17;2025-12-21;6;453
17;2025-12-21;7;867
17;2025-12-21;8;1255
17;2025-12-21;9;1735
17;2025-12-21;10;2047
17;2025-12-21;11;2631
17;2025-12-21;12;3010
17;2025-12-21;13;3276
17;2025-12-21;14;3396
17;2025-12-21;15;3300
17;2025-12-21;16;3224
17;2025-12-21;17;3074
17;2025-12-21;18;2647
17;2025-12-21;19;2107
17;2025-12-21;20;1565
17;2025-12-21;21;1147
17;2025-12-21;22;687
17;2025-12-21;23;326
17;2025-12-22;0;124
17;2025-12-22;1;14
17;2025-12-22;2;0
17;2025-12-22;3;0
17;2025-12-22;4;28
17;2025-12-22;5;300
17;2025-12-22;6;1553
17;2025-12-22;7;4169
17;2025-12-22;8;5531
17;2025-12-22;9;3938
17;2025-12-22;10;3035
17;2025-12-22;11;2979
17;2025-12-22;12;3010
17;2025-12-22;13;3130
17;2025-12-22;14;3116
17;2025-12-22;15;3185
17;2025-12-22;16;3695
17;2025-12-22;17;4357
17;2025-12-22;18;4683
17;2025-12-22;19;2995
17;2025-12-22;20;2183
17;2025-12-22;21;1387
17;2025-12-22;22;629
17;2025-12-22;23;322
17;2025-12-23;0;107
17;2025-12-23;1;10
17;2025-12-23;2;0
17;2025-12-23;3;0
17;2025-12-23;4;24
17;2025-12-23;5;334
17;2025-12-23;6;1590
17;2025-12-23;7;4309
17;2025-12-23;8;5439
17;2025-12-23;9;3984
17;2025-12-23;10;3037
17;2025-12-23;11;3015
17;2025-12-23;12;3040
17;2025-12-23;13;3110
17;2025-12-23;14;3252
17;2025-12-23;15;3306
17;2025-12-23;16;3660
17;2025-12-23;17;4726
17;2025-12-23;18;5006
17;2025-12-23;19;3442
17;2025-12-23;20;2344
17;2025-12-23;21;1478
17;2025-12-23;22;674
17;2025-12-23;23;375
17;2025-12-24;0;126
17;2025-12-24;1;11
17;2025-12-24;2;0
17;2025-12-24;3;0
17;2025-12-24;4;26
17;2025-12-24;5;300
17;2025-12-24;6;1542
17;2025-12-24;7;4246
17;2025-12-24;8;5571
17;2025-12-24;9;3952
17;2025-12-24;10;3205
17;2025-12-24;11;3194
17;2025-12-24;12;3226
17;2025-12-24;13;3248
17;2025-12-24;14;3478
17;2025-12-24;15;3458
17;2025-12-24;16;3809
17;2025-12-24;17;4651
17;2025-12-24;18;4865
17;2025-12-24;19;3319
17;2025-12-24;20;2316
17;2025-12-24;21;1479
17;2025-12-24;22;720
17;2025-12-24;23;387
17;2025-12-25;0;136
17;2025-12-25;1;12
17;2025-12-25;2;0
17;2025-12-25;3;0
17;2025-12-25;4;26
17;2025-12-25;5;324
17;2025-12-25;6;1568
17;2025-12-25;7;4278
17;2025-12-25;8;5445
17;2025-12-25;9;4015
17;2025-12-25;10;3239
17;2025-12-25;11;3227
17;2025-12-25;12;3227
17;2025-12-25;13;3245
17;2025-12-25;14;3343
17;2025-12-25;15;3380
17;2025-12-25;16;3924
17;2025-12-25;17;4592
17;2025-12-25;18;4681
17;2025-12-25;19;3456
17;2025-12-25;20;2521
17;2025-12-25;21;1515
17;2025-12-25;22;744
17;2025-12-25;23;404
17;2025-12-26;0;150
17;2025-12-26;1;19
17;2025-12-26;2;0
17;2025-12-26;3;0
17;2025-12-26;4;25
17;2025-12-26;5;319
17;2025-12-26;6;1576
17;2025-12-26;7;4217
17;2025-12-26;8;5416
17;2025-12-26;9;3912
17;2025-12-26;10;3093
17;2025-12-26;11;3146
17;2025-12-26;12;3074
17;2025-12-26;13;3187
17;2025-12-26;14;3229
17;2025-12-26;15;3512
17;2025-12-26;16;4263
17;2025-12-26;17;4880
17;2025-12-26;18;4382
17;2025-12-26;19;3252
17;2025-12-26;20;2410
17;2025-12-26;21;1629
17;2025-12-26;22;762
17;2025-12-26;23;491
17;2025-12-27;0;210
17;2025-12-27;1;27
17;2025-12-27;2;0
17;2025-12-27;3;0
17;2025-12-27;4;6
17;2025-12-27;5;141
17;2025-12-27;6;591
17;2025-12-27;7;1302
17;2025-12-27;8;1849
17;2025-12-27;9;2340
17;2025-12-27;10;2627
17;2025-12-27;11;3132
17;2025-12-27;12;3471
17;2025-12-27;13;3723
17;2025-12-27;14;3715
17;2025-12-27;15;3698
17;2025-12-27;16;3742
17;2025-12-27;17;3401
17;2025-12-27;18;2990
17;2025-12-27;19;2395
17;2025-12-27;20;1902
17;2025-12-27;21;1350
17;2025-12-27;22;799
17;2025-12-27;23;461
17;2025-12-28;0;190
17;2025-12-28;1;24
17;2025-12-28;2;0
17;2025-12-28;3;0
17;2025-12-28;4;3
17;2025-12-28;5;109
17;2025-12-28;6;453
17;2025-12-28;7;867
17;2025-12-28;8;1255
17;2025-12-28;9;1735
17;2025-12-28;10;2047
17;2025-12-28;11;2631
17;2025-12-28;12;3010
17;2025-12-28;13;3276
17;2025-12-28;14;3396
17;2025-12-28;15;3300
17;2025-12-28;16;3224
17;2025-12-28;17;3074
17;2025-12-28;18;2647
17;2025-12-28;19;2107
17;2025-12-28;20;1565
17;2025-12-28;21;1147
17;2025-12-28;22;687
17;2025-12-28;23;326
17;2025-12-29;0;124
17;2025-12-29;1;14
17;2025-12-29;2;0
17;2025-12-29;3;0
17;2025-12-29;4;28
17;2025-12-29;5;300
17;2025-12-29;6;1553
17;2025-12-29;7;4169
17;2025-12-29;8;5531
17;2025-12-29;9;3938
17;2025-12-29;10;3035
17;2025-12-29;11;2979
17;2025-12-29;12;3010
17;2025-12-29;13;3130
17;2025-12-29;14;3116
17;2025-12-29;15;3185
17;2025-12-29;16;3695
17;2025-12-29;17;4357
17;2025-12-29;18;4683
17;2025-12-29;19;2995
17;2025-12-29;20;2183
17;2025-12-29;21;1387
17;2025-12-29;22;629
17;2025-12-29;23;322
17;2025-12-30;0;107
17;2025-12-30;1;10
17;2025-12-30;2;0
17;2025-12-30;3;0
17;2025-12-30;4;24
17;2025-12-30;5;334
17;2025-12-30;6;1590
17;2025-12-30;7;4309
17;2025-12-30;8;5439
17;2025-12-30;9;3984
17;2025-12-30;10;3037
17;2025-12-30;11;3015
17;2025-12-30;12;3040
17;2025-12-30;13;3110
17;2025-12-30;14;3252
17;2025-12-30;15;3306
17;2025-12-30;16;3660
17;2025-12-30;17;4726
17;2025-12-30;18;5006
17;2025-12-30;19;3442
17;2025-12-30;20;2344
17;2025-12-30;21;1478
17;2025-12-30;22;674
17;2025-12-30;23;375
17;2025-12-31;0;188
17;2025-12-31;1;21
17;2025-12-31;2;0
17;2025-12-31;3;0
17;2025-12-31;4;6
17;2025-12-31;5;127
17;2025-12-31;6;482
17;2025-12-31;7;1000
17;2025-12-31;8;1367
17;2025-12-31;9;1659
17;2025-12-31;10;1678
17;2025-12-31;11;1980
17;2025-12-31;12;2250
17;2025-12-31;13;2465
17;2025-12-31;14;2558
17;2025-12-31;15;2597
17;2025-12-31;16;2593
17;2025-12-31;17;2533
17;2025-12-31;18;2479
17;2025-12-31;19;2203
17;2025-12-31;20;1875
17;2025-12-31;21;1485
17;2025-12-31;22;945
17;2025-12-31;23;441
25;2025-11-01;0;9
25;2025-11-01;1;0
25;2025-11-01;2;0
25;2025-11-01;3;0
25;2025-11-01;4;0
25;2025-11-01;5;24
25;2025-11-01;6;148
25;2025-11-01;7;140
25;2025-11-01;8;324
25;2025-11-01;9;289
25;2025-11-01;10;293
25;2025-11-01;11;402
25;2025-11-01;12;408
25;2025-11-01;13;676
25;2025-11-01;14;688
25;2025-11-01;15;793
25;2025-11-01;16;733
25;2025-11-01;17;596
25;2025-11-01;18;536
25;2025-11-01;19;474
25;2025-11-01;20;264
25;2025-11-01;21;206
25;2025-11-01;22;117
25;2025-11-01;23;46
25;2025-11-02;0;17
25;2025-11-02;1;1
25;2025-11-02;2;0
25;2025-11-02;3;0
25;2025-11-02;4;0
25;2025-11-02;5;11
25;2025-11-02;6;119
25;2025-11-02;7;107
25;2025-11-02;8;193
25;2025-11-02;9;227
25;2025-11-02;10;229
25;2025-11-02;11;329
25;2025-11-02;12;395
25;2025-11-02;13;510
25;2025-11-02;14;599
25;2025-11-02;15;676
25;2025-11-02;16;584
25;2025-11-02;17;584
25;2025-11-02;18;453
25;2025-11-02;19;300
25;2025-11-02;20;238
25;2025-11-02;21;152
25;2025-11-02;22;97
25;2025-11-02;23;35
25;2025-11-03;0;13
25;2025-11-03;1;0
25;2025-11-03;2;0
25;2025-11-03;3;0
25;2025-11-03;4;0
25;2025-11-03;5;2
25;2025-11-03;6;41
25;2025-11-03;7;101
25;2025-11-03;8;204
25;2025-11-03;9;194
25;2025-11-03;10;199
25;2025-11-03;11;234
25;2025-11-03;12;272
25;2025-11-03;13;349
25;2025-11-03;14;415
25;2025-11-03;15;500
25;2025-11-03;16;451
25;2025-11-03;17;380
25;2025-11-03;18;401
25;2025-11-03;19;331
25;2025-11-03;20;278
25;2025-11-03;21;232
25;2025-11-03;22;162
25;2025-11-03;23;52
25;2025-11-04;0;13
25;2025-11-04;1;0
25;2025-11-04;2;0
25;2025-11-04;3;0
25;2025-11-04;4;0
25;2025-11-04;5;2
25;2025-11-04;6;41
25;2025-11-04;7;101
25;2025-11-04;8;204
25;2025-11-04;9;194
25;2025-11-04;10;199
25;2025-11-04;11;234
25;2025-11-04;12;272
25;2025-11-04;13;349
25;2025-11-04;14;415
25;2025-11-04;15;500
25;2025-11-04;16;451
25;2025-11-04;17;380
25;2025-11-04;18;401
25;2025-11-04;19;331
25;2025-11-04;20;278
25;2025-11-04;21;232
25;2025-11-04;22;162
25;2025-11-04;23;52
25;2025-11-05;0;0
25;2025-11-05;1;0
25;2025-11-05;2;0
25;2025-11-05;3;0
25;2025-11-05;4;0
25;2025-11-05;5;24
25;2025-11-05;6;285
25;2025-11-05;7;537
25;2025-11-05;8;925
25;2025-11-05;9;484
25;2025-11-05;10;410
25;2025-11-05;11;490
25;2025-11-05;12;487
25;2025-11-05;13;627
25;2025-11-05;14;356
25;2025-11-05;15;607
25;2025-11-05;16;687
25;2025-11-05;17;937
25;2025-11-05;18;959
25;2025-11-05;19;715
25;2025-11-05;20;360
25;2025-11-05;21;301
25;2025-11-05;22;113
25;2025-11-05;23;11
25;2025-11-06;0;3
25;2025-11-06;1;0
25;2025-11-06;2;0
25;2025-11-06;3;0
25;2025-11-06;4;0
25;2025-11-06;5;25
25;2025-11-06;6;282
25;2025-11-06;7;547
25;2025-11-06;8;866
25;2025-11-06;9;473
25;2025-11-06;10;429
25;2025-11-06;11;463
25;2025-11-06;12;434
25;2025-11-06;13;547
25;2025-11-06;14;547
25;2025-11-06;15;653
25;2025-11-06;16;737
25;2025-11-06;17;775
25;2025-11-06;18;804
25;2025-11-06;19;651
25;2025-11-06;20;303
25;2025-11-06;21;215
25;2025-11-06;22;90
25;2025-11-06;23;5
25;2025-11-07;0;0
25;2025-11-07;1;0
25;2025-11-07;2;0
25;2025-11-07;3;0
25;2025-11-07;4;0
25;2025-11-07;5;16
25;2025-11-07;6;286
25;2025-11-07;7;586
25;2025-11-07;8;901
25;2025-11-07;9;461
25;2025-11-07;10;410
25;2025-11-07;11;462
25;2025-11-07;12;435
25;2025-11-07;13;581
25;2025-11-07;14;474
25;2025-11-07;15;662
25;2025-11-07;16;850
25;2025-11-07;17;816
25;2025-11-07;18;744
25;2025-11-07;19;672
25;2025-11-07;20;364
25;2025-11-07;21;224
25;2025-11-07;22;111
25;2025-11-07;23;17
25;2025-11-08;0;9
25;2025-11-08;1;0
25;2025-11-08;2;0
25;2025-11-08;3;0
25;2025-11-08;4;0
25;2025-11-08;5;24
25;2025-11-08;6;148
25;2025-11-08;7;140
25;2025-11-08;8;324
25;2025-11-08;9;289
25;2025-11-08;10;293
25;2025-11-08;11;402
25;2025-11-08;12;408
25;2025-11-08;13;676
25;2025-11-08;14;688
25;2025-11-08;15;793
25;2025-11-08;16;733
25;2025-11-08;17;596
25;2025-11-08;18;536
25;2025-11-08;19;474
25;2025-11-08;20;264
25;2025-11-08;21;206
25;2025-11-08;22;117
25;2025-11-08;23;46
25;2025-11-09;0;17
25;2025-11-09;1;1
25;2025-11-09;2;0
25;2025-11-09;3;0
25;2025-11-09;4;0
25;2025-11-09;5;11
25;2025-11-09;6;119
25;2025-11-09;7;107
25;2025-11-09;8;193
25;2025-11-09;9;227
25;2025-11-09;10;229
25;2025-11-09;11;329
25;2025-11-09;12;395
25;2025-11-09;13;510
25;2025-11-09;14;599
25;2025-11-09;15;676
25;2025-11-09;16;584
25;2025-11-09;17;584
25;2025-11-09;18;453
25;2025-11-09;19;300
25;2025-11-09;20;238
25;2025-11-09;21;152
25;2025-11-09;22;97
25;2025-11-09;23;35
25;2025-11-10;0;8
25;2025-11-10;1;0
25;2025-11-10;2;0
25;2025-11-10;3;0
25;2025-11-10;4;0
25;2025-11-10;5;21
25;2025-11-10;6;271
25;2025-11-10;7;548
25;2025-11-10;8;979
25;2025-11-10;9;561
25;2025-11-10;10;350
25;2025-11-10;11;421
25;2025-11-10;12;442
25;2025-11-10;13;595
25;2025-11-10;14;490
25;2025-11-10;15;505
25;2025-11-10;16;717
25;2025-11-10;17;778
25;2025-11-10;18;747
25;2025-11-10;19;602
25;2025-11-10;20;322
25;2025-11-10;21;202
25;2025-11-10;22;83
25;2025-11-10;23;10
25;2025-11-11;0;3
25;2025-11-11;1;0
25;2025-11-11;2;0
25;2025-11-11;3;0
25;2025-11-11;4;0
25;2025-11-11;5;20
25;2025-11-11;6;274
25;2025-11-11;7;549
25;2025-11-11;8;978
25;2025-11-11;9;472
25;2025-11-11;10;376
25;2025-11-11;11;439
25;2025-11-11;12;433
25;2025-11-11;13;490
25;2025-11-11;14;473
25;2025-11-11;15;578
25;2025-11-11;16;679
25;2025-11-11;17;760
25;2025-11-11;18;750
25;2025-11-11;19;586
25;2025-11-11;20;329
25;2025-11-11;21;220
25;2025-11-11;22;83
25;2025-11-11;23;5
25;2025-11-12;0;0
25;2025-11-12;1;0
25;2025-11-12;2;0
25;2025-11-12;3;0
25;2025-11-12;4;0
25;2025-11-12;5;24
25;2025-11-12;6;285
25;2025-11-12;7;537
25;2025-11-12;8;925
25;2025-11-12;9;484
25;2025-11-12;10;410
25;2025-11-12;11;490
25;2025-11-12;12;487
25;2025-11-12;13;627
25;2025-11-12;14;356
25;2025-11-12;15;607
25;2025-11-12;16;687
25;2025-11-12;17;937
25;2025-11-12;18;959
25;2025-11-12;19;715
25;2025-11-12;20;360
25;2025-11-12;21;301
25;2025-11-12;22;113
25;2025-11-12;23;11
25;2025-11-13;0;3
25;2025-11-13;1;0
25;2025-11-13;2;0
25;2025-11-13;3;0
25;2025-11-13;4;0
25;2025-11-13;5;25
25;2025-11-13;6;282
25;2025-11-13;7;547
25;2025-11-13;8;866
25;2025-11-13;9;473
25;2025-11-13;10;429
25;2025-11-13;11;463
25;2025-11-13;12;434
25;2025-11-13;13;547
25;2025-11-13;14;547
25;2025-11-13;15;653
25;2025-11-13;16;737
25;2025-11-13;17;775
25;2025-11-13;18;804
25;2025-11-13;19;651
25;2025-11-13;20;303
25;2025-11-13;21;215
25;2025-11-13;22;90
25;2025-11-13;23;5
25;2025-11-14;0;0
25;2025-11-14;1;0
25;2025-11-14;2;0
25;2025-11-14;3;0
25;2025-11-14;4;0
25;2025-11-14;5;16
25;2025-11-14;6;286
25;2025-11-14;7;586
25;2025-11-14;8;901
25;2025-11-14;9;461
25;2025-11-14;10;410
25;2025-11-14;11;462
25;2025-11-14;12;435
25;2025-11-14;13;581
25;2025-11-14;14;474
25;2025-11-14;15;662
25;2025-11-14;16;850
25;2025-11-14;17;816
25;2025-11-14;18;744
25;2025-11-14;19;672
25;2025-11-14;20;364
25;2025-11-14;21;224
25;2025-11-14;22;111
25;2025-11-14;23;17
25;2025-11-15;0;9
25;2025-11-15;1;0
25;2025-11-15;2;0
25;2025-11-15;3;0
25;2025-11-15;4;0
25;2025-11-15;5;24
25;2025-11-15;6;148
25;2025-11-15;7;140
25;2025-11-15;8;324
25;2025-11-15;9;289
25;2025-11-15;10;293
25;2025-11-15;11;402
25;2025-11-15;12;408
25;2025-11-15;13;676
25;2025-11-15;14;688
25;2025-11-15;15;793
25;2025-11-15;16;733
25;2025-11-15;17;596
25;2025-11-15;18;536
25;2025-11-15;19;474
25;2025-11-15;20;264
25;2025-11-15;21;206
25;2025-11-15;22;117
25;2025-11-15;23;46
25;2025-11-16;0;17
25;2025-11-16;1;1
25;2025-11-16;2;0
25;2025-11-16;3;0
25;2025-11-16;4;0
25;2025-11-16;5;11
25;2025-11-16;6;119
25;2025-11-16;7;107
25;2025-11-16;8;193
25;2025-11-16;9;227
25;2025-11-16;10;229
25;2025-11-16;11;329
25;2025-11-16;12;395
25;2025-11-16;13;510
25;2025-11-16;14;599
25;2025-11-16;15;676
25;2025-11-16;16;584
25;2025-11-16;17;584
25;2025-11-16;18;453
25;2025-11-16;19;300
25;2025-11-16;20;238
25;2025-11-16;21;152
25;2025-11-16;22;97
25;2025-11-16;23;35
25;2025-11-17;0;8
25;2025-11-17;1;0
25;2025-11-17;2;0
25;2025-11-17;3;0
25;2025-11-17;4;0
25;2025-11-17;5;21
25;2025-11-17;6;271
25;2025-11-17;7;548
25;2025-11-17;8;979
25;2025-11-17;9;561
25;2025-11-17;10;350
25;2025-11-17;11;421
25;2025-11-17;12;442
25;2025-11-17;13;595
25;2025-11-17;14;490
25;2025-11-17;15;505
25;2025-11-17;16;717
25;2025-11-17;17;778
25;2025-11-17;18;747
25;2025-11-17;19;602
25;2025-11-17;20;322
25;2025-11-17;21;202
25;2025-11-17;22;83
25;2025-11-17;23;10
25;2025-11-18;0;3
25;2025-11-18;1;0
25;2025-11-18;2;0
25;2025-11-18;3;0
25;2025-11-18;4;0
25;2025-11-18;5;20
25;2025-11-18;6;274
25;2025-11-18;7;549
25;2025-11-18;8;978
25;2025-11-18;9;472
25;2025-11-18;10;376
25;2025-11-18;11;439
25;2025-11-18;12;433
25;2025-11-18;13;490
25;2025-11-18;14;473
25;2025-11-18;15;578
25;2025-11-18;16;679
25;2025-11-18;17;760
25;2025-11-18;18;750
25;2025-11-18;19;586
25;2025-11-18;20;329
25;2025-11-18;21;220
25;2025-11-18;22;83
25;2025-11-18;23;5
25;2025-11-19;0;0
25;2025-11-19;1;0
25;2025-11-19;2;0
25;2025-11-19;3;0
25;2025-11-19;4;0
25;2025-11-19;5;24
25;2025-11-19;6;285
25;2025-11-19;7;537
25;2025-11-19;8;925
25;2025-11-19;9;484
25;2025-11-19;10;410
25;2025-11-19;11;490
25;2025-11-19;12;487
25;2025-11-19;13;627
25;2025-11-19;14;356
25;2025-11-19;15;607
25;2025-11-19;16;687
25;2025-11-19;17;937
25;2025-11-19;18;959
25;2025-11-19;19;715
25;2025-11-19;20;360
25;2025-11-19;21;301
25;2025-11-19;22;113
25;2025-11-19;23;11
25;2025-11-20;0;3
25;2025-11-20;1;0
25;2025-11-20;2;0
25;2025-11-20;3;0
25;2025-11-20;4;0
25;2025-11-20;5;25
25;2025-11-20;6;282
25;2025-11-20;7;547
25;2025-11-20;8;866
25;2025-11-20;9;473
25;2025-11-20;10;429
25;2025-11-20;11;463
25;2025-11-20;12;434
25;2025-11-20;13;547
25;2025-11-20;14;547
25;2025-11-20;15;653
25;2025-11-20;16;737
25;2025-11-20;17;775
25;2025-11-20;18;804
25;2025-11-20;19;651
25;2025-11-20;20;303
25;2025-11-20;21;215
25;2025-11-20;22;90
25;2025-11-20;23;5
25;2025-11-21;0;0
25;2025-11-21;1;0
25;2025-11-21;2;0
25;2025-11-21;3;0
25;2025-11-21;4;0
25;2025-11-21;5;16
25;2025-11-21;6;286
25;2025-11-21;7;586
25;2025-11-21;8;901
25;2025-11-21;9;461
25;2025-11-21;10;410
25;2025-11-21;11;462
25;2025-11-21;12;435
25;2025-11-21;13;581
25;2025-11-21;14;474
25;2025-11-21;15;662
25;2025-11-21;16;850
25;2025-11-21;17;816
25;2025-11-21;18;744
25;2025-11-21;19;672
25;2025-11-21;20;364
25;2025-11-21;21;224
25;2025-11-21;22;111
25;2025-11-21;23;17
25;2025-11-22;0;9
25;2025-11-22;1;0
25;2025-11-22;2;0
25;2025-11-22;3;0
25;2025-11-22;4;0
25;2025-11-22;5;24
25;2025-11-22;6;148
25;2025-11-22;7;140
25;2025-11-22;8;324
25;2025-11-22;9;289
25;2025-11-22;10;293
25;2025-11-22;11;402
25;2025-11-22;12;408
25;2025-11-22;13;676
25;2025-11-22;14;688
25;2025-11-22;15;793
25;2025-11-22;16;733
25;2025-11-22;17;596
25;2025-11-22;18;536
25;2025-11-22;19;474
25;2025-11-22;20;264
25;2025-11-22;21;206
25;2025-11-22;22;117
25;2025-11-22;23;46
25;2025-11-23;0;17
25;2025-11-23;1;1
25;2025-11-23;2;0
25;2025-11-23;3;0
25;2025-11-23;4;0
25;2025-11-23;5;11
25;2025-11-23;6;119
25;2025-11-23;7;107
25;2025-11-23;8;193
25;2025-11-23;9;227
25;2025-11-23;10;229
25;2025-11-23;11;329
25;2025-11-23;12;395
25;2025-11-23;13;510
25;2025-11-23;14;599
25;2025-11-23;15;676
25;2025-11-23;16;584
25;2025-11-23;17;584
25;2025-11-23;18;453
25;2025-11-23;19;300
25;2025-11-23;20;238
25;2025-11-23;21;152
25;2025-11-23;22;97
25;2025-11-23;23;35
25;2025-11-24;0;8
25;2025-11-24;1;0
25;2025-11-24;2;0
25;2025-11-24;3;0
25;2025-11-24;4;0
25;2025-11-24;5;21
25;2025-11-24;6;271
25;2025-11-24;7;548
25;2025-11-24;8;979
25;2025-11-24;9;561
25;2025-11-24;10;350
25;2025-11-24;11;421
25;2025-11-24;12;442
25;2025-11-24;13;595
25;2025-11-24;14;490
25;2025-11-24;15;505
25;2025-11-24;16;717
25;2025-11-24;17;778
25;2025-11-24;18;747
25;2025-11-24;19;602
25;2025-11-24;20;322
25;2025-11-24;21;202
25;2025-11-24;22;83
25;2025-11-24;23;10
25;2025-11-25;0;3
25;2025-11-25;1;0
25;2025-11-25;2;0
25;2025-11-25;3;0
25;2025-11-25;4;0
25;2025-11-25;5;20
25;2025-11-25;6;274
25;2025-11-25;7;549
25;2025-11-25;8;978
25;2025-11-25;9;472
25;2025-11-25;10;376
25;2025-11-25;11;439
25;2025-11-25;12;433
25;2025-11-25;13;490
25;2025-11-25;14;473
25;2025-11-25;15;578
25;2025-11-25;16;679
25;2025-11-25;17;760
25;2025-11-25;18;750
25;2025-11-25;19;586
25;2025-11-25;20;329
25;2025-11-25;21;220
25;2025-11-25;22;83
25;2025-11-25;23;5
25;2025-11-26;0;0
25;2025-11-26;1;0
25;2025-11-26;2;0
25;2025-11-26;3;0
25;2025-11-26;4;0
25;2025-11-26;5;24
25;2025-11-26;6;285
25;2025-11-26;7;537
25;2025-11-26;8;925
25;2025-11-26;9;484
25;2025-11-26;10;410
25;2025-11-26;11;490
25;2025-11-26;12;487
25;2025-11-26;13;627
25;2025-11-26;14;356
25;2025-11-26;15;607
25;2025-11-26;16;687
25;2025-11-26;17;937
25;2025-11-26;18;959
25;2025-11-26;19;715
25;2025-11-26;20;360
25;2025-11-26;21;301
25;2025-11-26;22;113
25;2025-11-26;23;11
25;2025-11-27;0;3
25;2025-11-27;1;0
25;2025-11-27;2;0
25;2025-11-27;3;0
25;2025-11-27;4;0
25;2025-11-27;5;25
25;2025-11-27;6;282
25;2025-11-27;7;547
25;2025-11-27;8;866
25;2025-11-27;9;473
25;2025-11-27;10;429
25;2025-11-27;11;463
25;2025-11-27;12;434
25;2025-11-27;13;547
25;2025-11-27;14;547
25;2025-11-27;15;653
25;2025-11-27;16;737
25;2025-11-27;17;775
25;2025-11-27;18;804
25;2025-11-27;19;651
25;2025-11-27;20;303
25;2025-11-27;21;215
25;2025-11-27;22;90
25;2025-11-27;23;5
25;2025-11-28;0;0
25;2025-11-28;1;0
25;2025-11-28;2;0
25;2025-11-28;3;0
25;2025-11-28;4;0
25;2025-11-28;5;16
25;2025-11-28;6;286
25;2025-11-28;7;586
25;2025-11-28;8;901
25;2025-11-28;9;461
25;2025-11-28;10;410
25;2025-11-28;11;462
25;2025-11-28;12;435
25;2025-11-28;13;581
25;2025-11-28;14;474
25;2025-11-28;15;662
25;2025-11-28;16;850
25;2025-11-28;17;816
25;2025-11-28;18;744
25;2025-11-28;19;672
25;2025-11-28;20;364
25;2025-11-28;21;224
25;2025-11-28;22;111
25;2025-11-28;23;17
25;2025-11-29;0;9
25;2025-11-29;1;0
25;2025-11-29;2;0
25;2025-11-29;3;0
25;2025-11-29;4;0
25;2025-11-29;5;24
25;2025-11-29;6;148
25;2025-11-29;7;140
25;2025-11-29;8;324
25;2025-11-29;9;289
25;2025-11-29;10;293
25;2025-11-29;11;402
25;2025-11-29;12;408
25;2025-11-29;13;676
25;2025-11-29;14;688
25;2025-11-29;15;793
25;2025-11-29;16;733
25;2025-11-29;17;596
25;2025-11-29;18;536
25;2025-11-29;19;474
25;2025-11-29;20;264
25;2025-11-29;21;206
25;2025-11-29;22;117
25;2025-11-29;23;46
25;2025-11-30;0;17
25;2025-11-30;1;1
25;2025-11-30;2;0
25;2025-11-30;3;0
25;2025-11-30;4;0
25;2025-11-30;5;11
25;2025-11-30;6;119
25;2025-11-30;7;107
25;2025-11-30;8;193
25;2025-11-30;9;227
25;2025-11-30;10;229
25;2025-11-30;11;329
25;2025-11-30;12;395
25;2025-11-30;13;510
25;2025-11-30;14;599
25;2025-11-30;15;676
25;2025-11-30;16;584
25;2025-11-30;17;584
25;2025-11-30;18;453
25;2025-11-30;19;300
25;2025-11-30;20;238
25;2025-11-30;21;152
25;2025-11-30;22;97
25;2025-11-30;23;35
25;2025-12-01;0;8
25;2025-12-01;1;0
25;2025-12-01;2;0
25;2025-12-01;3;0
25;2025-12-01;4;0
25;2025-12-01;5;21
25;2025-12-01;6;271
25;2025-12-01;7;548
25;2025-12-01;8;979
25;2025-12-01;9;561
25;2025-12-01;10;350
25;2025-12-01;11;421
25;2025-12-01;12;442
25;2025-12-01;13;595
25;2025-12-01;14;490
25;2025-12-01;15;505
25;2025-12-01;16;717
25;2025-12-01;17;778
25;2025-12-01;18;747
25;2025-12-01;19;602
25;2025-12-01;20;322
25;2025-12-01;21;202
25;2025-12-01;22;83
25;2025-12-01;23;10
25;2025-12-02;0;3
25;2025-12-02;1;0
25;2025-12-02;2;0
25;2025-12-02;3;0
25;2025-12-02;4;0
25;2025-12-02;5;20
25;2025-12-02;6;274
25;2025-12-02;7;549
25;2025-12-02;8;978
25;2025-12-02;9;472
25;2025-12-02;10;376
25;2025-12-02;11;439
25;2025-12-02;12;433
25;2025-12-02;13;490
25;2025-12-02;14;473
25;2025-12-02;15;578
25;2025-12-02;16;679
25;2025-12-02;17;760
25;2025-12-02;18;750
25;2025-12-02;19;586
25;2025-12-02;20;329
25;2025-12-02;21;220
25;2025-12-02;22;83
25;2025-12-02;23;5
25;2025-12-03;0;0
25;2025-12-03;1;0
25;2025-12-03;2;0
25;2025-12-03;3;0
25;2025-12-03;4;0
25;2025-12-03;5;24
25;2025-12-03;6;285
25;2025-12-03;7;537
25;2025-12-03;8;925
25;2025-12-03;9;484
25;2025-12-03;10;410
25;2025-12-03;11;490
25;2025-12-03;12;487
25;2025-12-03;13;627
25;2025-12-03;14;356
25;2025-12-03;15;607
25;2025-12-03;16;687
25;2025-12-03;17;937
25;2025-12-03;18;959
25;2025-12-03;19;715
25;2025-12-03;20;360
25;2025-12-03;21;301
25;2025-12-03;22;113
25;2025-12-03;23;11
25;2025-12-04;0;3
25;2025-12-04;1;0
25;2025-12-04;2;0
25;2025-12-04;3;0
25;2025-12-04;4;0
25;2025-12-04;5;25
25;2025-12-04;6;282
25;2025-12-04;7;547
25;2025-12-04;8;866
25;2025-12-04;9;473
25;2025-12-04;10;429
25;2025-12-04;11;463
25;2025-12-04;12;434
25;2025-12-04;13;547
25;2025-12-04;14;547
25;2025-12-04;15;653
25;2025-12-04;16;737
25;2025-12-04;17;775
25;2025-12-04;18;804
25;2025-12-04;19;651
25;2025-12-04;20;303
25;2025-12-04;21;215
25;2025-12-04;22;90
25;2025-12-04;23;5
25;2025-12-05;0;0
25;2025-12-05;1;0
25;2025-12-05;2;0
25;2025-12-05;3;0
25;2025-12-05;4;0
25;2025-12-05;5;16
25;2025-12-05;6;286
25;2025-12-05;7;586
25;2025-12-05;8;901
25;2025-12-05;9;461
25;2025-12-05;10;410
25;2025-12-05;11;462
25;2025-12-05;12;435
25;2025-12-05;13;581
25;2025-12-05;14;474
25;2025-12-05;15;662
25;2025-12-05;16;850
25;2025-12-05;17;816
25;2025-12-05;18;744
25;2025-12-05;19;672
25;2025-12-05;20;364
25;2025-12-05;21;224
25;2025-12-05;22;111
25;2025-12-05;23;17
25;2025-12-06;0;9
25;2025-12-06;1;0
25;2025-12-06;2;0
25;2025-12-06;3;0
25;2025-12-06;4;0
25;2025-12-06;5;24
25;2025-12-06;6;148
25;2025-12-06;7;140
25;2025-12-06;8;324
25;2025-12-06;9;289
25;2025-12-06;10;293
25;2025-12-06;11;402
25;2025-12-06;12;408
25;2025-12-06;13;676
25;2025-12-06;14;688
25;2025-12-06;15;793
25;2025-12-06;16;733
25;2025-12-06;17;596
25;2025-12-06;18;536
25;2025-12-06;19;474
25;2025-12-06;20;264
25;2025-12-06;21;206
25;2025-12-06;22;117
25;2025-12-06;23;46
25;2025-12-07;0;17
25;2025-12-07;1;1
25;2025-12-07;2;0
25;2025-12-07;3;0
25;2025-12-07;4;0
25;2025-12-07;5;11
25;2025-12-07;6;119
25;2025-12-07;7;107
25;2025-12-07;8;193
25;2025-12-07;9;227
25;2025-12-07;10;229
25;2025-12-07;11;329
25;2025-12-07;12;395
25;2025-12-07;13;510
25;2025-12-07;14;599
25;2025-12-07;15;676
25;2025-12-07;16;584
25;2025-12-07;17;584
25;2025-12-07;18;453
25;2025-12-07;19;300
25;2025-12-07;20;238
25;2025-12-07;21;152
25;2025-12-07;22;97
25;2025-12-07;23;35
25;2025-12-08;0;8
25;2025-12-08;1;0
25;2025-12-08;2;0
25;2025-12-08;3;0
25;2025-12-08;4;0
25;2025-12-08;5;21
25;2025-12-08;6;271
25;2025-12-08;7;548
25;2025-12-08;8;979
25;2025-12-08;9;561
25;2025-12-08;10;350
25;2025-12-08;11;421
25;2025-12-08;12;442
25;2025-12-08;13;595
25;2025-12-08;14;490
25;2025-12-08;15;505
25;2025-12-08;16;717
25;2025-12-08;17;778
25;2025-12-08;18;747
25;2025-12-08;19;602
25;2025-12-08;20;322
25;2025-12-08;21;202
25;2025-12-08;22;83
25;2025-12-08;23;10
25;2025-12-09;0;3
25;2025-12-09;1;0
25;2025-12-09;2;0
25;2025-12-09;3;0
25;2025-12-09;4;0
25;2025-12-09;5;20
25;2025-12-09;6;274
25;2025-12-09;7;549
25;2025-12-09;8;978
25;2025-12-09;9;472
25;2025-12-09;10;376
25;2025-12-09;11;439
25;2025-12-09;12;433
25;2025-12-09;13;490
25;2025-12-09;14;473
25;2025-12-09;15;578
25;2025-12-09;16;679
25;2025-12-09;17;760
25;2025-12-09;18;750
25;2025-12-09;19;586
25;2025-12-09;20;329
25;2025-12-09;21;220
25;2025-12-09;22;83
25;2025-12-09;23;5
25;2025-12-10;0;0
25;2025-12-10;1;0
25;2025-12-10;2;0
25;2025-12-10;3;0
25;2025-12-10;4;0
25;2025-12-10;5;24
25;2025-12-10;6;285
25;2025-12-10;7;537
25;2025-12-10;8;925
25;2025-12-10;9;484
25;2025-12-10;10;410
25;2025-12-10;11;490
25;2025-12-10;12;487
25;2025-12-10;13;627
25;2025-12-10;14;356
25;2025-12-10;15;607
25;2025-12-10;16;687
25;2025-12-10;17;937
25;2025-12-10;18;959
25;2025-12-10;19;715
25;2025-12-10;20;360
25;2025-12-10;21;301
25;2025-12-10;22;113
25;2025-12-10;23;11
25;2025-12-11;0;3
25;2025-12-11;1;0
25;2025-12-11;2;0
25;2025-12-11;3;0
25;2025-12-11;4;0
25;2025-12-11;5;25
25;2025-12-11;6;282
25;2025-12-11;7;547
25;2025-12-11;8;866
25;2025-12-11;9;473
25;2025-12-11;10;429
25;2025-12-11;11;463
25;2025-12-11;12;434
25;2025-12-11;13;547
25;2025-12-11;14;547
25;2025-12-11;15;653
25;2025-12-11;16;737
25;2025-12-11;17;775
25;2025-12-11;18;804
25;2025-12-11;19;651
25;2025-12-11;20;303
25;2025-12-11;21;215
25;2025-12-11;22;90
25;2025-12-11;23;5
25;2025-12-12;0;0
25;2025-12-12;1;0
25;2025-12-12;2;0
25;2025-12-12;3;0
25;2025-12-12;4;0
25;2025-12-12;5;16
25;2025-12-12;6;286
25;2025-12-12;7;586
25;2025-12-12;8;901
25;2025-12-12;9;461
25;2025-12-12;10;410
25;2025-12-12;11;462
25;2025-12-12;12;435
25;2025-12-12;13;581
25;2025-12-12;14;474
25;2025-12-12;15;662
25;2025-12-12;16;850
25;2025-12-12;17;816
25;2025-12-12;18;744
25;2025-12-12;19;672
25;2025-12-12;20;364
25;2025-12-12;21;224
25;2025-12-12;22;111
25;2025-12-12;23;17
25;2025-12-13;0;9
25;2025-12-13;1;0
25;2025-12-13;2;0
25;2025-12-13;3;0
25;2025-12-13;4;0
25;2025-12-13;5;24
25;2025-12-13;6;148
25;2025-12-13;7;140
25;2025-12-13;8;324
25;2025-12-13;9;289
25;2025-12-13;10;293
25;2025-12-13;11;402
25;2025-12-13;12;408
25;2025-12-13;13;676
25;2025-12-13;14;688
25;2025-12-13;15;793
25;2025-12-13;16;733
25;2025-12-13;17;596
25;2025-12-13;18;536
25;2025-12-13;19;474
25;2025-12-13;20;264
25;2025-12-13;21;206
25;2025-12-13;22;117
25;2025-12-13;23;46
25;2025-12-14;0;17
25;2025-12-14;1;1
25;2025-12-14;2;0
25;2025-12-14;3;0
25;2025-12-14;4;0
25;2025-12-14;5;11
25;2025-12-14;6;119
25;2025-12-14;7;107
25;2025-12-14;8;193
25;2025-12-14;9;227
25;2025-12-14;10;229
25;2025-12-14;11;329
25;2025-12-14;12;395
25;2025-12-14;13;510
25;2025-12-14;14;599
25;2025-12-14;15;676
25;2025-12-14;16;584
25;2025-12-14;17;584
25;2025-12-14;18;453
25;2025-12-14;19;300
25;2025-12-14;20;238
25;2025-12-14;21;152
25;2025-12-14;22;97
25;2025-12-14;23;35
25;2025-12-15;0;8
25;2025-12-15;1;0
25;2025-12-15;2;0
25;2025-12-15;3;0
25;2025-12-15;4;0
25;2025-12-15;5;21
25;2025-12-15;6;271
25;2025-12-15;7;548
25;2025-12-15;8;979
25;2025-12-15;9;561
25;2025-12-15;10;350
25;2025-12-15;11;421
25;2025-12-15;12;442
25;2025-12-15;13;595
25;2025-12-15;14;490
25;2025-12-15;15;505
25;2025-12-15;16;717
25;2025-12-15;17;778
25;2025-12-15;18;747
25;2025-12-15;19;602
25;2025-12-15;20;322
25;2025-12-15;21;202
25;2025-12-15;22;83
25;2025-12-15;23;10
25;2025-12-16;0;3
25;2025-12-16;1;0
25;2025-12-16;2;0
25;2025-12-16;3;0
25;2025-12-16;4;0
25;2025-12-16;5;20
25;2025-12-16;6;274
25;2025-12-16;7;549
25;2025-12-16;8;978
25;2025-12-16;9;472
25;2025-12-16;10;376
25;2025-12-16;11;439
25;2025-12-16;12;433
25;2025-12-16;13;490
25;2025-12-16;14;473
25;2025-12-16;15;578
25;2025-12-16;16;679
25;2025-12-16;17;760
25;2025-12-16;18;750
25;2025-12-16;19;586
25;2025-12-16;20;329
25;2025-12-16;21;220
25;2025-12-16;22;83
25;2025-12-16;23;5
25;2025-12-17;0;0
25;2025-12-17;1;0
25;2025-12-17;2;0
25;2025-12-17;3;0
25;2025-12-17;4;0
25;2025-12-17;5;24
25;2025-12-17;6;285
25;2025-12-17;7;537
25;2025-12-17;8;925
25;2025-12-17;9;484
25;2025-12-17;10;410
25;2025-12-17;11;490
25;2025-12-17;12;487
25;2025-12-17;13;627
25;2025-12-17;14;356
25;2025-12-17;15;607
25;2025-12-17;16;687
25;2025-12-17;17;937
25;2025-12-17;18;959
25;2025-12-17;19;715
25;2025-12-17;20;360
25;2025-12-17;21;301
25;2025-12-17;22;113
25;2025-12-17;23;11
25;2025-12-18;0;3
25;2025-12-18;1;0
25;2025-12-18;2;0
25;2025-12-18;3;0
25;2025-12-18;4;0
25;2025-12-18;5;25
25;2025-12-18;6;282
25;2025-12-18;7;547
25;2025-12-18;8;866
25;2025-12-18;9;473
25;2025-12-18;10;429
25;2025-12-18;11;463
25;2025-12-18;12;434
25;2025-12-18;13;547
25;2025-12-18;14;547
25;2025-12-18;15;653
25;2025-12-18;16;737
25;2025-12-18;17;775
25;2025-12-18;18;804
25;2025-12-18;19;651
25;2025-12-18;20;303
25;2025-12-18;21;215
25;2025-12-18;22;90
25;2025-12-18;23;5
25;2025-12-19;0;0
25;2025-12-19;1;0
25;2025-12-19;2;0
25;2025-12-19;3;0
25;2025-12-19;4;0
25;2025-12-19;5;16
25;2025-12-19;6;286
25;2025-12-19;7;586
25;2025-12-19;8;901
25;2025-12-19;9;461
25;2025-12-19;10;410
25;2025-12-19;11;462
25;2025-12-19;12;435
25;2025-12-19;13;581
25;2025-12-19;14;474
25;2025-12-19;15;662
25;2025-12-19;16;850
25;2025-12-19;17;816
25;2025-12-19;18;744
25;2025-12-19;19;672
25;2025-12-19;20;364
25;2025-12-19;21;224
25;2025-12-19;22;111
25;2025-12-19;23;17
25;2025-12-20;0;9
25;2025-12-20;1;0
25;2025-12-20;2;0
25;2025-12-20;3;0
25;2025-12-20;4;0
25;2025-12-20;5;24
25;2025-12-20;6;148
25;2025-12-20;7;140
25;2025-12-20;8;324
25;2025-12-20;9;289
25;2025-12-20;10;293
25;2025-12-20;11;402
25;2025-12-20;12;408
25;2025-12-20;13;676
25;2025-12-20;14;688
25;2025-12-20;15;793
25;2025-12-20;16;733
25;2025-12-20;17;596
25;2025-12-20;18;536
25;2025-12-20;19;474
25;2025-12-20;20;264
25;2025-12-20;21;206
25;2025-12-20;22;117
25;2025-12-20;23;46
25;2025-12-21;0;17
25;2025-12-21;1;1
25;2025-12-21;2;0
25;2025-12-21;3;0
25;2025-12-21;4;0
25;2025-12-21;5;11
25;2025-12-21;6;119
25;2025-12-21;7;107
25;2025-12-21;8;193
25;2025-12-21;9;227
25;2025-12-21;10;229
25;2025-12-21;11;329
25;2025-12-21;12;395
25;2025-12-21;13;510
25;2025-12-21;14;599
25;2025-12-21;15;676
25;2025-12-21;16;584
25;2025-12-21;17;584
25;2025-12-21;18;453
25;2025-12-21;19;300
25;2025-12-21;20;238
25;2025-12-21;21;152
25;2025-12-21;22;97
25;2025-12-21;23;35
25;2025-12-22;0;8
25;2025-12-22;1;0
25;2025-12-22;2;0
25;2025-12-22;3;0
25;2025-12-22;4;0
25;2025-12-22;5;21
25;2025-12-22;6;271
25;2025-12-22;7;548
25;2025-12-22;8;979
25;2025-12-22;9;561
25;2025-12-22;10;350
25;2025-12-22;11;421
25;2025-12-22;12;442
25;2025-12-22;13;595
25;2025-12-22;14;490
25;2025-12-22;15;505
25;2025-12-22;16;717
25;2025-12-22;17;778
25;2025-12-22;18;747
25;2025-12-22;19;602
25;2025-12-22;20;322
25;2025-12-22;21;202
25;2025-12-22;22;83
25;2025-12-22;23;10
25;2025-12-23;0;3
25;2025-12-23;1;0
25;2025-12-23;2;0
25;2025-12-23;3;0
25;2025-12-23;4;0
25;2025-12-23;5;20
25;2025-12-23;6;274
25;2025-12-23;7;549
25;2025-12-23;8;978
25;2025-12-23;9;472
25;2025-12-23;10;376
25;2025-12-23;11;439
25;2025-12-23;12;433
25;2025-12-23;13;490
25;2025-12-23;14;473
25;2025-12-23;15;578
25;2025-12-23;16;679
25;2025-12-23;17;760
25;2025-12-23;18;750
25;2025-12-23;19;586
25;2025-12-23;20;329
25;2025-12-23;21;220
25;2025-12-23;22;83
25;2025-12-23;23;5
25;2025-12-24;0;0
25;2025-12-24;1;0
25;2025-12-24;2;0
25;2025-12-24;3;0
25;2025-12-24;4;0
25;2025-12-24;5;24
25;2025-12-24;6;285
25;2025-12-24;7;537
25;2025-12-24;8;925
25;2025-12-24;9;484
25;2025-12-24;10;410
25;2025-12-24;11;490
25;2025-12-24;12;487
25;2025-12-24;13;627
25;2025-12-24;14;356
25;2025-12-24;15;607
25;2025-12-24;16;687
25;2025-12-24;17;937
25;2025-12-24;18;959
25;2025-12-24;19;715
25;2025-12-24;20;360
25;2025-12-24;21;301
25;2025-12-24;22;113
25;2025-12-24;23;11
25;2025-12-25;0;3
25;2025-12-25;1;0
25;2025-12-25;2;0
25;2025-12-25;3;0
25;2025-12-25;4;0
25;2025-12-25;5;25
25;2025-12-25;6;282
25;2025-12-25;7;547
25;2025-12-25;8;866
25;2025-12-25;9;473
25;2025-12-25;10;429
25;2025-12-25;11;463
25;2025-12-25;12;434
25;2025-12-25;13;547
25;2025-12-25;14;547
25;2025-12-25;15;653
25;2025-12-25;16;737
25;2025-12-25;17;775
25;2025-12-25;18;804
25;2025-12-25;19;651
25;2025-12-25;20;303
25;2025-12-25;21;215
25;2025-12-25;22;90
25;2025-12-25;23;5
25;2025-12-26;0;0
25;2025-12-26;1;0
25;2025-12-26;2;0
25;2025-12-26;3;0
25;2025-12-26;4;0
25;2025-12-26;5;16
25;2025-12-26;6;286
25;2025-12-26;7;586
25;2025-12-26;8;901
25;2025-12-26;9;461
25;2025-12-26;10;410
25;2025-12-26;11;462
25;2025-12-26;12;435
25;2025-12-26;13;581
25;2025-12-26;14;474
25;2025-12-26;15;662
25;2025-12-26;16;850
25;2025-12-26;17;816
25;2025-12-26;18;744
25;2025-12-26;19;672
25;2025-12-26;20;364
25;2025-12-26;21;224
25;2025-12-26;22;111
25;2025-12-26;23;17
25;2025-12-27;0;9
25;2025-12-27;1;0
25;2025-12-27;2;0
25;2025-12-27;3;0
25;2025-12-27;4;0
25;2025-12-27;5;24
25;2025-12-27;6;148
25;2025-12-27;7;140
25;2025-12-27;8;324
25;2025-12-27;9;289
25;2025-12-27;10;293
25;2025-12-27;11;402
25;2025-12-27;12;408
25;2025-12-27;13;676
25;2025-12-27;14;688
25;2025-12-27;15;793
25;2025-12-27;16;733
25;2025-12-27;17;596
25;2025-12-27;18;536
25;2025-12-27;19;474
25;2025-12-27;20;264
25;2025-12-27;21;206
25;2025-12-27;22;117
25;2025-12-27;23;46
25;2025-12-28;0;17
25;2025-12-28;1;1
25;2025-12-28;2;0
25;2025-12-28;3;0
25;2025-12-28;4;0
25;2025-12-28;5;11
25;2025-12-28;6;119
25;2025-12-28;7;107
25;2025-12-28;8;193
25;2025-12-28;9;227
25;2025-12-28;10;229
25;2025-12-28;11;329
25;2025-12-28;12;395
25;2025-12-28;13;510
25;2025-12-28;14;599
25;2025-12-28;15;676
25;2025-12-28;16;584
25;2025-12-28;17;584
25;2025-12-28;18;453
25;2025-12-28;19;300
25;2025-12-28;20;238
25;2025-12-28;21;152
25;2025-12-28;22;97
25;2025-12-28;23;35
25;2025-12-29;0;8
25;2025-12-29;1;0
25;2025-12-29;2;0
25;2025-12-29;3;0
25;2025-12-29;4;0
25;2025-12-29;5;21
25;2025-12-29;6;271
25;2025-12-29;7;548
25;2025-12-29;8;979
25;2025-12-29;9;561
25;2025-12-29;10;350
25;2025-12-29;11;421
25;2025-12-29;12;442
25;2025-12-29;13;595
25;2025-12-29;14;490
25;2025-12-29;15;505
25;2025-12-29;16;717
25;2025-12-29;17;778
25;2025-12-29;18;747
25;2025-12-29;19;602
25;2025-12-29;20;322
25;2025-12-29;21;202
25;2025-12-29;22;83
25;2025-12-29;23;10
25;2025-12-30;0;3
25;2025-12-30;1;0
25;2025-12-30;2;0
25;2025-12-30;3;0
25;2025-12-30;4;0
25;2025-12-30;5;20
25;2025-12-30;6;274
25;2025-12-30;7;549
25;2025-12-30;8;978
25;2025-12-30;9;472
25;2025-12-30;10;376
25;2025-12-30;11;439
25;2025-12-30;12;433
25;2025-12-30;13;490
25;2025-12-30;14;473
25;2025-12-30;15;578
25;2025-12-30;16;679
25;2025-12-30;17;760
25;2025-12-30;18;750
25;2025-12-30;19;586
25;2025-12-30;20;329
25;2025-12-30;21;220
25;2025-12-30;22;83
25;2025-12-30;23;5
25;2025-12-31;0;13
25;2025-12-31;1;0
25;2025-12-31;2;0
25;2025-12-31;3;0
25;2025-12-31;4;0
25;2025-12-31;5;2
25;2025-12-31;6;41
25;2025-12-31;7;101
25;2025-12-31;8;204
25;2025-12-31;9;194
25;2025-12-31;10;199
25;2025-12-31;11;234
25;2025-12-31;12;272
25;2025-12-31;13;349
25;2025-12-31;14;415
25;2025-12-31;15;500
25;2025-12-31;16;451
25;2025-12-31;17;380
25;2025-12-31;18;401
25;2025-12-31;19;331
25;2025-12-31;20;278
25;2025-12-31;21;232
25;2025-12-31;22;162
25;2025-12-31;23;52
26;2025-11-01;0;53
26;2025-11-01;1;2
26;2025-11-01;2;0
26;2025-11-01;3;0
26;2025-11-01;4;2
26;2025-11-01;5;52
26;2025-11-01;6;229
26;2025-11-01;7;371
26;2025-11-01;8;633
26;2025-11-01;9;680
26;2025-11-01;10;852
26;2025-11-01;11;1017
26;2025-11-01;12;1092
26;2025-11-01;13;1082
26;2025-11-01;14;1112
26;2025-11-01;15;993
26;2025-11-01;16;1054
26;2025-11-01;17;975
26;2025-11-01;18;883
26;2025-11-01;19;783
26;2025-11-01;20;561
26;2025-11-01;21;365
26;2025-11-01;22;207
26;2025-11-01;23;166
26;2025-11-02;0;51
26;2025-11-02;1;3
26;2025-11-02;2;0
26;2025-11-02;3;0
26;2025-11-02;4;2
26;2025-11-02;5;21
26;2025-11-02;6;157
26;2025-11-02;7;262
26;2025-11-02;8;386
26;2025-11-02;9;527
26;2025-11-02;10;589
26;2025-11-02;11;831
26;2025-11-02;12;834
26;2025-11-02;13;889
26;2025-11-02;14;881
26;2025-11-02;15;796
26;2025-11-02;16;757
26;2025-11-02;17;787
26;2025-11-02;18;692
26;2025-11-02;19;519
26;2025-11-02;20;398
26;2025-11-02;21;282
26;2025-11-02;22;163
26;2025-11-02;23;115
26;2025-11-03;0;50
26;2025-11-03;1;5
26;2025-11-03;2;0
26;2025-11-03;3;0
26;2025-11-03;4;3
26;2025-11-03;5;44
26;2025-11-03;6;241
26;2025-11-03;7;320
26;2025-11-03;8;366
26;2025-11-03;9;474
26;2025-11-03;10;495
26;2025-11-03;11;587
26;2025-11-03;12;629
26;2025-11-03;13;675
26;2025-11-03;14;668
26;2025-11-03;15;588
26;2025-11-03;16;574
26;2025-11-03;17;596
26;2025-11-03;18;617
26;2025-11-03;19;653
26;2025-11-03;20;468
26;2025-11-03;21;355
26;2025-11-03;22;239
26;2025-11-03;23;147
26;2025-11-04;0;50
26;2025-11-04;1;5
26;2025-11-04;2;0
26;2025-11-04;3;0
26;2025-11-04;4;3
26;2025-11-04;5;44
26;2025-11-04;6;241
26;2025-11-04;7;320
26;2025-11-04;8;366
26;2025-11-04;9;474
26;2025-11-04;10;495
26;2025-11-04;11;587
26;2025-11-04;12;629
26;2025-11-04;13;675
26;2025-11-04;14;668
26;2025-11-04;15;588
26;2025-11-04;16;574
26;2025-11-04;17;596
26;2025-11-04;18;617
26;2025-11-04;19;653
26;2025-11-04;20;468
26;2025-11-04;21;355
26;2025-11-04;22;239
26;2025-11-04;23;147
26;2025-11-05;0;32
26;2025-11-05;1;1
26;2025-11-05;2;0
26;2025-11-05;3;0
26;2025-11-05;4;4
26;2025-11-05;5;108
26;2025-11-05;6;460
26;2025-11-05;7;1127
26;2025-11-05;8;2364
26;2025-11-05;9;1489
26;2025-11-05;10;1265
26;2025-11-05;11;1088
26;2025-11-05;12;1259
26;2025-11-05;13;1248
26;2025-11-05;14;1442
26;2025-11-05;15;1477
26;2025-11-05;16;1569
26;2025-11-05;17;1761
26;2025-11-05;18;1890
26;2025-11-05;19;1281
26;2025-11-05;20;809
26;2025-11-05;21;584
26;2025-11-05;22;223
26;2025-11-05;23;138
26;2025-11-06;0;45
26;2025-11-06;1;1
26;2025-11-06;2;0
26;2025-11-06;3;0
26;2025-11-06;4;2
26;2025-11-06;5;101
26;2025-11-06;6;477
26;2025-11-06;7;1088
26;2025-11-06;8;2298
26;2025-11-06;9;1555
26;2025-11-06;10;1243
26;2025-11-06;11;1164
26;2025-11-06;12;1228
26;2025-11-06;13;1237
26;2025-11-06;14;1446
26;2025-11-06;15;1424
26;2025-11-06;16;1545
26;2025-11-06;17;1738
26;2025-11-06;18;1907
26;2025-11-06;19;1231
26;2025-11-06;20;741
26;2025-11-06;21;502
26;2025-11-06;22;197
26;2025-11-06;23;136
26;2025-11-07;0;32
26;2025-11-07;1;1
26;2025-11-07;2;0
26;2025-11-07;3;0
26;2025-11-07;4;1
26;2025-11-07;5;82
26;2025-11-07;6;489
26;2025-11-07;7;1022
26;2025-11-07;8;2242
26;2025-11-07;9;1401
26;2025-11-07;10;1256
26;2025-11-07;11;1120
26;2025-11-07;12;1119
26;2025-11-07;13;1140
26;2025-11-07;14;1393
26;2025-11-07;15;1358
26;2025-11-07;16;1672
26;2025-11-07;17;1799
26;2025-11-07;18;1291
26;2025-11-07;19;1033
26;2025-11-07;20;648
26;2025-11-07;21;465
26;2025-11-07;22;195
26;2025-11-07;23;154
26;2025-11-08;0;53
26;2025-11-08;1;2
26;2025-11-08;2;0
26;2025-11-08;3;0
26;2025-11-08;4;2
26;2025-11-08;5;52
26;2025-11-08;6;229
26;2025-11-08;7;371
26;2025-11-08;8;633
26;2025-11-08;9;680
26;2025-11-08;10;852
26;2025-11-08;11;1017
26;2025-11-08;12;1092
26;2025-11-08;13;1082
26;2025-11-08;14;1112
26;2025-11-08;15;993
26;2025-11-08;16;1054
26;2025-11-08;17;975
26;2025-11-08;18;883
26;2025-11-08;19;783
26;2025-11-08;20;561
26;2025-11-08;21;365
26;2025-11-08;22;207
26;2025-11-08;23;166
26;2025-11-09;0;51
26;2025-11-09;1;3
26;2025-11-09;2;0
26;2025-11-09;3;0
26;2025-11-09;4;2
26;2025-11-09;5;21
26;2025-11-09;6;157
26;2025-11-09;7;262
26;2025-11-09;8;386
26;2025-11-09;9;527
26;2025-11-09;10;589
26;2025-11-09;11;831
26;2025-11-09;12;834
26;2025-11-09;13;889
26;2025-11-09;14;881
26;2025-11-09;15;796
26;2025-11-09;16;757
26;2025-11-09;17;787
26;2025-11-09;18;692
26;2025-11-09;19;519
26;2025-11-09;20;398
26;2025-11-09;21;282
26;2025-11-09;22;163
26;2025-11-09;23;115
26;2025-11-10;0;25
26;2025-11-10;1;2
26;2025-11-10;2;0
26;2025-11-10;3;0
26;2025-11-10;4;2
26;2025-11-10;5;95
26;2025-11-10;6;473
26;2025-11-10;7;1136
26;2025-11-10;8;2247
26;2025-11-10;9;1448
26;2025-11-10;10;1251
26;2025-11-10;11;1085
26;2025-11-10;12;1117
26;2025-11-10;13;1197
26;2025-11-10;14;1299
26;2025-11-10;15;1336
26;2025-11-10;16;1440
26;2025-11-10;17;1748
26;2025-11-10;18;1887
26;2025-11-10;19;1209
26;2025-11-10;20;767
26;2025-11-10;21;474
26;2025-11-10;22;190
26;2025-11-10;23;106
26;2025-11-11;0;32
26;2025-11-11;1;1
26;2025-11-11;2;0
26;2025-11-11;3;0
26;2025-11-11;4;1
26;2025-11-11;5;90
26;2025-11-11;6;482
26;2025-11-11;7;1138
26;2025-11-11;8;2380
26;2025-11-11;9;1495
26;2025-11-11;10;1327
26;2025-11-11;11;1215
26;2025-11-11;12;1195
26;2025-11-11;13;1198
26;2025-11-11;14;1289
26;2025-11-11;15;1396
26;2025-11-11;16;1506
26;2025-11-11;17;1819
26;2025-11-11;18;1994
26;2025-11-11;19;1319
26;2025-11-11;20;748
26;2025-11-11;21;482
26;2025-11-11;22;203
26;2025-11-11;23;111
26;2025-11-12;0;32
26;2025-11-12;1;1
26;2025-11-12;2;0
26;2025-11-12;3;0
26;2025-11-12;4;4
26;2025-11-12;5;108
26;2025-11-12;6;460
26;2025-11-12;7;1127
26;2025-11-12;8;2364
26;2025-11-12;9;1489
26;2025-11-12;10;1265
26;2025-11-12;11;1088
26;2025-11-12;12;1259
26;2025-11-12;13;1248
26;2025-11-12;14;1442
26;2025-11-12;15;1477
26;2025-11-12;16;1569
26;2025-11-12;17;1761
26;2025-11-12;18;1890
26;2025-11-12;19;1281
26;2025-11-12;20;809
26;2025-11-12;21;584
26;2025-11-12;22;223
26;2025-11-12;23;138
26;2025-11-13;0;45
26;2025-11-13;1;1
26;2025-11-13;2;0
26;2025-11-13;3;0
26;2025-11-13;4;2
26;2025-11-13;5;101
26;2025-11-13;6;477
26;2025-11-13;7;1088
26;2025-11-13;8;2298
26;2025-11-13;9;1555
26;2025-11-13;10;1243
26;2025-11-13;11;1164
26;2025-11-13;12;1228
26;2025-11-13;13;1237
26;2025-11-13;14;1446
26;2025-11-13;15;1424
26;2025-11-13;16;1545
26;2025-11-13;17;1738
26;2025-11-13;18;1908
26;2025-11-13;19;1231
26;2025-11-13;20;741
26;2025-11-13;21;502
26;2025-11-13;22;197
26;2025-11-13;23;136
26;2025-11-14;0;32
26;2025-11-14;1;1
26;2025-11-14;2;0
26;2025-11-14;3;0
26;2025-11-14;4;1
26;2025-11-14;5;82
26;2025-11-14;6;489
26;2025-11-14;7;1022
26;2025-11-14;8;2242
26;2025-11-14;9;1401
26;2025-11-14;10;1256
26;2025-11-14;11;1120
26;2025-11-14;12;1119
26;2025-11-14;13;1140
26;2025-11-14;14;1393
26;2025-11-14;15;1358
26;2025-11-14;16;1672
26;2025-11-14;17;1799
26;2025-11-14;18;1291
26;2025-11-14;19;1033
26;2025-11-14;20;648
26;2025-11-14;21;465
26;2025-11-14;22;195
26;2025-11-14;23;154
26;2025-11-15;0;53
26;2025-11-15;1;2
26;2025-11-15;2;0
26;2025-11-15;3;0
26;2025-11-15;4;2
26;2025-11-15;5;52
26;2025-11-15;6;229
26;2025-11-15;7;371
26;2025-11-15;8;633
26;2025-11-15;9;680
26;2025-11-15;10;852
26;2025-11-15;11;1017
26;2025-11-15;12;1092
26;2025-11-15;13;1082
26;2025-11-15;14;1112
26;2025-11-15;15;993
26;2025-11-15;16;1054
26;2025-11-15;17;975
26;2025-11-15;18;883
26;2025-11-15;19;783
26;2025-11-15;20;561
26;2025-11-15;21;365
26;2025-11-15;22;207
26;2025-11-15;23;166
26;2025-11-16;0;51
26;2025-11-16;1;3
26;2025-11-16;2;0
26;2025-11-16;3;0
26;2025-11-16;4;2
26;2025-11-16;5;21
26;2025-11-16;6;157
26;2025-11-16;7;262
26;2025-11-16;8;386
26;2025-11-16;9;527
26;2025-11-16;10;589
26;2025-11-16;11;831
26;2025-11-16;12;834
26;2025-11-16;13;889
26;2025-11-16;14;881
26;2025-11-16;15;796
26;2025-11-16;16;757
26;2025-11-16;17;787
26;2025-11-16;18;692
26;2025-11-16;19;519
26;2025-11-16;20;398
26;2025-11-16;21;282
26;2025-11-16;22;163
26;2025-11-16;23;115
26;2025-11-17;0;25
26;2025-11-17;1;2
26;2025-11-17;2;0
26;2025-11-17;3;0
26;2025-11-17;4;2
26;2025-11-17;5;95
26;2025-11-17;6;473
26;2025-11-17;7;1136
26;2025-11-17;8;2247
26;2025-11-17;9;1448
26;2025-11-17;10;1251
26;2025-11-17;11;1085
26;2025-11-17;12;1117
26;2025-11-17;13;1197
26;2025-11-17;14;1299
26;2025-11-17;15;1336
26;2025-11-17;16;1440
26;2025-11-17;17;1748
26;2025-11-17;18;1887
26;2025-11-17;19;1209
26;2025-11-17;20;767
26;2025-11-17;21;474
26;2025-11-17;22;190
26;2025-11-17;23;106
26;2025-11-18;0;32
26;2025-11-18;1;1
26;2025-11-18;2;0
26;2025-11-18;3;0
26;2025-11-18;4;1
26;2025-11-18;5;90
26;2025-11-18;6;482
26;2025-11-18;7;1138
26;2025-11-18;8;2380
26;2025-11-18;9;1495
26;2025-11-18;10;1327
26;2025-11-18;11;1215
26;2025-11-18;12;1195
26;2025-11-18;13;1198
26;2025-11-18;14;1289
26;2025-11-18;15;1396
26;2025-11-18;16;1506
26;2025-11-18;17;1819
26;2025-11-18;18;1994
26;2025-11-18;19;1319
26;2025-11-18;20;748
26;2025-11-18;21;482
26;2025-11-18;22;203
26;2025-11-18;23;111
26;2025-11-19;0;32
26;2025-11-19;1;1
26;2025-11-19;2;0
26;2025-11-19;3;0
26;2025-11-19;4;4
26;2025-11-19;5;108
26;2025-11-19;6;460
26;2025-11-19;7;1127
26;2025-11-19;8;2364
26;2025-11-19;9;1489
26;2025-11-19;10;1265
26;2025-11-19;11;1088
26;2025-11-19;12;1259
26;2025-11-19;13;1248
26;2025-11-19;14;1442
26;2025-11-19;15;1477
26;2025-11-19;16;1569
26;2025-11-19;17;1761
26;2025-11-19;18;1890
26;2025-11-19;19;1281
26;2025-11-19;20;809
26;2025-11-19;21;584
26;2025-11-19;22;223
26;2025-11-19;23;138
26;2025-11-20;0;45
26;2025-11-20;1;1
26;2025-11-20;2;0
26;2025-11-20;3;0
26;2025-11-20;4;2
26;2025-11-20;5;101
26;2025-11-20;6;477
26;2025-11-20;7;1088
26;2025-11-20;8;2298
26;2025-11-20;9;1555
26;2025-11-20;10;1243
26;2025-11-20;11;1164
26;2025-11-20;12;1228
26;2025-11-20;13;1237
26;2025-11-20;14;1446
26;2025-11-20;15;1424
26;2025-11-20;16;1545
26;2025-11-20;17;1738
26;2025-11-20;18;1908
26;2025-11-20;19;1231
26;2025-11-20;20;741
26;2025-11-20;21;502
26;2025-11-20;22;197
26;2025-11-20;23;136
26;2025-11-21;0;32
26;2025-11-21;1;1
26;2025-11-21;2;0
26;2025-11-21;3;0
26;2025-11-21;4;1
26;2025-11-21;5;82
26;2025-11-21;6;489
26;2025-11-21;7;1022
26;2025-11-21;8;2242
26;2025-11-21;9;1401
26;2025-11-21;10;1256
26;2025-11-21;11;1120
26;2025-11-21;12;1119
26;2025-11-21;13;1140
26;2025-11-21;14;1393
26;2025-11-21;15;1358
26;2025-11-21;16;1672
26;2025-11-21;17;1799
26;2025-11-21;18;1291
26;2025-11-21;19;1033
26;2025-11-21;20;648
26;2025-11-21;21;465
26;2025-11-21;22;195
26;2025-11-21;23;154
26;2025-11-22;0;53
26;2025-11-22;1;2
26;2025-11-22;2;0
26;2025-11-22;3;0
26;2025-11-22;4;2
26;2025-11-22;5;52
26;2025-11-22;6;229
26;2025-11-22;7;371
26;2025-11-22;8;633
26;2025-11-22;9;680
26;2025-11-22;10;852
26;2025-11-22;11;1017
26;2025-11-22;12;1092
26;2025-11-22;13;1082
26;2025-11-22;14;1112
26;2025-11-22;15;993
26;2025-11-22;16;1054
26;2025-11-22;17;975
26;2025-11-22;18;883
26;2025-11-22;19;783
26;2025-11-22;20;561
26;2025-11-22;21;365
26;2025-11-22;22;207
26;2025-11-22;23;166
26;2025-11-23;0;51
26;2025-11-23;1;3
26;2025-11-23;2;0
26;2025-11-23;3;0
26;2025-11-23;4;2
26;2025-11-23;5;21
26;2025-11-23;6;157
26;2025-11-23;7;262
26;2025-11-23;8;386
26;2025-11-23;9;527
26;2025-11-23;10;589
26;2025-11-23;11;831
26;2025-11-23;12;834
26;2025-11-23;13;889
26;2025-11-23;14;881
26;2025-11-23;15;796
26;2025-11-23;16;757
26;2025-11-23;17;787
26;2025-11-23;18;692
26;2025-11-23;19;519
26;2025-11-23;20;398
26;2025-11-23;21;282
26;2025-11-23;22;163
26;2025-11-23;23;115
26;2025-11-24;0;25
26;2025-11-24;1;2
26;2025-11-24;2;0
26;2025-11-24;3;0
26;2025-11-24;4;2
26;2025-11-24;5;95
26;2025-11-24;6;473
26;2025-11-24;7;1136
26;2025-11-24;8;2247
26;2025-11-24;9;1448
26;2025-11-24;10;1251
26;2025-11-24;11;1085
26;2025-11-24;12;1117
26;2025-11-24;13;1197
26;2025-11-24;14;1299
26;2025-11-24;15;1336
26;2025-11-24;16;1440
26;2025-11-24;17;1748
26;2025-11-24;18;1887
26;2025-11-24;19;1209
26;2025-11-24;20;767
26;2025-11-24;21;474
26;2025-11-24;22;190
26;2025-11-24;23;106
26;2025-11-25;0;32
26;2025-11-25;1;1
26;2025-11-25;2;0
26;2025-11-25;3;0
26;2025-11-25;4;1
26;2025-11-25;5;90
26;2025-11-25;6;482
26;2025-11-25;7;1138
26;2025-11-25;8;2380
26;2025-11-25;9;1495
26;2025-11-25;10;1327
26;2025-11-25;11;1215
26;2025-11-25;12;1195
26;2025-11-25;13;1198
26;2025-11-25;14;1289
26;2025-11-25;15;1396
26;2025-11-25;16;1506
26;2025-11-25;17;1819
26;2025-11-25;18;1994
26;2025-11-25;19;1319
26;2025-11-25;20;748
26;2025-11-25;21;482
26;2025-11-25;22;203
26;2025-11-25;23;111
26;2025-11-26;0;32
26;2025-11-26;1;1
26;2025-11-26;2;0
26;2025-11-26;3;0
26;2025-11-26;4;4
26;2025-11-26;5;108
26;2025-11-26;6;460
26;2025-11-26;7;1127
26;2025-11-26;8;2364
26;2025-11-26;9;1489
26;2025-11-26;10;1265
26;2025-11-26;11;1088
26;2025-11-26;12;1259
26;2025-11-26;13;1248
26;2025-11-26;14;1442
26;2025-11-26;15;1477
26;2025-11-26;16;1569
26;2025-11-26;17;1761
26;2025-11-26;18;1890
26;2025-11-26;19;1281
26;2025-11-26;20;809
26;2025-11-26;21;584
26;2025-11-26;22;223
26;2025-11-26;23;138
26;2025-11-27;0;45
26;2025-11-27;1;1
26;2025-11-27;2;0
26;2025-11-27;3;0
26;2025-11-27;4;2
26;2025-11-27;5;101
26;2025-11-27;6;477
26;2025-11-27;7;1088
26;2025-11-27;8;2298
26;2025-11-27;9;1555
26;2025-11-27;10;1243
26;2025-11-27;11;1164
26;2025-11-27;12;1228
26;2025-11-27;13;1237
26;2025-11-27;14;1446
26;2025-11-27;15;1424
26;2025-11-27;16;1545
26;2025-11-27;17;1738
26;2025-11-27;18;1908
26;2025-11-27;19;1231
26;2025-11-27;20;741
26;2025-11-27;21;502
26;2025-11-27;22;197
26;2025-11-27;23;136
26;2025-11-28;0;32
26;2025-11-28;1;1
26;2025-11-28;2;0
26;2025-11-28;3;0
26;2025-11-28;4;1
26;2025-11-28;5;82
26;2025-11-28;6;489
26;2025-11-28;7;1022
26;2025-11-28;8;2242
26;2025-11-28;9;1401
26;2025-11-28;10;1256
26;2025-11-28;11;1120
26;2025-11-28;12;1119
26;2025-11-28;13;1140
26;2025-11-28;14;1393
26;2025-11-28;15;1358
26;2025-11-28;16;1672
26;2025-11-28;17;1799
26;2025-11-28;18;1291
26;2025-11-28;19;1033
26;2025-11-28;20;648
26;2025-11-28;21;465
26;2025-11-28;22;195
26;2025-11-28;23;154
26;2025-11-29;0;53
26;2025-11-29;1;2
26;2025-11-29;2;0
26;2025-11-29;3;0
26;2025-11-29;4;2
26;2025-11-29;5;52
26;2025-11-29;6;229
26;2025-11-29;7;371
26;2025-11-29;8;633
26;2025-11-29;9;680
26;2025-11-29;10;852
26;2025-11-29;11;1017
26;2025-11-29;12;1092
26;2025-11-29;13;1082
26;2025-11-29;14;1112
26;2025-11-29;15;993
26;2025-11-29;16;1054
26;2025-11-29;17;975
26;2025-11-29;18;883
26;2025-11-29;19;783
26;2025-11-29;20;561
26;2025-11-29;21;365
26;2025-11-29;22;207
26;2025-11-29;23;166
26;2025-11-30;0;51
26;2025-11-30;1;3
26;2025-11-30;2;0
26;2025-11-30;3;0
26;2025-11-30;4;2
26;2025-11-30;5;21
26;2025-11-30;6;157
26;2025-11-30;7;262
26;2025-11-30;8;386
26;2025-11-30;9;527
26;2025-11-30;10;589
26;2025-11-30;11;831
26;2025-11-30;12;834
26;2025-11-30;13;889
26;2025-11-30;14;881
26;2025-11-30;15;796
26;2025-11-30;16;757
26;2025-11-30;17;787
26;2025-11-30;18;692
26;2025-11-30;19;519
26;2025-11-30;20;398
26;2025-11-30;21;282
26;2025-11-30;22;163
26;2025-11-30;23;115
26;2025-12-01;0;25
26;2025-12-01;1;2
26;2025-12-01;2;0
26;2025-12-01;3;0
26;2025-12-01;4;2
26;2025-12-01;5;95
26;2025-12-01;6;473
26;2025-12-01;7;1136
26;2025-12-01;8;2247
26;2025-12-01;9;1448
26;2025-12-01;10;1251
26;2025-12-01;11;1085
26;2025-12-01;12;1117
26;2025-12-01;13;1197
26;2025-12-01;14;1299
26;2025-12-01;15;1336
26;2025-12-01;16;1440
26;2025-12-01;17;1748
26;2025-12-01;18;1887
26;2025-12-01;19;1209
26;2025-12-01;20;767
26;2025-12-01;21;474
26;2025-12-01;22;190
26;2025-12-01;23;106
26;2025-12-02;0;32
26;2025-12-02;1;1
26;2025-12-02;2;0
26;2025-12-02;3;0
26;2025-12-02;4;1
26;2025-12-02;5;90
26;2025-12-02;6;482
26;2025-12-02;7;1138
26;2025-12-02;8;2380
26;2025-12-02;9;1495
26;2025-12-02;10;1327
26;2025-12-02;11;1215
26;2025-12-02;12;1195
26;2025-12-02;13;1198
26;2025-12-02;14;1289
26;2025-12-02;15;1396
26;2025-12-02;16;1506
26;2025-12-02;17;1819
26;2025-12-02;18;1994
26;2025-12-02;19;1319
26;2025-12-02;20;748
26;2025-12-02;21;482
26;2025-12-02;22;203
26;2025-12-02;23;111
26;2025-12-03;0;32
26;2025-12-03;1;1
26;2025-12-03;2;0
26;2025-12-03;3;0
26;2025-12-03;4;4
26;2025-12-03;5;108
26;2025-12-03;6;460
26;2025-12-03;7;1127
26;2025-12-03;8;2364
26;2025-12-03;9;1489
26;2025-12-03;10;1265
26;2025-12-03;11;1088
26;2025-12-03;12;1259
26;2025-12-03;13;1248
26;2025-12-03;14;1442
26;2025-12-03;15;1477
26;2025-12-03;16;1569
26;2025-12-03;17;1761
26;2025-12-03;18;1890
26;2025-12-03;19;1281
26;2025-12-03;20;809
26;2025-12-03;21;584
26;2025-12-03;22;223
26;2025-12-03;23;138
26;2025-12-04;0;45
26;2025-12-04;1;1
26;2025-12-04;2;0
26;2025-12-04;3;0
26;2025-12-04;4;2
26;2025-12-04;5;101
26;2025-12-04;6;477
26;2025-12-04;7;1088
26;2025-12-04;8;2298
26;2025-12-04;9;1555
26;2025-12-04;10;1243
26;2025-12-04;11;1164
26;2025-12-04;12;1228
26;2025-12-04;13;1237
26;2025-12-04;14;1446
26;2025-12-04;15;1424
26;2025-12-04;16;1545
26;2025-12-04;17;1738
26;2025-12-04;18;1908
26;2025-12-04;19;1231
26;2025-12-04;20;741
26;2025-12-04;21;502
26;2025-12-04;22;197
26;2025-12-04;23;136
26;2025-12-05;0;32
26;2025-12-05;1;1
26;2025-12-05;2;0
26;2025-12-05;3;0
26;2025-12-05;4;1
26;2025-12-05;5;82
26;2025-12-05;6;489
26;2025-12-05;7;1022
26;2025-12-05;8;2242
26;2025-12-05;9;1401
26;2025-12-05;10;1256
26;2025-12-05;11;1120
26;2025-12-05;12;1119
26;2025-12-05;13;1140
26;2025-12-05;14;1393
26;2025-12-05;15;1358
26;2025-12-05;16;1672
26;2025-12-05;17;1799
26;2025-12-05;18;1291
26;2025-12-05;19;1033
26;2025-12-05;20;648
26;2025-12-05;21;465
26;2025-12-05;22;195
26;2025-12-05;23;154
26;2025-12-06;0;53
26;2025-12-06;1;2
26;2025-12-06;2;0
26;2025-12-06;3;0
26;2025-12-06;4;2
26;2025-12-06;5;52
26;2025-12-06;6;229
26;2025-12-06;7;371
26;2025-12-06;8;633
26;2025-12-06;9;680
26;2025-12-06;10;852
26;2025-12-06;11;1017
26;2025-12-06;12;1092
26;2025-12-06;13;1082
26;2025-12-06;14;1112
26;2025-12-06;15;993
26;2025-12-06;16;1054
26;2025-12-06;17;975
26;2025-12-06;18;883
26;2025-12-06;19;783
26;2025-12-06;20;561
26;2025-12-06;21;365
26;2025-12-06;22;207
26;2025-12-06;23;166
26;2025-12-07;0;51
26;2025-12-07;1;3
26;2025-12-07;2;0
26;2025-12-07;3;0
26;2025-12-07;4;2
26;2025-12-07;5;21
26;2025-12-07;6;157
26;2025-12-07;7;262
26;2025-12-07;8;386
26;2025-12-07;9;527
26;2025-12-07;10;589
26;2025-12-07;11;831
26;2025-12-07;12;834
26;2025-12-07;13;889
26;2025-12-07;14;881
26;2025-12-07;15;796
26;2025-12-07;16;757
26;2025-12-07;17;787
26;2025-12-07;18;692
26;2025-12-07;19;519
26;2025-12-07;20;398
26;2025-12-07;21;282
26;2025-12-07;22;163
26;2025-12-07;23;115
26;2025-12-08;0;25
26;2025-12-08;1;2
26;2025-12-08;2;0
26;2025-12-08;3;0
26;2025-12-08;4;2
26;2025-12-08;5;95
26;2025-12-08;6;473
26;2025-12-08;7;1136
26;2025-12-08;8;2247
26;2025-12-08;9;1448
26;2025-12-08;10;1251
26;2025-12-08;11;1085
26;2025-12-08;12;1117
26;2025-12-08;13;1197
26;2025-12-08;14;1299
26;2025-12-08;15;1336
26;2025-12-08;16;1440
26;2025-12-08;17;1748
26;2025-12-08;18;1887
26;2025-12-08;19;1209
26;2025-12-08;20;767
26;2025-12-08;21;474
26;2025-12-08;22;190
26;2025-12-08;23;106
26;2025-12-09;0;32
26;2025-12-09;1;1
26;2025-12-09;2;0
26;2025-12-09;3;0
26;2025-12-09;4;1
26;2025-12-09;5;90
26;2025-12-09;6;482
26;2025-12-09;7;1138
26;2025-12-09;8;2380
26;2025-12-09;9;1495
26;2025-12-09;10;1327
26;2025-12-09;11;1215
26;2025-12-09;12;1195
26;2025-12-09;13;1198
26;2025-12-09;14;1289
26;2025-12-09;15;1396
26;2025-12-09;16;1506
26;2025-12-09;17;1819
26;2025-12-09;18;1994
26;2025-12-09;19;1319
26;2025-12-09;20;748
26;2025-12-09;21;482
26;2025-12-09;22;203
26;2025-12-09;23;111
26;2025-12-10;0;32
26;2025-12-10;1;1
26;2025-12-10;2;0
26;2025-12-10;3;0
26;2025-12-10;4;4
26;2025-12-10;5;108
26;2025-12-10;6;460
26;2025-12-10;7;1127
26;2025-12-10;8;2364
26;2025-12-10;9;1489
26;2025-12-10;10;1265
26;2025-12-10;11;1088
26;2025-12-10;12;1259
26;2025-12-10;13;1248
26;2025-12-10;14;1442
26;2025-12-10;15;1477
26;2025-12-10;16;1569
26;2025-12-10;17;1761
26;2025-12-10;18;1890
26;2025-12-10;19;1281
26;2025-12-10;20;809
26;2025-12-10;21;584
26;2025-12-10;22;223
26;2025-12-10;23;138
26;2025-12-11;0;45
26;2025-12-11;1;1
26;2025-12-11;2;0
26;2025-12-11;3;0
26;2025-12-11;4;2
26;2025-12-11;5;101
26;2025-12-11;6;477
26;2025-12-11;7;1088
26;2025-12-11;8;2298
26;2025-12-11;9;1555
26;2025-12-11;10;1243
26;2025-12-11;11;1164
26;2025-12-11;12;1228
26;2025-12-11;13;1237
26;2025-12-11;14;1446
26;2025-12-11;15;1424
26;2025-12-11;16;1545
26;2025-12-11;17;1738
26;2025-12-11;18;1908
26;2025-12-11;19;1231
26;2025-12-11;20;741
26;2025-12-11;21;502
26;2025-12-11;22;197
26;2025-12-11;23;136
26;2025-12-12;0;32
26;2025-12-12;1;1
26;2025-12-12;2;0
26;2025-12-12;3;0
26;2025-12-12;4;1
26;2025-12-12;5;82
26;2025-12-12;6;489
26;2025-12-12;7;1022
26;2025-12-12;8;2242
26;2025-12-12;9;1401
26;2025-12-12;10;1256
26;2025-12-12;11;1120
26;2025-12-12;12;1119
26;2025-12-12;13;1140
26;2025-12-12;14;1393
26;2025-12-12;15;1358
26;2025-12-12;16;1672
26;2025-12-12;17;1799
26;2025-12-12;18;1291
26;2025-12-12;19;1033
26;2025-12-12;20;648
26;2025-12-12;21;465
26;2025-12-12;22;195
26;2025-12-12;23;154
26;2025-12-13;0;53
26;2025-12-13;1;2
26;2025-12-13;2;0
26;2025-12-13;3;0
26;2025-12-13;4;2
26;2025-12-13;5;52
26;2025-12-13;6;229
26;2025-12-13;7;371
26;2025-12-13;8;633
26;2025-12-13;9;680
26;2025-12-13;10;852
26;2025-12-13;11;1017
26;2025-12-13;12;1092
26;2025-12-13;13;1082
26;2025-12-13;14;1112
26;2025-12-13;15;993
26;2025-12-13;16;1054
26;2025-12-13;17;975
26;2025-12-13;18;883
26;2025-12-13;19;783
26;2025-12-13;20;561
26;2025-12-13;21;365
26;2025-12-13;22;207
26;2025-12-13;23;166
26;2025-12-14;0;51
26;2025-12-14;1;3
26;2025-12-14;2;0
26;2025-12-14;3;0
26;2025-12-14;4;2
26;2025-12-14;5;21
26;2025-12-14;6;157
26;2025-12-14;7;262
26;2025-12-14;8;386
26;2025-12-14;9;527
26;2025-12-14;10;589
26;2025-12-14;11;831
26;2025-12-14;12;834
26;2025-12-14;13;889
26;2025-12-14;14;881
26;2025-12-14;15;796
26;2025-12-14;16;757
26;2025-12-14;17;787
26;2025-12-14;18;692
26;2025-12-14;19;519
26;2025-12-14;20;398
26;2025-12-14;21;282
26;2025-12-14;22;163
26;2025-12-14;23;115
26;2025-12-15;0;25
26;2025-12-15;1;2
26;2025-12-15;2;0
26;2025-12-15;3;0
26;2025-12-15;4;2
26;2025-12-15;5;95
26;2025-12-15;6;473
26;2025-12-15;7;1136
26;2025-12-15;8;2247
26;2025-12-15;9;1448
26;2025-12-15;10;1251
26;2025-12-15;11;1085
26;2025-12-15;12;1117
26;2025-12-15;13;1197
26;2025-12-15;14;1299
26;2025-12-15;15;1336
26;2025-12-15;16;1440
26;2025-12-15;17;1748
26;2025-12-15;18;1887
26;2025-12-15;19;1209
26;2025-12-15;20;767
26;2025-12-15;21;474
26;2025-12-15;22;190
26;2025-12-15;23;106
26;2025-12-16;0;32
26;2025-12-16;1;1
26;2025-12-16;2;0
26;2025-12-16;3;0
26;2025-12-16;4;1
26;2025-12-16;5;90
26;2025-12-16;6;482
26;2025-12-16;7;1138
26;2025-12-16;8;2380
26;2025-12-16;9;1495
26;2025-12-16;10;1327
26;2025-12-16;11;1215
26;2025-12-16;12;1195
26;2025-12-16;13;1198
26;2025-12-16;14;1289
26;2025-12-16;15;1396
26;2025-12-16;16;1506
26;2025-12-16;17;1819
26;2025-12-16;18;1994
26;2025-12-16;19;1319
26;2025-12-16;20;748
26;2025-12-16;21;482
26;2025-12-16;22;203
26;2025-12-16;23;111
26;2025-12-17;0;32
26;2025-12-17;1;1
26;2025-12-17;2;0
26;2025-12-17;3;0
26;2025-12-17;4;4
26;2025-12-17;5;108
26;2025-12-17;6;460
26;2025-12-17;7;1127
26;2025-12-17;8;2364
26;2025-12-17;9;1489
26;2025-12-17;10;1265
26;2025-12-17;11;1088
26;2025-12-17;12;1259
26;2025-12-17;13;1248
26;2025-12-17;14;1442
26;2025-12-17;15;1477
26;2025-12-17;16;1569
26;2025-12-17;17;1761
26;2025-12-17;18;1890
26;2025-12-17;19;1281
26;2025-12-17;20;809
26;2025-12-17;21;584
26;2025-12-17;22;223
26;2025-12-17;23;138
26;2025-12-18;0;45
26;2025-12-18;1;1
26;2025-12-18;2;0
26;2025-12-18;3;0
26;2025-12-18;4;2
26;2025-12-18;5;101
26;2025-12-18;6;477
26;2025-12-18;7;1088
26;2025-12-18;8;2298
26;2025-12-18;9;1555
26;2025-12-18;10;1243
26;2025-12-18;11;1164
26;2025-12-18;12;1228
26;2025-12-18;13;1237
26;2025-12-18;14;1446
26;2025-12-18;15;1424
26;2025-12-18;16;1545
26;2025-12-18;17;1738
26;2025-12-18;18;1908
26;2025-12-18;19;1231
26;2025-12-18;20;741
26;2025-12-18;21;502
26;2025-12-18;22;197
26;2025-12-18;23;136
26;2025-12-19;0;32
26;2025-12-19;1;1
26;2025-12-19;2;0
26;2025-12-19;3;0
26;2025-12-19;4;1
26;2025-12-19;5;82
26;2025-12-19;6;489
26;2025-12-19;7;1022
26;2025-12-19;8;2242
26;2025-12-19;9;1401
26;2025-12-19;10;1256
26;2025-12-19;11;1120
26;2025-12-19;12;1119
26;2025-12-19;13;1140
26;2025-12-19;14;1393
26;2025-12-19;15;1358
26;2025-12-19;16;1672
26;2025-12-19;17;1799
26;2025-12-19;18;1291
26;2025-12-19;19;1033
26;2025-12-19;20;648
26;2025-12-19;21;465
26;2025-12-19;22;195
26;2025-12-19;23;154
26;2025-12-20;0;53
26;2025-12-20;1;2
26;2025-12-20;2;0
26;2025-12-20;3;0
26;2025-12-20;4;2
26;2025-12-20;5;52
26;2025-12-20;6;229
26;2025-12-20;7;371
26;2025-12-20;8;633
26;2025-12-20;9;680
26;2025-12-20;10;852
26;2025-12-20;11;1017
26;2025-12-20;12;1092
26;2025-12-20;13;1082
26;2025-12-20;14;1112
26;2025-12-20;15;993
26;2025-12-20;16;1054
26;2025-12-20;17;975
26;2025-12-20;18;883
26;2025-12-20;19;783
26;2025-12-20;20;561
26;2025-12-20;21;365
26;2025-12-20;22;207
26;2025-12-20;23;166
26;2025-12-21;0;51
26;2025-12-21;1;3
26;2025-12-21;2;0
26;2025-12-21;3;0
26;2025-12-21;4;2
26;2025-12-21;5;21
26;2025-12-21;6;157
26;2025-12-21;7;262
26;2025-12-21;8;386
26;2025-12-21;9;527
26;2025-12-21;10;589
26;2025-12-21;11;831
26;2025-12-21;12;834
26;2025-12-21;13;889
26;2025-12-21;14;881
26;2025-12-21;15;796
26;2025-12-21;16;757
26;2025-12-21;17;787
26;2025-12-21;18;692
26;2025-12-21;19;519
26;2025-12-21;20;398
26;2025-12-21;21;282
26;2025-12-21;22;163
26;2025-12-21;23;115
26;2025-12-22;0;25
26;2025-12-22;1;2
26;2025-12-22;2;0
26;2025-12-22;3;0
26;2025-12-22;4;2
26;2025-12-22;5;95
26;2025-12-22;6;473
26;2025-12-22;7;1136
26;2025-12-22;8;2247
26;2025-12-22;9;1448
26;2025-12-22;10;1251
26;2025-12-22;11;1085
26;2025-12-22;12;1117
26;2025-12-22;13;1197
26;2025-12-22;14;1299
26;2025-12-22;15;1336
26;2025-12-22;16;1440
26;2025-12-22;17;1748
26;2025-12-22;18;1887
26;2025-12-22;19;1209
26;2025-12-22;20;767
26;2025-12-22;21;474
26;2025-12-22;22;190
26;2025-12-22;23;106
26;2025-12-23;0;32
26;2025-12-23;1;1
26;2025-12-23;2;0
26;2025-12-23;3;0
26;2025-12-23;4;1
26;2025-12-23;5;90
26;2025-12-23;6;482
26;2025-12-23;7;1138
26;2025-12-23;8;2380
26;2025-12-23;9;1495
26;2025-12-23;10;1327
26;2025-12-23;11;1215
26;2025-12-23;12;1195
26;2025-12-23;13;1198
26;2025-12-23;14;1289
26;2025-12-23;15;1396
26;2025-12-23;16;1506
26;2025-12-23;17;1819
26;2025-12-23;18;1994
26;2025-12-23;19;1319
26;2025-12-23;20;748
26;2025-12-23;21;482
26;2025-12-23;22;203
26;2025-12-23;23;111
26;2025-12-24;0;32
26;2025-12-24;1;1
26;2025-12-24;2;0
26;2025-12-24;3;0
26;2025-12-24;4;4
26;2025-12-24;5;108
26;2025-12-24;6;460
26;2025-12-24;7;1127
26;2025-12-24;8;2364
26;2025-12-24;9;1489
26;2025-12-24;10;1265
26;2025-12-24;11;1088
26;2025-12-24;12;1259
26;2025-12-24;13;1248
26;2025-12-24;14;1442
26;2025-12-24;15;1477
26;2025-12-24;16;1569
26;2025-12-24;17;1761
26;2025-12-24;18;1890
26;2025-12-24;19;1281
26;2025-12-24;20;809
26;2025-12-24;21;584
26;2025-12-24;22;223
26;2025-12-24;23;138
26;2025-12-25;0;45
26;2025-12-25;1;1
26;2025-12-25;2;0
26;2025-12-25;3;0
26;2025-12-25;4;2
26;2025-12-25;5;101
26;2025-12-25;6;477
26;2025-12-25;7;1088
26;2025-12-25;8;2298
26;2025-12-25;9;1555
26;2025-12-25;10;1243
26;2025-12-25;11;1164
26;2025-12-25;12;1228
26;2025-12-25;13;1237
26;2025-12-25;14;1446
26;2025-12-25;15;1424
26;2025-12-25;16;1545
26;2025-12-25;17;1738
26;2025-12-25;18;1908
26;2025-12-25;19;1231
26;2025-12-25;20;741
26;2025-12-25;21;502
26;2025-12-25;22;197
26;2025-12-25;23;136
26;2025-12-26;0;32
26;2025-12-26;1;1
26;2025-12-26;2;0
26;2025-12-26;3;0
26;2025-12-26;4;1
26;2025-12-26;5;82
26;2025-12-26;6;489
26;2025-12-26;7;1022
26;2025-12-26;8;2242
26;2025-12-26;9;1401
26;2025-12-26;10;1256
26;2025-12-26;11;1120
26;2025-12-26;12;1119
26;2025-12-26;13;1140
26;2025-12-26;14;1393
26;2025-12-26;15;1358
26;2025-12-26;16;1672
26;2025-12-26;17;1799
26;2025-12-26;18;1291
26;2025-12-26;19;1033
26;2025-12-26;20;648
26;2025-12-26;21;465
26;2025-12-26;22;195
26;2025-12-26;23;154
26;2025-12-27;0;53
26;2025-12-27;1;2
26;2025-12-27;2;0
26;2025-12-27;3;0
26;2025-12-27;4;2
26;2025-12-27;5;52
26;2025-12-27;6;229
26;2025-12-27;7;371
26;2025-12-27;8;633
26;2025-12-27;9;680
26;2025-12-27;10;852
26;2025-12-27;11;1017
26;2025-12-27;12;1092
26;2025-12-27;13;1082
26;2025-12-27;14;1112
26;2025-12-27;15;993
26;2025-12-27;16;1054
26;2025-12-27;17;975
26;2025-12-27;18;883
26;2025-12-27;19;783
26;2025-12-27;20;561
26;2025-12-27;21;365
26;2025-12-27;22;207
26;2025-12-27;23;166
26;2025-12-28;0;51
26;2025-12-28;1;3
26;2025-12-28;2;0
26;2025-12-28;3;0
26;2025-12-28;4;2
26;2025-12-28;5;21
26;2025-12-28;6;157
26;2025-12-28;7;262
26;2025-12-28;8;386
26;2025-12-28;9;527
26;2025-12-28;10;589
26;2025-12-28;11;831
26;2025-12-28;12;834
26;2025-12-28;13;889
26;2025-12-28;14;881
26;2025-12-28;15;796
26;2025-12-28;16;757
26;2025-12-28;17;787
26;2025-12-28;18;692
26;2025-12-28;19;519
26;2025-12-28;20;398
26;2025-12-28;21;282
26;2025-12-28;22;163
26;2025-12-28;23;115
26;2025-12-29;0;25
26;2025-12-29;1;2
26;2025-12-29;2;0
26;2025-12-29;3;0
26;2025-12-29;4;2
26;2025-12-29;5;95
26;2025-12-29;6;473
26;2025-12-29;7;1136
26;2025-12-29;8;2247
26;2025-12-29;9;1448
26;2025-12-29;10;1251
26;2025-12-29;11;1085
26;2025-12-29;12;1117
26;2025-12-29;13;1197
26;2025-12-29;14;1299
26;2025-12-29;15;1336
26;2025-12-29;16;1440
26;2025-12-29;17;1748
26;2025-12-29;18;1887
26;2025-12-29;19;1209
26;2025-12-29;20;767
26;2025-12-29;21;474
26;2025-12-29;22;190
26;2025-12-29;23;106
26;2025-12-30;0;32
26;2025-12-30;1;1
26;2025-12-30;2;0
26;2025-12-30;3;0
26;2025-12-30;4;1
26;2025-12-30;5;90
26;2025-12-30;6;482
26;2025-12-30;7;1138
26;2025-12-30;8;2380
26;2025-12-30;9;1495
26;2025-12-30;10;1327
26;2025-12-30;11;1215
26;2025-12-30;12;1195
26;2025-12-30;13;1198
26;2025-12-30;14;1289
26;2025-12-30;15;1396
26;2025-12-30;16;1506
26;2025-12-30;17;1819
26;2025-12-30;18;1994
26;2025-12-30;19;1319
26;2025-12-30;20;748
26;2025-12-30;21;482
26;2025-12-30;22;203
26;2025-12-30;23;111
26;2025-12-31;0;50
26;2025-12-31;1;5
26;2025-12-31;2;0
26;2025-12-31;3;0
26;2025-12-31;4;3
26;2025-12-31;5;44
26;2025-12-31;6;241
26;2025-12-31;7;320
26;2025-12-31;8;366
26;2025-12-31;9;474
26;2025-12-31;10;495
26;2025-12-31;11;587
26;2025-12-31;12;629
26;2025-12-31;13;675
26;2025-12-31;14;668
26;2025-12-31;15;588
26;2025-12-31;16;574
26;2025-12-31;17;596
26;2025-12-31;18;617
26;2025-12-31;19;653
26;2025-12-31;20;468
26;2025-12-31;21;355
26;2025-12-31;22;239
26;2025-12-31;23;147
28;2025-11-01;0;2
28;2025-11-01;1;0
28;2025-11-01;2;0
28;2025-11-01;3;0
28;2025-11-01;4;1
28;2025-11-01;5;37
28;2025-11-01;6;106
28;2025-11-01;7;231
28;2025-11-01;8;408
28;2025-11-01;9;462
28;2025-11-01;10;509
28;2025-11-01;11;516
28;2025-11-01;12;615
28;2025-11-01;13;623
28;2025-11-01;14;558
28;2025-11-01;15;624
28;2025-11-01;16;650
28;2025-11-01;17;617
28;2025-11-01;18;517
28;2025-11-01;19;389
28;2025-11-01;20;296
28;2025-11-01;21;270
28;2025-11-01;22;108
28;2025-11-01;23;15
28;2025-11-02;0;3
28;2025-11-02;1;0
28;2025-11-02;2;0
28;2025-11-02;3;0
28;2025-11-02;4;0
28;2025-11-02;5;29
28;2025-11-02;6;75
28;2025-11-02;7;168
28;2025-11-02;8;254
28;2025-11-02;9;349
28;2025-11-02;10;400
28;2025-11-02;11;445
28;2025-11-02;12;459
28;2025-11-02;13;550
28;2025-11-02;14;519
28;2025-11-02;15;520
28;2025-11-02;16;471
28;2025-11-02;17;523
28;2025-11-02;18;447
28;2025-11-02;19;396
28;2025-11-02;20;299
28;2025-11-02;21;241
28;2025-11-02;22;115
28;2025-11-02;23;13
28;2025-11-03;0;0
28;2025-11-03;1;0
28;2025-11-03;2;0
28;2025-11-03;3;0
28;2025-11-03;4;1
28;2025-11-03;5;37
28;2025-11-03;6;91
28;2025-11-03;7;175
28;2025-11-03;8;240
28;2025-11-03;9;307
28;2025-11-03;10;295
28;2025-11-03;11;298
28;2025-11-03;12;382
28;2025-11-03;13;385
28;2025-11-03;14;374
28;2025-11-03;15;352
28;2025-11-03;16;346
28;2025-11-03;17;369
28;2025-11-03;18;333
28;2025-11-03;19;304
28;2025-11-03;20;272
28;2025-11-03;21;243
28;2025-11-03;22;107
28;2025-11-03;23;14
28;2025-11-04;0;0
28;2025-11-04;1;0
28;2025-11-04;2;0
28;2025-11-04;3;0
28;2025-11-04;4;1
28;2025-11-04;5;37
28;2025-11-04;6;91
28;2025-11-04;7;175
28;2025-11-04;8;240
28;2025-11-04;9;307
28;2025-11-04;10;295
28;2025-11-04;11;298
28;2025-11-04;12;382
28;2025-11-04;13;385
28;2025-11-04;14;374
28;2025-11-04;15;352
28;2025-11-04;16;346
28;2025-11-04;17;369
28;2025-11-04;18;333
28;2025-11-04;19;304
28;2025-11-04;20;272
28;2025-11-04;21;243
28;2025-11-04;22;107
28;2025-11-04;23;14
28;2025-11-05;0;0
28;2025-11-05;1;0
28;2025-11-05;2;0
28;2025-11-05;3;0
28;2025-11-05;4;2
28;2025-11-05;5;75
28;2025-11-05;6;250
28;2025-11-05;7;785
28;2025-11-05;8;1303
28;2025-11-05;9;898
28;2025-11-05;10;633
28;2025-11-05;11;600
28;2025-11-05;12;784
28;2025-11-05;13;784
28;2025-11-05;14;711
28;2025-11-05;15;713
28;2025-11-05;16;990
28;2025-11-05;17;1096
28;2025-11-05;18;1074
28;2025-11-05;19;827
28;2025-11-05;20;584
28;2025-11-05;21;359
28;2025-11-05;22;118
28;2025-11-05;23;16
28;2025-11-06;0;6
28;2025-11-06;1;1
28;2025-11-06;2;0
28;2025-11-06;3;0
28;2025-11-06;4;1
28;2025-11-06;5;84
28;2025-11-06;6;239
28;2025-11-06;7;810
28;2025-11-06;8;1198
28;2025-11-06;9;780
28;2025-11-06;10;550
28;2025-11-06;11;550
28;2025-11-06;12;670
28;2025-11-06;13;734
28;2025-11-06;14;682
28;2025-11-06;15;763
28;2025-11-06;16;900
28;2025-11-06;17;1164
28;2025-11-06;18;1103
28;2025-11-06;19;794
28;2025-11-06;20;565
28;2025-11-06;21;340
28;2025-11-06;22;129
28;2025-11-06;23;13
28;2025-11-07;0;1
28;2025-11-07;1;0
28;2025-11-07;2;0
28;2025-11-07;3;0
28;2025-11-07;4;1
28;2025-11-07;5;77
28;2025-11-07;6;286
28;2025-11-07;7;869
28;2025-11-07;8;1360
28;2025-11-07;9;858
28;2025-11-07;10;654
28;2025-11-07;11;600
28;2025-11-07;12;807
28;2025-11-07;13;752
28;2025-11-07;14;732
28;2025-11-07;15;730
28;2025-11-07;16;966
28;2025-11-07;17;1024
28;2025-11-07;18;885
28;2025-11-07;19;680
28;2025-11-07;20;425
28;2025-11-07;21;324
28;2025-11-07;22;119
28;2025-11-07;23;17
28;2025-11-08;0;2
28;2025-11-08;1;0
28;2025-11-08;2;0
28;2025-11-08;3;0
28;2025-11-08;4;1
28;2025-11-08;5;37
28;2025-11-08;6;106
28;2025-11-08;7;231
28;2025-11-08;8;408
28;2025-11-08;9;462
28;2025-11-08;10;509
28;2025-11-08;11;516
28;2025-11-08;12;615
28;2025-11-08;13;623
28;2025-11-08;14;558
28;2025-11-08;15;624
28;2025-11-08;16;650
28;2025-11-08;17;617
28;2025-11-08;18;517
28;2025-11-08;19;389
28;2025-11-08;20;296
28;2025-11-08;21;270
28;2025-11-08;22;108
28;2025-11-08;23;15
28;2025-11-09;0;3
28;2025-11-09;1;0
28;2025-11-09;2;0
28;2025-11-09;3;0
28;2025-11-09;4;0
28;2025-11-09;5;29
28;2025-11-09;6;75
28;2025-11-09;7;168
28;2025-11-09;8;254
28;2025-11-09;9;349
28;2025-11-09;10;400
28;2025-11-09;11;445
28;2025-11-09;12;459
28;2025-11-09;13;550
28;2025-11-09;14;519
28;2025-11-09;15;520
28;2025-11-09;16;471
28;2025-11-09;17;523
28;2025-11-09;18;447
28;2025-11-09;19;396
28;2025-11-09;20;299
28;2025-11-09;21;241
28;2025-11-09;22;115
28;2025-11-09;23;13
28;2025-11-10;0;0
28;2025-11-10;1;1
28;2025-11-10;2;0
28;2025-11-10;3;0
28;2025-11-10;4;2
28;2025-11-10;5;77
28;2025-11-10;6;259
28;2025-11-10;7;736
28;2025-11-10;8;1276
28;2025-11-10;9;823
28;2025-11-10;10;642
28;2025-11-10;11;537
28;2025-11-10;12;691
28;2025-11-10;13;672
28;2025-11-10;14;646
28;2025-11-10;15;613
28;2025-11-10;16;874
28;2025-11-10;17;1011
28;2025-11-10;18;959
28;2025-11-10;19;725
28;2025-11-10;20;461
28;2025-11-10;21;299
28;2025-11-10;22;106
28;2025-11-10;23;3
28;2025-11-11;0;0
28;2025-11-11;1;0
28;2025-11-11;2;0
28;2025-11-11;3;0
28;2025-11-11;4;1
28;2025-11-11;5;74
28;2025-11-11;6;253
28;2025-11-11;7;786
28;2025-11-11;8;1352
28;2025-11-11;9;826
28;2025-11-11;10;676
28;2025-11-11;11;584
28;2025-11-11;12;691
28;2025-11-11;13;704
28;2025-11-11;14;684
28;2025-11-11;15;705
28;2025-11-11;16;756
28;2025-11-11;17;984
28;2025-11-11;18;1006
28;2025-11-11;19;684
28;2025-11-11;20;484
28;2025-11-11;21;328
28;2025-11-11;22;118
28;2025-11-11;23;10
28;2025-11-12;0;0
28;2025-11-12;1;0
28;2025-11-12;2;0
28;2025-11-12;3;0
28;2025-11-12;4;2
28;2025-11-12;5;75
28;2025-11-12;6;250
28;2025-11-12;7;785
28;2025-11-12;8;1303
28;2025-11-12;9;898
28;2025-11-12;10;633
28;2025-11-12;11;600
28;2025-11-12;12;784
28;2025-11-12;13;784
28;2025-11-12;14;711
28;2025-11-12;15;713
28;2025-11-12;16;990
28;2025-11-12;17;1096
28;2025-11-12;18;1074
28;2025-11-12;19;827
28;2025-11-12;20;584
28;2025-11-12;21;359
28;2025-11-12;22;118
28;2025-11-12;23;16
28;2025-11-13;0;6
28;2025-11-13;1;1
28;2025-11-13;2;0
28;2025-11-13;3;0
28;2025-11-13;4;1
28;2025-11-13;5;84
28;2025-11-13;6;239
28;2025-11-13;7;810
28;2025-11-13;8;1198
28;2025-11-13;9;780
28;2025-11-13;10;550
28;2025-11-13;11;550
28;2025-11-13;12;670
28;2025-11-13;13;734
28;2025-11-13;14;682
28;2025-11-13;15;763
28;2025-11-13;16;900
28;2025-11-13;17;1164
28;2025-11-13;18;1103
28;2025-11-13;19;794
28;2025-11-13;20;565
28;2025-11-13;21;340
28;2025-11-13;22;129
28;2025-11-13;23;13
28;2025-11-14;0;1
28;2025-11-14;1;0
28;2025-11-14;2;0
28;2025-11-14;3;0
28;2025-11-14;4;1
28;2025-11-14;5;77
28;2025-11-14;6;286
28;2025-11-14;7;869
28;2025-11-14;8;1360
28;2025-11-14;9;858
28;2025-11-14;10;654
28;2025-11-14;11;600
28;2025-11-14;12;807
28;2025-11-14;13;752
28;2025-11-14;14;732
28;2025-11-14;15;730
28;2025-11-14;16;966
28;2025-11-14;17;1024
28;2025-11-14;18;885
28;2025-11-14;19;680
28;2025-11-14;20;425
28;2025-11-14;21;324
28;2025-11-14;22;119
28;2025-11-14;23;17
28;2025-11-15;0;2
28;2025-11-15;1;0
28;2025-11-15;2;0
28;2025-11-15;3;0
28;2025-11-15;4;1
28;2025-11-15;5;37
28;2025-11-15;6;106
28;2025-11-15;7;231
28;2025-11-15;8;408
28;2025-11-15;9;462
28;2025-11-15;10;509
28;2025-11-15;11;516
28;2025-11-15;12;615
28;2025-11-15;13;623
28;2025-11-15;14;558
28;2025-11-15;15;624
28;2025-11-15;16;650
28;2025-11-15;17;617
28;2025-11-15;18;517
28;2025-11-15;19;389
28;2025-11-15;20;296
28;2025-11-15;21;270
28;2025-11-15;22;108
28;2025-11-15;23;15
28;2025-11-16;0;3
28;2025-11-16;1;0
28;2025-11-16;2;0
28;2025-11-16;3;0
28;2025-11-16;4;0
28;2025-11-16;5;29
28;2025-11-16;6;75
28;2025-11-16;7;168
28;2025-11-16;8;254
28;2025-11-16;9;349
28;2025-11-16;10;400
28;2025-11-16;11;445
28;2025-11-16;12;459
28;2025-11-16;13;550
28;2025-11-16;14;519
28;2025-11-16;15;520
28;2025-11-16;16;471
28;2025-11-16;17;523
28;2025-11-16;18;447
28;2025-11-16;19;396
28;2025-11-16;20;299
28;2025-11-16;21;241
28;2025-11-16;22;115
28;2025-11-16;23;13
28;2025-11-17;0;0
28;2025-11-17;1;1
28;2025-11-17;2;0
28;2025-11-17;3;0
28;2025-11-17;4;2
28;2025-11-17;5;77
28;2025-11-17;6;259
28;2025-11-17;7;736
28;2025-11-17;8;1276
28;2025-11-17;9;823
28;2025-11-17;10;642
28;2025-11-17;11;537
28;2025-11-17;12;691
28;2025-11-17;13;672
28;2025-11-17;14;646
28;2025-11-17;15;613
28;2025-11-17;16;874
28;2025-11-17;17;1011
28;2025-11-17;18;959
28;2025-11-17;19;725
28;2025-11-17;20;461
28;2025-11-17;21;299
28;2025-11-17;22;106
28;2025-11-17;23;3
28;2025-11-18;0;0
28;2025-11-18;1;0
28;2025-11-18;2;0
28;2025-11-18;3;0
28;2025-11-18;4;1
28;2025-11-18;5;74
28;2025-11-18;6;253
28;2025-11-18;7;786
28;2025-11-18;8;1352
28;2025-11-18;9;826
28;2025-11-18;10;676
28;2025-11-18;11;584
28;2025-11-18;12;691
28;2025-11-18;13;704
28;2025-11-18;14;684
28;2025-11-18;15;705
28;2025-11-18;16;756
28;2025-11-18;17;984
28;2025-11-18;18;1006
28;2025-11-18;19;684
28;2025-11-18;20;484
28;2025-11-18;21;328
28;2025-11-18;22;118
28;2025-11-18;23;10
28;2025-11-19;0;0
28;2025-11-19;1;0
28;2025-11-19;2;0
28;2025-11-19;3;0
28;2025-11-19;4;2
28;2025-11-19;5;75
28;2025-11-19;6;250
28;2025-11-19;7;785
28;2025-11-19;8;1303
28;2025-11-19;9;898
28;2025-11-19;10;633
28;2025-11-19;11;600
28;2025-11-19;12;784
28;2025-11-19;13;784
28;2025-11-19;14;711
28;2025-11-19;15;713
28;2025-11-19;16;990
28;2025-11-19;17;1096
28;2025-11-19;18;1074
28;2025-11-19;19;827
28;2025-11-19;20;584
28;2025-11-19;21;359
28;2025-11-19;22;118
28;2025-11-19;23;16
28;2025-11-20;0;6
28;2025-11-20;1;1
28;2025-11-20;2;0
28;2025-11-20;3;0
28;2025-11-20;4;1
28;2025-11-20;5;84
28;2025-11-20;6;239
28;2025-11-20;7;810
28;2025-11-20;8;1198
28;2025-11-20;9;780
28;2025-11-20;10;550
28;2025-11-20;11;550
28;2025-11-20;12;670
28;2025-11-20;13;734
28;2025-11-20;14;682
28;2025-11-20;15;763
28;2025-11-20;16;900
28;2025-11-20;17;1164
28;2025-11-20;18;1103
28;2025-11-20;19;794
28;2025-11-20;20;565
28;2025-11-20;21;340
28;2025-11-20;22;129
28;2025-11-20;23;13
28;2025-11-21;0;1
28;2025-11-21;1;0
28;2025-11-21;2;0
28;2025-11-21;3;0
28;2025-11-21;4;1
28;2025-11-21;5;77
28;2025-11-21;6;286
28;2025-11-21;7;869
28;2025-11-21;8;1360
28;2025-11-21;9;858
28;2025-11-21;10;654
28;2025-11-21;11;600
28;2025-11-21;12;807
28;2025-11-21;13;752
28;2025-11-21;14;732
28;2025-11-21;15;730
28;2025-11-21;16;966
28;2025-11-21;17;1024
28;2025-11-21;18;885
28;2025-11-21;19;680
28;2025-11-21;20;425
28;2025-11-21;21;324
28;2025-11-21;22;119
28;2025-11-21;23;17
28;2025-11-22;0;2
28;2025-11-22;1;0
28;2025-11-22;2;0
28;2025-11-22;3;0
28;2025-11-22;4;1
28;2025-11-22;5;37
28;2025-11-22;6;106
28;2025-11-22;7;231
28;2025-11-22;8;408
28;2025-11-22;9;462
28;2025-11-22;10;509
28;2025-11-22;11;516
28;2025-11-22;12;615
28;2025-11-22;13;623
28;2025-11-22;14;558
28;2025-11-22;15;624
28;2025-11-22;16;650
28;2025-11-22;17;617
28;2025-11-22;18;517
28;2025-11-22;19;389
28;2025-11-22;20;296
28;2025-11-22;21;270
28;2025-11-22;22;108
28;2025-11-22;23;15
28;2025-11-23;0;3
28;2025-11-23;1;0
28;2025-11-23;2;0
28;2025-11-23;3;0
28;2025-11-23;4;0
28;2025-11-23;5;29
28;2025-11-23;6;75
28;2025-11-23;7;168
28;2025-11-23;8;254
28;2025-11-23;9;349
28;2025-11-23;10;400
28;2025-11-23;11;445
28;2025-11-23;12;459
28;2025-11-23;13;550
28;2025-11-23;14;519
28;2025-11-23;15;520
28;2025-11-23;16;471
28;2025-11-23;17;523
28;2025-11-23;18;447
28;2025-11-23;19;396
28;2025-11-23;20;299
28;2025-11-23;21;241
28;2025-11-23;22;115
28;2025-11-23;23;13
28;2025-11-24;0;0
28;2025-11-24;1;1
28;2025-11-24;2;0
28;2025-11-24;3;0
28;2025-11-24;4;2
28;2025-11-24;5;77
28;2025-11-24;6;259
28;2025-11-24;7;736
28;2025-11-24;8;1276
28;2025-11-24;9;823
28;2025-11-24;10;642
28;2025-11-24;11;537
28;2025-11-24;12;691
28;2025-11-24;13;672
28;2025-11-24;14;646
28;2025-11-24;15;613
28;2025-11-24;16;874
28;2025-11-24;17;1011
28;2025-11-24;18;959
28;2025-11-24;19;725
28;2025-11-24;20;461
28;2025-11-24;21;299
28;2025-11-24;22;106
28;2025-11-24;23;3
28;2025-11-25;0;0
28;2025-11-25;1;0
28;2025-11-25;2;0
28;2025-11-25;3;0
28;2025-11-25;4;1
28;2025-11-25;5;74
28;2025-11-25;6;253
28;2025-11-25;7;786
28;2025-11-25;8;1352
28;2025-11-25;9;826
28;2025-11-25;10;676
28;2025-11-25;11;584
28;2025-11-25;12;691
28;2025-11-25;13;704
28;2025-11-25;14;684
28;2025-11-25;15;705
28;2025-11-25;16;756
28;2025-11-25;17;984
28;2025-11-25;18;1006
28;2025-11-25;19;684
28;2025-11-25;20;484
28;2025-11-25;21;328
28;2025-11-25;22;118
28;2025-11-25;23;10
28;2025-11-26;0;0
28;2025-11-26;1;0
28;2025-11-26;2;0
28;2025-11-26;3;0
28;2025-11-26;4;2
28;2025-11-26;5;75
28;2025-11-26;6;250
28;2025-11-26;7;785
28;2025-11-26;8;1303
28;2025-11-26;9;898
28;2025-11-26;10;633
28;2025-11-26;11;600
28;2025-11-26;12;784
28;2025-11-26;13;784
28;2025-11-26;14;711
28;2025-11-26;15;713
28;2025-11-26;16;990
28;2025-11-26;17;1096
28;2025-11-26;18;1074
28;2025-11-26;19;827
28;2025-11-26;20;584
28;2025-11-26;21;359
28;2025-11-26;22;118
28;2025-11-26;23;16
28;2025-11-27;0;6
28;2025-11-27;1;1
28;2025-11-27;2;0
28;2025-11-27;3;0
28;2025-11-27;4;1
28;2025-11-27;5;84
28;2025-11-27;6;239
28;2025-11-27;7;810
28;2025-11-27;8;1198
28;2025-11-27;9;780
28;2025-11-27;10;550
28;2025-11-27;11;550
28;2025-11-27;12;670
28;2025-11-27;13;734
28;2025-11-27;14;682
28;2025-11-27;15;763
28;2025-11-27;16;900
28;2025-11-27;17;1164
28;2025-11-27;18;1103
28;2025-11-27;19;794
28;2025-11-27;20;565
28;2025-11-27;21;340
28;2025-11-27;22;129
28;2025-11-27;23;13
28;2025-11-28;0;1
28;2025-11-28;1;0
28;2025-11-28;2;0
28;2025-11-28;3;0
28;2025-11-28;4;1
28;2025-11-28;5;77
28;2025-11-28;6;286
28;2025-11-28;7;869
28;2025-11-28;8;1360
28;2025-11-28;9;858
28;2025-11-28;10;654
28;2025-11-28;11;600
28;2025-11-28;12;807
28;2025-11-28;13;752
28;2025-11-28;14;732
28;2025-11-28;15;730
28;2025-11-28;16;966
28;2025-11-28;17;1024
28;2025-11-28;18;885
28;2025-11-28;19;680
28;2025-11-28;20;425
28;2025-11-28;21;324
28;2025-11-28;22;119
28;2025-11-28;23;17
28;2025-11-29;0;2
28;2025-11-29;1;0
28;2025-11-29;2;0
28;2025-11-29;3;0
28;2025-11-29;4;1
28;2025-11-29;5;37
28;2025-11-29;6;106
28;2025-11-29;7;231
28;2025-11-29;8;408
28;2025-11-29;9;462
28;2025-11-29;10;509
28;2025-11-29;11;516
28;2025-11-29;12;615
28;2025-11-29;13;623
28;2025-11-29;14;558
28;2025-11-29;15;624
28;2025-11-29;16;650
28;2025-11-29;17;617
28;2025-11-29;18;517
28;2025-11-29;19;389
28;2025-11-29;20;296
28;2025-11-29;21;270
28;2025-11-29;22;108
28;2025-11-29;23;15
28;2025-11-30;0;3
28;2025-11-30;1;0
28;2025-11-30;2;0
28;2025-11-30;3;0
28;2025-11-30;4;0
28;2025-11-30;5;29
28;2025-11-30;6;75
28;2025-11-30;7;168
28;2025-11-30;8;254
28;2025-11-30;9;349
28;2025-11-30;10;400
28;2025-11-30;11;445
28;2025-11-30;12;459
28;2025-11-30;13;550
28;2025-11-30;14;519
28;2025-11-30;15;520
28;2025-11-30;16;471
28;2025-11-30;17;523
28;2025-11-30;18;447
28;2025-11-30;19;396
28;2025-11-30;20;299
28;2025-11-30;21;241
28;2025-11-30;22;115
28;2025-11-30;23;13
28;2025-12-01;0;0
28;2025-12-01;1;1
28;2025-12-01;2;0
28;2025-12-01;3;0
28;2025-12-01;4;2
28;2025-12-01;5;77
28;2025-12-01;6;259
28;2025-12-01;7;736
28;2025-12-01;8;1276
28;2025-12-01;9;823
28;2025-12-01;10;642
28;2025-12-01;11;537
28;2025-12-01;12;691
28;2025-12-01;13;672
28;2025-12-01;14;646
28;2025-12-01;15;613
28;2025-12-01;16;874
28;2025-12-01;17;1011
28;2025-12-01;18;959
28;2025-12-01;19;725
28;2025-12-01;20;461
28;2025-12-01;21;299
28;2025-12-01;22;106
28;2025-12-01;23;3
28;2025-12-02;0;0
28;2025-12-02;1;0
28;2025-12-02;2;0
28;2025-12-02;3;0
28;2025-12-02;4;1
28;2025-12-02;5;74
28;2025-12-02;6;253
28;2025-12-02;7;786
28;2025-12-02;8;1352
28;2025-12-02;9;826
28;2025-12-02;10;676
28;2025-12-02;11;584
28;2025-12-02;12;691
28;2025-12-02;13;704
28;2025-12-02;14;684
28;2025-12-02;15;705
28;2025-12-02;16;756
28;2025-12-02;17;984
28;2025-12-02;18;1006
28;2025-12-02;19;684
28;2025-12-02;20;484
28;2025-12-02;21;328
28;2025-12-02;22;118
28;2025-12-02;23;10
28;2025-12-03;0;0
28;2025-12-03;1;0
28;2025-12-03;2;0
28;2025-12-03;3;0
28;2025-12-03;4;2
28;2025-12-03;5;75
28;2025-12-03;6;250
28;2025-12-03;7;785
28;2025-12-03;8;1303
28;2025-12-03;9;898
28;2025-12-03;10;633
28;2025-12-03;11;600
28;2025-12-03;12;784
28;2025-12-03;13;784
28;2025-12-03;14;711
28;2025-12-03;15;713
28;2025-12-03;16;990
28;2025-12-03;17;1096
28;2025-12-03;18;1074
28;2025-12-03;19;827
28;2025-12-03;20;584
28;2025-12-03;21;359
28;2025-12-03;22;118
28;2025-12-03;23;16
28;2025-12-04;0;6
28;2025-12-04;1;1
28;2025-12-04;2;0
28;2025-12-04;3;0
28;2025-12-04;4;1
28;2025-12-04;5;84
28;2025-12-04;6;239
28;2025-12-04;7;810
28;2025-12-04;8;1198
28;2025-12-04;9;780
28;2025-12-04;10;550
28;2025-12-04;11;550
28;2025-12-04;12;670
28;2025-12-04;13;734
28;2025-12-04;14;682
28;2025-12-04;15;763
28;2025-12-04;16;900
28;2025-12-04;17;1164
28;2025-12-04;18;1103
28;2025-12-04;19;794
28;2025-12-04;20;565
28;2025-12-04;21;340
28;2025-12-04;22;129
28;2025-12-04;23;13
28;2025-12-05;0;1
28;2025-12-05;1;0
28;2025-12-05;2;0
28;2025-12-05;3;0
28;2025-12-05;4;1
28;2025-12-05;5;77
28;2025-12-05;6;286
28;2025-12-05;7;869
28;2025-12-05;8;1360
28;2025-12-05;9;858
28;2025-12-05;10;654
28;2025-12-05;11;600
28;2025-12-05;12;807
28;2025-12-05;13;752
28;2025-12-05;14;732
28;2025-12-05;15;730
28;2025-12-05;16;966
28;2025-12-05;17;1024
28;2025-12-05;18;885
28;2025-12-05;19;680
28;2025-12-05;20;425
28;2025-12-05;21;324
28;2025-12-05;22;119
28;2025-12-05;23;17
28;2025-12-06;0;2
28;2025-12-06;1;0
28;2025-12-06;2;0
28;2025-12-06;3;0
28;2025-12-06;4;1
28;2025-12-06;5;37
28;2025-12-06;6;106
28;2025-12-06;7;231
28;2025-12-06;8;408
28;2025-12-06;9;462
28;2025-12-06;10;509
28;2025-12-06;11;516
28;2025-12-06;12;615
28;2025-12-06;13;623
28;2025-12-06;14;558
28;2025-12-06;15;624
28;2025-12-06;16;650
28;2025-12-06;17;617
28;2025-12-06;18;517
28;2025-12-06;19;389
28;2025-12-06;20;296
28;2025-12-06;21;270
28;2025-12-06;22;108
28;2025-12-06;23;15
28;2025-12-07;0;3
28;2025-12-07;1;0
28;2025-12-07;2;0
28;2025-12-07;3;0
28;2025-12-07;4;0
28;2025-12-07;5;29
28;2025-12-07;6;75
28;2025-12-07;7;168
28;2025-12-07;8;254
28;2025-12-07;9;349
28;2025-12-07;10;400
28;2025-12-07;11;445
28;2025-12-07;12;459
28;2025-12-07;13;550
28;2025-12-07;14;519
28;2025-12-07;15;520
28;2025-12-07;16;471
28;2025-12-07;17;523
28;2025-12-07;18;447
28;2025-12-07;19;396
28;2025-12-07;20;299
28;2025-12-07;21;241
28;2025-12-07;22;115
28;2025-12-07;23;13
28;2025-12-08;0;0
28;2025-12-08;1;1
28;2025-12-08;2;0
28;2025-12-08;3;0
28;2025-12-08;4;2
28;2025-12-08;5;77
28;2025-12-08;6;259
28;2025-12-08;7;736
28;2025-12-08;8;1276
28;2025-12-08;9;823
28;2025-12-08;10;642
28;2025-12-08;11;537
28;2025-12-08;12;691
28;2025-12-08;13;672
28;2025-12-08;14;646
28;2025-12-08;15;613
28;2025-12-08;16;874
28;2025-12-08;17;1011
28;2025-12-08;18;959
28;2025-12-08;19;725
28;2025-12-08;20;461
28;2025-12-08;21;299
28;2025-12-08;22;106
28;2025-12-08;23;3
28;2025-12-09;0;0
28;2025-12-09;1;0
28;2025-12-09;2;0
28;2025-12-09;3;0
28;2025-12-09;4;1
28;2025-12-09;5;74
28;2025-12-09;6;253
28;2025-12-09;7;786
28;2025-12-09;8;1352
28;2025-12-09;9;826
28;2025-12-09;10;676
28;2025-12-09;11;584
28;2025-12-09;12;691
28;2025-12-09;13;704
28;2025-12-09;14;684
28;2025-12-09;15;705
28;2025-12-09;16;756
28;2025-12-09;17;984
28;2025-12-09;18;1006
28;2025-12-09;19;684
28;2025-12-09;20;484
28;2025-12-09;21;328
28;2025-12-09;22;118
28;2025-12-09;23;10
28;2025-12-10;0;0
28;2025-12-10;1;0
28;2025-12-10;2;0
28;2025-12-10;3;0
28;2025-12-10;4;2
28;2025-12-10;5;75
28;2025-12-10;6;250
28;2025-12-10;7;785
28;2025-12-10;8;1303
28;2025-12-10;9;898
28;2025-12-10;10;633
28;2025-12-10;11;600
28;2025-12-10;12;784
28;2025-12-10;13;784
28;2025-12-10;14;711
28;2025-12-10;15;713
28;2025-12-10;16;990
28;2025-12-10;17;1096
28;2025-12-10;18;1074
28;2025-12-10;19;827
28;2025-12-10;20;584
28;2025-12-10;21;359
28;2025-12-10;22;118
28;2025-12-10;23;16
28;2025-12-11;0;6
28;2025-12-11;1;1
28;2025-12-11;2;0
28;2025-12-11;3;0
28;2025-12-11;4;1
28;2025-12-11;5;84
28;2025-12-11;6;239
28;2025-12-11;7;810
28;2025-12-11;8;1198
28;2025-12-11;9;780
28;2025-12-11;10;550
28;2025-12-11;11;550
28;2025-12-11;12;670
28;2025-12-11;13;734
28;2025-12-11;14;682
28;2025-12-11;15;763
28;2025-12-11;16;900
28;2025-12-11;17;1164
28;2025-12-11;18;1103
28;2025-12-11;19;794
28;2025-12-11;20;565
28;2025-12-11;21;340
28;2025-12-11;22;129
28;2025-12-11;23;13
28;2025-12-12;0;1
28;2025-12-12;1;0
28;2025-12-12;2;0
28;2025-12-12;3;0
28;2025-12-12;4;1
28;2025-12-12;5;77
28;2025-12-12;6;286
28;2025-12-12;7;869
28;2025-12-12;8;1360
28;2025-12-12;9;858
28;2025-12-12;10;654
28;2025-12-12;11;600
28;2025-12-12;12;807
28;2025-12-12;13;752
28;2025-12-12;14;732
28;2025-12-12;15;730
28;2025-12-12;16;966
28;2025-12-12;17;1024
28;2025-12-12;18;885
28;2025-12-12;19;680
28;2025-12-12;20;425
28;2025-12-12;21;324
28;2025-12-12;22;119
28;2025-12-12;23;17
28;2025-12-13;0;2
28;2025-12-13;1;0
28;2025-12-13;2;0
28;2025-12-13;3;0
28;2025-12-13;4;1
28;2025-12-13;5;37
28;2025-12-13;6;106
28;2025-12-13;7;231
28;2025-12-13;8;408
28;2025-12-13;9;462
28;2025-12-13;10;509
28;2025-12-13;11;516
28;2025-12-13;12;615
28;2025-12-13;13;623
28;2025-12-13;14;558
28;2025-12-13;15;624
28;2025-12-13;16;650
28;2025-12-13;17;617
28;2025-12-13;18;517
28;2025-12-13;19;389
28;2025-12-13;20;296
28;2025-12-13;21;270
28;2025-12-13;22;108
28;2025-12-13;23;15
28;2025-12-14;0;3
28;2025-12-14;1;0
28;2025-12-14;2;0
28;2025-12-14;3;0
28;2025-12-14;4;0
28;2025-12-14;5;29
28;2025-12-14;6;75
28;2025-12-14;7;168
28;2025-12-14;8;254
28;2025-12-14;9;349
28;2025-12-14;10;400
28;2025-12-14;11;445
28;2025-12-14;12;459
28;2025-12-14;13;550
28;2025-12-14;14;519
28;2025-12-14;15;520
28;2025-12-14;16;471
28;2025-12-14;17;523
28;2025-12-14;18;447
28;2025-12-14;19;396
28;2025-12-14;20;299
28;2025-12-14;21;241
28;2025-12-14;22;115
28;2025-12-14;23;13
28;2025-12-15;0;0
28;2025-12-15;1;1
28;2025-12-15;2;0
28;2025-12-15;3;0
28;2025-12-15;4;2
28;2025-12-15;5;77
28;2025-12-15;6;259
28;2025-12-15;7;736
28;2025-12-15;8;1276
28;2025-12-15;9;823
28;2025-12-15;10;642
28;2025-12-15;11;537
28;2025-12-15;12;691
28;2025-12-15;13;672
28;2025-12-15;14;646
28;2025-12-15;15;613
28;2025-12-15;16;874
28;2025-12-15;17;1011
28;2025-12-15;18;959
28;2025-12-15;19;725
28;2025-12-15;20;461
28;2025-12-15;21;299
28;2025-12-15;22;106
28;2025-12-15;23;3
28;2025-12-16;0;0
28;2025-12-16;1;0
28;2025-12-16;2;0
28;2025-12-16;3;0
28;2025-12-16;4;1
28;2025-12-16;5;74
28;2025-12-16;6;253
28;2025-12-16;7;786
28;2025-12-16;8;1352
28;2025-12-16;9;826
28;2025-12-16;10;676
28;2025-12-16;11;584
28;2025-12-16;12;691
28;2025-12-16;13;704
28;2025-12-16;14;684
28;2025-12-16;15;705
28;2025-12-16;16;756
28;2025-12-16;17;984
28;2025-12-16;18;1006
28;2025-12-16;19;684
28;2025-12-16;20;484
28;2025-12-16;21;328
28;2025-12-16;22;118
28;2025-12-16;23;10
28;2025-12-17;0;0
28;2025-12-17;1;0
28;2025-12-17;2;0
28;2025-12-17;3;0
28;2025-12-17;4;2
28;2025-12-17;5;75
28;2025-12-17;6;250
28;2025-12-17;7;785
28;2025-12-17;8;1303
28;2025-12-17;9;898
28;2025-12-17;10;633
28;2025-12-17;11;600
28;2025-12-17;12;784
28;2025-12-17;13;784
28;2025-12-17;14;711
28;2025-12-17;15;713
28;2025-12-17;16;990
28;2025-12-17;17;1096
28;2025-12-17;18;1074
28;2025-12-17;19;827
28;2025-12-17;20;584
28;2025-12-17;21;359
28;2025-12-17;22;118
28;2025-12-17;23;16
28;2025-12-18;0;6
28;2025-12-18;1;1
28;2025-12-18;2;0
28;2025-12-18;3;0
28;2025-12-18;4;1
28;2025-12-18;5;84
28;2025-12-18;6;239
28;2025-12-18;7;810
28;2025-12-18;8;1198
28;2025-12-18;9;780
28;2025-12-18;10;550
28;2025-12-18;11;550
28;2025-12-18;12;670
28;2025-12-18;13;734
28;2025-12-18;14;682
28;2025-12-18;15;763
28;2025-12-18;16;900
28;2025-12-18;17;1164
28;2025-12-18;18;1103
28;2025-12-18;19;794
28;2025-12-18;20;565
28;2025-12-18;21;340
28;2025-12-18;22;129
28;2025-12-18;23;13
28;2025-12-19;0;1
28;2025-12-19;1;0
28;2025-12-19;2;0
28;2025-12-19;3;0
28;2025-12-19;4;1
28;2025-12-19;5;77
28;2025-12-19;6;286
28;2025-12-19;7;869
28;2025-12-19;8;1360
28;2025-12-19;9;858
28;2025-12-19;10;654
28;2025-12-19;11;600
28;2025-12-19;12;807
28;2025-12-19;13;752
28;2025-12-19;14;732
28;2025-12-19;15;730
28;2025-12-19;16;966
28;2025-12-19;17;1024
28;2025-12-19;18;885
28;2025-12-19;19;680
28;2025-12-19;20;425
28;2025-12-19;21;324
28;2025-12-19;22;119
28;2025-12-19;23;17
28;2025-12-20;0;2
28;2025-12-20;1;0
28;2025-12-20;2;0
28;2025-12-20;3;0
28;2025-12-20;4;1
28;2025-12-20;5;37
28;2025-12-20;6;106
28;2025-12-20;7;231
28;2025-12-20;8;408
28;2025-12-20;9;462
28;2025-12-20;10;509
28;2025-12-20;11;516
28;2025-12-20;12;615
28;2025-12-20;13;623
28;2025-12-20;14;558
28;2025-12-20;15;624
28;2025-12-20;16;650
28;2025-12-20;17;617
28;2025-12-20;18;517
28;2025-12-20;19;389
28;2025-12-20;20;296
28;2025-12-20;21;270
28;2025-12-20;22;108
28;2025-12-20;23;15
28;2025-12-21;0;3
28;2025-12-21;1;0
28;2025-12-21;2;0
28;2025-12-21;3;0
28;2025-12-21;4;0
28;2025-12-21;5;29
28;2025-12-21;6;75
28;2025-12-21;7;168
28;2025-12-21;8;254
28;2025-12-21;9;349
28;2025-12-21;10;400
28;2025-12-21;11;445
28;2025-12-21;12;459
28;2025-12-21;13;550
28;2025-12-21;14;519
28;2025-12-21;15;520
28;2025-12-21;16;471
28;2025-12-21;17;523
28;2025-12-21;18;447
28;2025-12-21;19;396
28;2025-12-21;20;299
28;2025-12-21;21;241
28;2025-12-21;22;115
28;2025-12-21;23;13
28;2025-12-22;0;0
28;2025-12-22;1;1
28;2025-12-22;2;0
28;2025-12-22;3;0
28;2025-12-22;4;2
28;2025-12-22;5;77
28;2025-12-22;6;259
28;2025-12-22;7;736
28;2025-12-22;8;1276
28;2025-12-22;9;823
28;2025-12-22;10;642
28;2025-12-22;11;537
28;2025-12-22;12;691
28;2025-12-22;13;672
28;2025-12-22;14;646
28;2025-12-22;15;613
28;2025-12-22;16;874
28;2025-12-22;17;1011
28;2025-12-22;18;959
28;2025-12-22;19;725
28;2025-12-22;20;461
28;2025-12-22;21;299
28;2025-12-22;22;106
28;2025-12-22;23;3
28;2025-12-23;0;0
28;2025-12-23;1;0
28;2025-12-23;2;0
28;2025-12-23;3;0
28;2025-12-23;4;1
28;2025-12-23;5;74
28;2025-12-23;6;253
28;2025-12-23;7;786
28;2025-12-23;8;1352
28;2025-12-23;9;826
28;2025-12-23;10;676
28;2025-12-23;11;584
28;2025-12-23;12;691
28;2025-12-23;13;704
28;2025-12-23;14;684
28;2025-12-23;15;705
28;2025-12-23;16;756
28;2025-12-23;17;984
28;2025-12-23;18;1006
28;2025-12-23;19;684
28;2025-12-23;20;484
28;2025-12-23;21;328
28;2025-12-23;22;118
28;2025-12-23;23;10
28;2025-12-24;0;0
28;2025-12-24;1;0
28;2025-12-24;2;0
28;2025-12-24;3;0
28;2025-12-24;4;2
28;2025-12-24;5;75
28;2025-12-24;6;250
28;2025-12-24;7;785
28;2025-12-24;8;1303
28;2025-12-24;9;898
28;2025-12-24;10;633
28;2025-12-24;11;600
28;2025-12-24;12;784
28;2025-12-24;13;784
28;2025-12-24;14;711
28;2025-12-24;15;713
28;2025-12-24;16;990
28;2025-12-24;17;1096
28;2025-12-24;18;1074
28;2025-12-24;19;827
28;2025-12-24;20;584
28;2025-12-24;21;359
28;2025-12-24;22;118
28;2025-12-24;23;16
28;2025-12-25;0;6
28;2025-12-25;1;1
28;2025-12-25;2;0
28;2025-12-25;3;0
28;2025-12-25;4;1
28;2025-12-25;5;84
28;2025-12-25;6;239
28;2025-12-25;7;810
28;2025-12-25;8;1198
28;2025-12-25;9;780
28;2025-12-25;10;550
28;2025-12-25;11;550
28;2025-12-25;12;670
28;2025-12-25;13;734
28;2025-12-25;14;682
28;2025-12-25;15;763
28;2025-12-25;16;900
28;2025-12-25;17;1164
28;2025-12-25;18;1103
28;2025-12-25;19;794
28;2025-12-25;20;565
28;2025-12-25;21;340
28;2025-12-25;22;129
28;2025-12-25;23;13
28;2025-12-26;0;1
28;2025-12-26;1;0
28;2025-12-26;2;0
28;2025-12-26;3;0
28;2025-12-26;4;1
28;2025-12-26;5;77
28;2025-12-26;6;286
28;2025-12-26;7;869
28;2025-12-26;8;1360
28;2025-12-26;9;858
28;2025-12-26;10;654
28;2025-12-26;11;600
28;2025-12-26;12;807
28;2025-12-26;13;752
28;2025-12-26;14;732
28;2025-12-26;15;730
28;2025-12-26;16;966
28;2025-12-26;17;1024
28;2025-12-26;18;885
28;2025-12-26;19;680
28;2025-12-26;20;425
28;2025-12-26;21;324
28;2025-12-26;22;119
28;2025-12-26;23;17
28;2025-12-27;0;2
28;2025-12-27;1;0
28;2025-12-27;2;0
28;2025-12-27;3;0
28;2025-12-27;4;1
28;2025-12-27;5;37
28;2025-12-27;6;106
28;2025-12-27;7;231
28;2025-12-27;8;408
28;2025-12-27;9;462
28;2025-12-27;10;509
28;2025-12-27;11;516
28;2025-12-27;12;615
28;2025-12-27;13;623
28;2025-12-27;14;558
28;2025-12-27;15;624
28;2025-12-27;16;650
28;2025-12-27;17;617
28;2025-12-27;18;517
28;2025-12-27;19;389
28;2025-12-27;20;296
28;2025-12-27;21;270
28;2025-12-27;22;108
28;2025-12-27;23;15
28;2025-12-28;0;3
28;2025-12-28;1;0
28;2025-12-28;2;0
28;2025-12-28;3;0
28;2025-12-28;4;0
28;2025-12-28;5;29
28;2025-12-28;6;75
28;2025-12-28;7;168
28;2025-12-28;8;254
28;2025-12-28;9;349
28;2025-12-28;10;400
28;2025-12-28;11;445
28;2025-12-28;12;459
28;2025-12-28;13;550
28;2025-12-28;14;519
28;2025-12-28;15;520
28;2025-12-28;16;471
28;2025-12-28;17;523
28;2025-12-28;18;447
28;2025-12-28;19;396
28;2025-12-28;20;299
28;2025-12-28;21;241
28;2025-12-28;22;115
28;2025-12-28;23;13
28;2025-12-29;0;0
28;2025-12-29;1;1
28;2025-12-29;2;0
28;2025-12-29;3;0
28;2025-12-29;4;2
28;2025-12-29;5;77
28;2025-12-29;6;259
28;2025-12-29;7;736
28;2025-12-29;8;1276
28;2025-12-29;9;823
28;2025-12-29;10;642
28;2025-12-29;11;537
28;2025-12-29;12;691
28;2025-12-29;13;672
28;2025-12-29;14;646
28;2025-12-29;15;613
28;2025-12-29;16;874
28;2025-12-29;17;1011
28;2025-12-29;18;959
28;2025-12-29;19;725
28;2025-12-29;20;461
28;2025-12-29;21;299
28;2025-12-29;22;106
28;2025-12-29;23;3
28;2025-12-30;0;0
28;2025-12-30;1;0
28;2025-12-30;2;0
28;2025-12-30;3;0
28;2025-12-30;4;1
28;2025-12-30;5;74
28;2025-12-30;6;253
28;2025-12-30;7;786
28;2025-12-30;8;1352
28;2025-12-30;9;826
28;2025-12-30;10;676
28;2025-12-30;11;584
28;2025-12-30;12;691
28;2025-12-30;13;704
28;2025-12-30;14;684
28;2025-12-30;15;705
28;2025-12-30;16;756
28;2025-12-30;17;984
28;2025-12-30;18;1006
28;2025-12-30;19;684
28;2025-12-30;20;484
28;2025-12-30;21;328
28;2025-12-30;22;118
28;2025-12-30;23;10
28;2025-12-31;0;0
28;2025-12-31;1;0
28;2025-12-31;2;0
28;2025-12-31;3;0
28;2025-12-31;4;1
28;2025-12-31;5;37
28;2025-12-31;6;91
28;2025-12-31;7;175
28;2025-12-31;8;240
28;2025-12-31;9;307
28;2025-12-31;10;295
28;2025-12-31;11;298
28;2025-12-31;12;382
28;2025-12-31;13;385
28;2025-12-31;14;374
28;2025-12-31;15;352
28;2025-12-31;16;346
28;2025-12-31;17;369
28;2025-12-31;18;333
28;2025-12-31;19;304
28;2025-12-31;20;272
28;2025-12-31;21;243
28;2025-12-31;22;107
28;2025-12-31;23;14
50;2025-11-01;0;52
50;2025-11-01;1;7
50;2025-11-01;2;0
50;2025-11-01;3;2
50;2025-11-01;4;0
50;2025-11-01;5;9
50;2025-11-01;6;12
50;2025-11-01;7;18
50;2025-11-01;8;37
50;2025-11-01;9;73
50;2025-11-01;10;27
50;2025-11-01;11;42
50;2025-11-01;12;74
50;2025-11-01;13;48
50;2025-11-01;14;62
50;2025-11-01;15;88
50;2025-11-01;16;56
50;2025-11-01;17;57
50;2025-11-01;18;12
50;2025-11-01;19;10
50;2025-11-01;20;8
50;2025-11-01;21;8
50;2025-11-01;22;8
50;2025-11-01;23;2
50;2025-11-02;0;2
50;2025-11-02;1;0
50;2025-11-02;2;0
50;2025-11-02;3;0
50;2025-11-02;4;0
50;2025-11-02;5;1
50;2025-11-02;6;4
50;2025-11-02;7;8
50;2025-11-02;8;16
50;2025-11-02;9;12
50;2025-11-02;10;26
50;2025-11-02;11;85
50;2025-11-02;12;65
50;2025-11-02;13;81
50;2025-11-02;14;141
50;2025-11-02;15;116
50;2025-11-02;16;144
50;2025-11-02;17;122
50;2025-11-02;18;70
50;2025-11-02;19;75
50;2025-11-02;20;56
50;2025-11-02;21;35
50;2025-11-02;22;41
50;2025-11-02;23;12
50;2025-11-03;0;44
50;2025-11-03;1;3
50;2025-11-03;2;0
50;2025-11-03;3;0
50;2025-11-03;4;1
50;2025-11-03;5;32
50;2025-11-03;6;161
50;2025-11-03;7;293
50;2025-11-03;8;448
50;2025-11-03;9;482
50;2025-11-03;10;517
50;2025-11-03;11;628
50;2025-11-03;12;632
50;2025-11-03;13;753
50;2025-11-03;14;698
50;2025-11-03;15;606
50;2025-11-03;16;610
50;2025-11-03;17;627
50;2025-11-03;18;630
50;2025-11-03;19;642
50;2025-11-03;20;461
50;2025-11-03;21;385
50;2025-11-03;22;229
50;2025-11-03;23;148
50;2025-11-04;0;44
50;2025-11-04;1;3
50;2025-11-04;2;0
50;2025-11-04;3;0
50;2025-11-04;4;1
50;2025-11-04;5;32
50;2025-11-04;6;161
50;2025-11-04;7;293
50;2025-11-04;8;448
50;2025-11-04;9;482
50;2025-11-04;10;517
50;2025-11-04;11;628
50;2025-11-04;12;632
50;2025-11-04;13;753
50;2025-11-04;14;698
50;2025-11-04;15;606
50;2025-11-04;16;610
50;2025-11-04;17;627
50;2025-11-04;18;630
50;2025-11-04;19;642
50;2025-11-04;20;461
50;2025-11-04;21;385
50;2025-11-04;22;229
50;2025-11-04;23;148
50;2025-11-05;0;21
50;2025-11-05;1;3
50;2025-11-05;2;0
50;2025-11-05;3;0
50;2025-11-05;4;3
50;2025-11-05;5;85
50;2025-11-05;6;521
50;2025-11-05;7;1755
50;2025-11-05;8;2906
50;2025-11-05;9;2192
50;2025-11-05;10;1730
50;2025-11-05;11;1627
50;2025-11-05;12;1587
50;2025-11-05;13;1532
50;2025-11-05;14;1475
50;2025-11-05;15;1585
50;2025-11-05;16;1710
50;2025-11-05;17;2435
50;2025-11-05;18;2499
50;2025-11-05;19;1467
50;2025-11-05;20;911
50;2025-11-05;21;657
50;2025-11-05;22;253
50;2025-11-05;23;159
50;2025-11-06;0;37
50;2025-11-06;1;2
50;2025-11-06;2;0
50;2025-11-06;3;0
50;2025-11-06;4;4
50;2025-11-06;5;77
50;2025-11-06;6;478
50;2025-11-06;7;1642
50;2025-11-06;8;2723
50;2025-11-06;9;2175
50;2025-11-06;10;1772
50;2025-11-06;11;1516
50;2025-11-06;12;1526
50;2025-11-06;13;1523
50;2025-11-06;14;1445
50;2025-11-06;15;1675
50;2025-11-06;16;1670
50;2025-11-06;17;2402
50;2025-11-06;18;2539
50;2025-11-06;19;1510
50;2025-11-06;20;1056
50;2025-11-06;21;708
50;2025-11-06;22;263
50;2025-11-06;23;162
50;2025-11-07;0;38
50;2025-11-07;1;1
50;2025-11-07;2;0
50;2025-11-07;3;0
50;2025-11-07;4;4
50;2025-11-07;5;72
50;2025-11-07;6;516
50;2025-11-07;7;1757
50;2025-11-07;8;2857
50;2025-11-07;9;2233
50;2025-11-07;10;1498
50;2025-11-07;11;1514
50;2025-11-07;12;1409
50;2025-11-07;13;1514
50;2025-11-07;14;1484
50;2025-11-07;15;1748
50;2025-11-07;16;2259
50;2025-11-07;17;2122
50;2025-11-07;18;1609
50;2025-11-07;19;1207
50;2025-11-07;20;891
50;2025-11-07;21;559
50;2025-11-07;22;257
50;2025-11-07;23;165
50;2025-11-08;0;52
50;2025-11-08;1;7
50;2025-11-08;2;0
50;2025-11-08;3;2
50;2025-11-08;4;0
50;2025-11-08;5;9
50;2025-11-08;6;12
50;2025-11-08;7;18
50;2025-11-08;8;37
50;2025-11-08;9;73
50;2025-11-08;10;27
50;2025-11-08;11;42
50;2025-11-08;12;74
50;2025-11-08;13;48
50;2025-11-08;14;62
50;2025-11-08;15;88
50;2025-11-08;16;56
50;2025-11-08;17;57
50;2025-11-08;18;12
50;2025-11-08;19;10
50;2025-11-08;20;8
50;2025-11-08;21;8
50;2025-11-08;22;8
50;2025-11-08;23;2
50;2025-11-09;0;2
50;2025-11-09;1;0
50;2025-11-09;2;0
50;2025-11-09;3;0
50;2025-11-09;4;0
50;2025-11-09;5;1
50;2025-11-09;6;4
50;2025-11-09;7;8
50;2025-11-09;8;16
50;2025-11-09;9;12
50;2025-11-09;10;26
50;2025-11-09;11;85
50;2025-11-09;12;65
50;2025-11-09;13;81
50;2025-11-09;14;141
50;2025-11-09;15;116
50;2025-11-09;16;144
50;2025-11-09;17;122
50;2025-11-09;18;70
50;2025-11-09;19;75
50;2025-11-09;20;56
50;2025-11-09;21;35
50;2025-11-09;22;41
50;2025-11-09;23;12
50;2025-11-10;0;9
50;2025-11-10;1;5
50;2025-11-10;2;1
50;2025-11-10;3;0
50;2025-11-10;4;4
50;2025-11-10;5;71
50;2025-11-10;6;546
50;2025-11-10;7;1716
50;2025-11-10;8;2899
50;2025-11-10;9;2321
50;2025-11-10;10;1661
50;2025-11-10;11;1489
50;2025-11-10;12;1374
50;2025-11-10;13;1508
50;2025-11-10;14;1429
50;2025-11-10;15;1675
50;2025-11-10;16;1640
50;2025-11-10;17;2293
50;2025-11-10;18;2560
50;2025-11-10;19;1308
50;2025-11-10;20;871
50;2025-11-10;21;632
50;2025-11-10;22;229
50;2025-11-10;23;127
50;2025-11-11;0;28
50;2025-11-11;1;2
50;2025-11-11;2;0
50;2025-11-11;3;0
50;2025-11-11;4;3
50;2025-11-11;5;85
50;2025-11-11;6;591
50;2025-11-11;7;1880
50;2025-11-11;8;2868
50;2025-11-11;9;2390
50;2025-11-11;10;1858
50;2025-11-11;11;1573
50;2025-11-11;12;1458
50;2025-11-11;13;1593
50;2025-11-11;14;1511
50;2025-11-11;15;1762
50;2025-11-11;16;1815
50;2025-11-11;17;2607
50;2025-11-11;18;2517
50;2025-11-11;19;1547
50;2025-11-11;20;1007
50;2025-11-11;21;634
50;2025-11-11;22;236
50;2025-11-11;23;150
50;2025-11-12;0;21
50;2025-11-12;1;3
50;2025-11-12;2;0
50;2025-11-12;3;0
50;2025-11-12;4;3
50;2025-11-12;5;85
50;2025-11-12;6;521
50;2025-11-12;7;1755
50;2025-11-12;8;2906
50;2025-11-12;9;2192
50;2025-11-12;10;1730
50;2025-11-12;11;1627
50;2025-11-12;12;1587
50;2025-11-12;13;1532
50;2025-11-12;14;1475
50;2025-11-12;15;1585
50;2025-11-12;16;1710
50;2025-11-12;17;2435
50;2025-11-12;18;2499
50;2025-11-12;19;1467
50;2025-11-12;20;911
50;2025-11-12;21;657
50;2025-11-12;22;253
50;2025-11-12;23;159
50;2025-11-13;0;37
50;2025-11-13;1;2
50;2025-11-13;2;0
50;2025-11-13;3;0
50;2025-11-13;4;4
50;2025-11-13;5;77
50;2025-11-13;6;478
50;2025-11-13;7;1642
50;2025-11-13;8;2723
50;2025-11-13;9;2175
50;2025-11-13;10;1772
50;2025-11-13;11;1516
50;2025-11-13;12;1526
50;2025-11-13;13;1523
50;2025-11-13;14;1445
50;2025-11-13;15;1675
50;2025-11-13;16;1670
50;2025-11-13;17;2402
50;2025-11-13;18;2539
50;2025-11-13;19;1510
50;2025-11-13;20;1056
50;2025-11-13;21;708
50;2025-11-13;22;263
50;2025-11-13;23;162
50;2025-11-14;0;38
50;2025-11-14;1;1
50;2025-11-14;2;0
50;2025-11-14;3;0
50;2025-11-14;4;4
50;2025-11-14;5;72
50;2025-11-14;6;516
50;2025-11-14;7;1757
50;2025-11-14;8;2857
50;2025-11-14;9;2233
50;2025-11-14;10;1498
50;2025-11-14;11;1514
50;2025-11-14;12;1409
50;2025-11-14;13;1514
50;2025-11-14;14;1484
50;2025-11-14;15;1748
50;2025-11-14;16;2259
50;2025-11-14;17;2122
50;2025-11-14;18;1609
50;2025-11-14;19;1207
50;2025-11-14;20;891
50;2025-11-14;21;559
50;2025-11-14;22;257
50;2025-11-14;23;165
50;2025-11-15;0;52
50;2025-11-15;1;7
50;2025-11-15;2;0
50;2025-11-15;3;2
50;2025-11-15;4;0
50;2025-11-15;5;9
50;2025-11-15;6;12
50;2025-11-15;7;18
50;2025-11-15;8;37
50;2025-11-15;9;73
50;2025-11-15;10;27
50;2025-11-15;11;42
50;2025-11-15;12;74
50;2025-11-15;13;48
50;2025-11-15;14;62
50;2025-11-15;15;88
50;2025-11-15;16;56
50;2025-11-15;17;57
50;2025-11-15;18;12
50;2025-11-15;19;10
50;2025-11-15;20;8
50;2025-11-15;21;8
50;2025-11-15;22;8
50;2025-11-15;23;2
50;2025-11-16;0;2
50;2025-11-16;1;0
50;2025-11-16;2;0
50;2025-11-16;3;0
50;2025-11-16;4;0
50;2025-11-16;5;1
50;2025-11-16;6;4
50;2025-11-16;7;8
50;2025-11-16;8;16
50;2025-11-16;9;12
50;2025-11-16;10;26
50;2025-11-16;11;85
50;2025-11-16;12;65
50;2025-11-16;13;81
50;2025-11-16;14;141
50;2025-11-16;15;116
50;2025-11-16;16;144
50;2025-11-16;17;122
50;2025-11-16;18;70
50;2025-11-16;19;75
50;2025-11-16;20;56
50;2025-11-16;21;35
50;2025-11-16;22;41
50;2025-11-16;23;12
50;2025-11-17;0;9
50;2025-11-17;1;5
50;2025-11-17;2;1
50;2025-11-17;3;0
50;2025-11-17;4;4
50;2025-11-17;5;71
50;2025-11-17;6;546
50;2025-11-17;7;1716
50;2025-11-17;8;2899
50;2025-11-17;9;2321
50;2025-11-17;10;1661
50;2025-11-17;11;1489
50;2025-11-17;12;1374
50;2025-11-17;13;1508
50;2025-11-17;14;1429
50;2025-11-17;15;1675
50;2025-11-17;16;1640
50;2025-11-17;17;2293
50;2025-11-17;18;2560
50;2025-11-17;19;1308
50;2025-11-17;20;871
50;2025-11-17;21;632
50;2025-11-17;22;229
50;2025-11-17;23;127
50;2025-11-18;0;28
50;2025-11-18;1;2
50;2025-11-18;2;0
50;2025-11-18;3;0
50;2025-11-18;4;3
50;2025-11-18;5;85
50;2025-11-18;6;591
50;2025-11-18;7;1880
50;2025-11-18;8;2868
50;2025-11-18;9;2390
50;2025-11-18;10;1858
50;2025-11-18;11;1573
50;2025-11-18;12;1458
50;2025-11-18;13;1593
50;2025-11-18;14;1511
50;2025-11-18;15;1762
50;2025-11-18;16;1815
50;2025-11-18;17;2607
50;2025-11-18;18;2517
50;2025-11-18;19;1547
50;2025-11-18;20;1007
50;2025-11-18;21;634
50;2025-11-18;22;236
50;2025-11-18;23;150
50;2025-11-19;0;21
50;2025-11-19;1;3
50;2025-11-19;2;0
50;2025-11-19;3;0
50;2025-11-19;4;3
50;2025-11-19;5;85
50;2025-11-19;6;521
50;2025-11-19;7;1755
50;2025-11-19;8;2906
50;2025-11-19;9;2192
50;2025-11-19;10;1730
50;2025-11-19;11;1627
50;2025-11-19;12;1587
50;2025-11-19;13;1532
50;2025-11-19;14;1475
50;2025-11-19;15;1585
50;2025-11-19;16;1710
50;2025-11-19;17;2435
50;2025-11-19;18;2499
50;2025-11-19;19;1467
50;2025-11-19;20;911
50;2025-11-19;21;657
50;2025-11-19;22;253
50;2025-11-19;23;159
50;2025-11-20;0;37
50;2025-11-20;1;2
50;2025-11-20;2;0
50;2025-11-20;3;0
50;2025-11-20;4;4
50;2025-11-20;5;77
50;2025-11-20;6;478
50;2025-11-20;7;1642
50;2025-11-20;8;2723
50;2025-11-20;9;2175
50;2025-11-20;10;1772
50;2025-11-20;11;1516
50;2025-11-20;12;1526
50;2025-11-20;13;1523
50;2025-11-20;14;1445
50;2025-11-20;15;1675
50;2025-11-20;16;1670
50;2025-11-20;17;2402
50;2025-11-20;18;2539
50;2025-11-20;19;1510
50;2025-11-20;20;1056
50;2025-11-20;21;708
50;2025-11-20;22;263
50;2025-11-20;23;162
50;2025-11-21;0;38
50;2025-11-21;1;1
50;2025-11-21;2;0
50;2025-11-21;3;0
50;2025-11-21;4;4
50;2025-11-21;5;72
50;2025-11-21;6;516
50;2025-11-21;7;1757
50;2025-11-21;8;2857
50;2025-11-21;9;2233
50;2025-11-21;10;1498
50;2025-11-21;11;1514
50;2025-11-21;12;1409
50;2025-11-21;13;1514
50;2025-11-21;14;1484
50;2025-11-21;15;1748
50;2025-11-21;16;2259
50;2025-11-21;17;2122
50;2025-11-21;18;1609
50;2025-11-21;19;1207
50;2025-11-21;20;891
50;2025-11-21;21;559
50;2025-11-21;22;257
50;2025-11-21;23;165
50;2025-11-22;0;52
50;2025-11-22;1;7
50;2025-11-22;2;0
50;2025-11-22;3;2
50;2025-11-22;4;0
50;2025-11-22;5;9
50;2025-11-22;6;12
50;2025-11-22;7;18
50;2025-11-22;8;37
50;2025-11-22;9;73
50;2025-11-22;10;27
50;2025-11-22;11;42
50;2025-11-22;12;74
50;2025-11-22;13;48
50;2025-11-22;14;62
50;2025-11-22;15;88
50;2025-11-22;16;56
50;2025-11-22;17;57
50;2025-11-22;18;12
50;2025-11-22;19;10
50;2025-11-22;20;8
50;2025-11-22;21;8
50;2025-11-22;22;8
50;2025-11-22;23;2
50;2025-11-23;0;2
50;2025-11-23;1;0
50;2025-11-23;2;0
50;2025-11-23;3;0
50;2025-11-23;4;0
50;2025-11-23;5;1
50;2025-11-23;6;4
50;2025-11-23;7;8
50;2025-11-23;8;16
50;2025-11-23;9;12
50;2025-11-23;10;26
50;2025-11-23;11;85
50;2025-11-23;12;65
50;2025-11-23;13;81
50;2025-11-23;14;141
50;2025-11-23;15;116
50;2025-11-23;16;144
50;2025-11-23;17;122
50;2025-11-23;18;70
50;2025-11-23;19;75
50;2025-11-23;20;56
50;2025-11-23;21;35
50;2025-11-23;22;41
50;2025-11-23;23;12
50;2025-11-24;0;9
50;2025-11-24;1;5
50;2025-11-24;2;1
50;2025-11-24;3;0
50;2025-11-24;4;4
50;2025-11-24;5;71
50;2025-11-24;6;546
50;2025-11-24;7;1716
50;2025-11-24;8;2899
50;2025-11-24;9;2321
50;2025-11-24;10;1661
50;2025-11-24;11;1489
50;2025-11-24;12;1374
50;2025-11-24;13;1508
50;2025-11-24;14;1429
50;2025-11-24;15;1675
50;2025-11-24;16;1640
50;2025-11-24;17;2293
50;2025-11-24;18;2560
50;2025-11-24;19;1308
50;2025-11-24;20;871
50;2025-11-24;21;632
50;2025-11-24;22;229
50;2025-11-24;23;127
50;2025-11-25;0;28
50;2025-11-25;1;2
50;2025-11-25;2;0
50;2025-11-25;3;0
50;2025-11-25;4;3
50;2025-11-25;5;85
50;2025-11-25;6;591
50;2025-11-25;7;1880
50;2025-11-25;8;2868
50;2025-11-25;9;2390
50;2025-11-25;10;1858
50;2025-11-25;11;1573
50;2025-11-25;12;1458
50;2025-11-25;13;1593
50;2025-11-25;14;1511
50;2025-11-25;15;1762
50;2025-11-25;16;1815
50;2025-11-25;17;2607
50;2025-11-25;18;2517
50;2025-11-25;19;1547
50;2025-11-25;20;1007
50;2025-11-25;21;634
50;2025-11-25;22;236
50;2025-11-25;23;150
50;2025-11-26;0;21
50;2025-11-26;1;3
50;2025-11-26;2;0
50;2025-11-26;3;0
50;2025-11-26;4;3
50;2025-11-26;5;85
50;2025-11-26;6;521
50;2025-11-26;7;1755
50;2025-11-26;8;2906
50;2025-11-26;9;2192
50;2025-11-26;10;1730
50;2025-11-26;11;1627
50;2025-11-26;12;1587
50;2025-11-26;13;1532
50;2025-11-26;14;1475
50;2025-11-26;15;1585
50;2025-11-26;16;1710
50;2025-11-26;17;2435
50;2025-11-26;18;2499
50;2025-11-26;19;1467
50;2025-11-26;20;911
50;2025-11-26;21;657
50;2025-11-26;22;253
50;2025-11-26;23;159
50;2025-11-27;0;37
50;2025-11-27;1;2
50;2025-11-27;2;0
50;2025-11-27;3;0
50;2025-11-27;4;4
50;2025-11-27;5;77
50;2025-11-27;6;478
50;2025-11-27;7;1642
50;2025-11-27;8;2723
50;2025-11-27;9;2175
50;2025-11-27;10;1772
50;2025-11-27;11;1516
50;2025-11-27;12;1526
50;2025-11-27;13;1523
50;2025-11-27;14;1445
50;2025-11-27;15;1675
50;2025-11-27;16;1670
50;2025-11-27;17;2402
50;2025-11-27;18;2539
50;2025-11-27;19;1510
50;2025-11-27;20;1056
50;2025-11-27;21;708
50;2025-11-27;22;263
50;2025-11-27;23;162
50;2025-11-28;0;38
50;2025-11-28;1;1
50;2025-11-28;2;0
50;2025-11-28;3;0
50;2025-11-28;4;4
50;2025-11-28;5;72
50;2025-11-28;6;516
50;2025-11-28;7;1757
50;2025-11-28;8;2857
50;2025-11-28;9;2233
50;2025-11-28;10;1498
50;2025-11-28;11;1514
50;2025-11-28;12;1409
50;2025-11-28;13;1514
50;2025-11-28;14;1484
50;2025-11-28;15;1748
50;2025-11-28;16;2259
50;2025-11-28;17;2122
50;2025-11-28;18;1609
50;2025-11-28;19;1207
50;2025-11-28;20;891
50;2025-11-28;21;559
50;2025-11-28;22;257
50;2025-11-28;23;165
50;2025-11-29;0;52
50;2025-11-29;1;7
50;2025-11-29;2;0
50;2025-11-29;3;2
50;2025-11-29;4;0
50;2025-11-29;5;9
50;2025-11-29;6;12
50;2025-11-29;7;18
50;2025-11-29;8;37
50;2025-11-29;9;73
50;2025-11-29;10;27
50;2025-11-29;11;42
50;2025-11-29;12;74
50;2025-11-29;13;48
50;2025-11-29;14;62
50;2025-11-29;15;88
50;2025-11-29;16;56
50;2025-11-29;17;57
50;2025-11-29;18;12
50;2025-11-29;19;10
50;2025-11-29;20;8
50;2025-11-29;21;8
50;2025-11-29;22;8
50;2025-11-29;23;2
50;2025-11-30;0;2
50;2025-11-30;1;0
50;2025-11-30;2;0
50;2025-11-30;3;0
50;2025-11-30;4;0
50;2025-11-30;5;1
50;2025-11-30;6;4
50;2025-11-30;7;8
50;2025-11-30;8;16
50;2025-11-30;9;12
50;2025-11-30;10;26
50;2025-11-30;11;85
50;2025-11-30;12;65
50;2025-11-30;13;81
50;2025-11-30;14;141
50;2025-11-30;15;116
50;2025-11-30;16;144
50;2025-11-30;17;122
50;2025-11-30;18;70
50;2025-11-30;19;75
50;2025-11-30;20;56
50;2025-11-30;21;35
50;2025-11-30;22;41
50;2025-11-30;23;12
50;2025-12-01;0;9
50;2025-12-01;1;5
50;2025-12-01;2;1
50;2025-12-01;3;0
50;2025-12-01;4;4
50;2025-12-01;5;71
50;2025-12-01;6;546
50;2025-12-01;7;1716
50;2025-12-01;8;2899
50;2025-12-01;9;2321
50;2025-12-01;10;1661
50;2025-12-01;11;1489
50;2025-12-01;12;1374
50;2025-12-01;13;1508
50;2025-12-01;14;1429
50;2025-12-01;15;1675
50;2025-12-01;16;1640
50;2025-12-01;17;2293
50;2025-12-01;18;2560
50;2025-12-01;19;1308
50;2025-12-01;20;871
50;2025-12-01;21;632
50;2025-12-01;22;229
50;2025-12-01;23;127
50;2025-12-02;0;28
50;2025-12-02;1;2
50;2025-12-02;2;0
50;2025-12-02;3;0
50;2025-12-02;4;3
50;2025-12-02;5;85
50;2025-12-02;6;591
50;2025-12-02;7;1880
50;2025-12-02;8;2868
50;2025-12-02;9;2390
50;2025-12-02;10;1858
50;2025-12-02;11;1573
50;2025-12-02;12;1458
50;2025-12-02;13;1593
50;2025-12-02;14;1511
50;2025-12-02;15;1762
50;2025-12-02;16;1815
50;2025-12-02;17;2607
50;2025-12-02;18;2517
50;2025-12-02;19;1547
50;2025-12-02;20;1007
50;2025-12-02;21;634
50;2025-12-02;22;236
50;2025-12-02;23;150
50;2025-12-03;0;21
50;2025-12-03;1;3
50;2025-12-03;2;0
50;2025-12-03;3;0
50;2025-12-03;4;3
50;2025-12-03;5;85
50;2025-12-03;6;521
50;2025-12-03;7;1755
50;2025-12-03;8;2906
50;2025-12-03;9;2192
50;2025-12-03;10;1730
50;2025-12-03;11;1627
50;2025-12-03;12;1587
50;2025-12-03;13;1532
50;2025-12-03;14;1475
50;2025-12-03;15;1585
50;2025-12-03;16;1710
50;2025-12-03;17;2435
50;2025-12-03;18;2499
50;2025-12-03;19;1467
50;2025-12-03;20;911
50;2025-12-03;21;657
50;2025-12-03;22;253
50;2025-12-03;23;159
50;2025-12-04;0;37
50;2025-12-04;1;2
50;2025-12-04;2;0
50;2025-12-04;3;0
50;2025-12-04;4;4
50;2025-12-04;5;77
50;2025-12-04;6;478
50;2025-12-04;7;1642
50;2025-12-04;8;2723
50;2025-12-04;9;2175
50;2025-12-04;10;1772
50;2025-12-04;11;1516
50;2025-12-04;12;1526
50;2025-12-04;13;1523
50;2025-12-04;14;1445
50;2025-12-04;15;1675
50;2025-12-04;16;1670
50;2025-12-04;17;2402
50;2025-12-04;18;2539
50;2025-12-04;19;1510
50;2025-12-04;20;1056
50;2025-12-04;21;708
50;2025-12-04;22;263
50;2025-12-04;23;162
50;2025-12-05;0;38
50;2025-12-05;1;1
50;2025-12-05;2;0
50;2025-12-05;3;0
50;2025-12-05;4;4
50;2025-12-05;5;72
50;2025-12-05;6;516
50;2025-12-05;7;1757
50;2025-12-05;8;2857
50;2025-12-05;9;2233
50;2025-12-05;10;1498
50;2025-12-05;11;1514
50;2025-12-05;12;1409
50;2025-12-05;13;1514
50;2025-12-05;14;1484
50;2025-12-05;15;1748
50;2025-12-05;16;2259
50;2025-12-05;17;2122
50;2025-12-05;18;1609
50;2025-12-05;19;1207
50;2025-12-05;20;891
50;2025-12-05;21;559
50;2025-12-05;22;257
50;2025-12-05;23;165
50;2025-12-06;0;52
50;2025-12-06;1;7
50;2025-12-06;2;0
50;2025-12-06;3;2
50;2025-12-06;4;0
50;2025-12-06;5;9
50;2025-12-06;6;12
50;2025-12-06;7;18
50;2025-12-06;8;37
50;2025-12-06;9;73
50;2025-12-06;10;27
50;2025-12-06;11;42
50;2025-12-06;12;74
50;2025-12-06;13;48
50;2025-12-06;14;62
50;2025-12-06;15;88
50;2025-12-06;16;56
50;2025-12-06;17;57
50;2025-12-06;18;12
50;2025-12-06;19;10
50;2025-12-06;20;8
50;2025-12-06;21;8
50;2025-12-06;22;8
50;2025-12-06;23;2
50;2025-12-07;0;2
50;2025-12-07;1;0
50;2025-12-07;2;0
50;2025-12-07;3;0
50;2025-12-07;4;0
50;2025-12-07;5;1
50;2025-12-07;6;4
50;2025-12-07;7;8
50;2025-12-07;8;16
50;2025-12-07;9;12
50;2025-12-07;10;26
50;2025-12-07;11;85
50;2025-12-07;12;65
50;2025-12-07;13;81
50;2025-12-07;14;141
50;2025-12-07;15;116
50;2025-12-07;16;144
50;2025-12-07;17;122
50;2025-12-07;18;70
50;2025-12-07;19;75
50;2025-12-07;20;56
50;2025-12-07;21;35
50;2025-12-07;22;41
50;2025-12-07;23;12
50;2025-12-08;0;9
50;2025-12-08;1;5
50;2025-12-08;2;1
50;2025-12-08;3;0
50;2025-12-08;4;4
50;2025-12-08;5;71
50;2025-12-08;6;546
50;2025-12-08;7;1716
50;2025-12-08;8;2899
50;2025-12-08;9;2321
50;2025-12-08;10;1661
50;2025-12-08;11;1489
50;2025-12-08;12;1374
50;2025-12-08;13;1508
50;2025-12-08;14;1429
50;2025-12-08;15;1675
50;2025-12-08;16;1640
50;2025-12-08;17;2293
50;2025-12-08;18;2560
50;2025-12-08;19;1308
50;2025-12-08;20;871
50;2025-12-08;21;632
50;2025-12-08;22;229
50;2025-12-08;23;127
50;2025-12-09;0;28
50;2025-12-09;1;2
50;2025-12-09;2;0
50;2025-12-09;3;0
50;2025-12-09;4;3
50;2025-12-09;5;85
50;2025-12-09;6;591
50;2025-12-09;7;1880
50;2025-12-09;8;2868
50;2025-12-09;9;2390
50;2025-12-09;10;1858
50;2025-12-09;11;1573
50;2025-12-09;12;1458
50;2025-12-09;13;1593
50;2025-12-09;14;1511
50;2025-12-09;15;1762
50;2025-12-09;16;1815
50;2025-12-09;17;2607
50;2025-12-09;18;2517
50;2025-12-09;19;1547
50;2025-12-09;20;1007
50;2025-12-09;21;634
50;2025-12-09;22;236
50;2025-12-09;23;150
50;2025-12-10;0;21
50;2025-12-10;1;3
50;2025-12-10;2;0
50;2025-12-10;3;0
50;2025-12-10;4;3
50;2025-12-10;5;85
50;2025-12-10;6;521
50;2025-12-10;7;1755
50;2025-12-10;8;2906
50;2025-12-10;9;2192
50;2025-12-10;10;1730
50;2025-12-10;11;1627
50;2025-12-10;12;1587
50;2025-12-10;13;1532
50;2025-12-10;14;1475
50;2025-12-10;15;1585
50;2025-12-10;16;1710
50;2025-12-10;17;2435
50;2025-12-10;18;2499
50;2025-12-10;19;1467
50;2025-12-10;20;911
50;2025-12-10;21;657
50;2025-12-10;22;253
50;2025-12-10;23;159
50;2025-12-11;0;37
50;2025-12-11;1;2
50;2025-12-11;2;0
50;2025-12-11;3;0
50;2025-12-11;4;4
50;2025-12-11;5;77
50;2025-12-11;6;478
50;2025-12-11;7;1642
50;2025-12-11;8;2723
50;2025-12-11;9;2175
50;2025-12-11;10;1772
50;2025-12-11;11;1516
50;2025-12-11;12;1526
50;2025-12-11;13;1523
50;2025-12-11;14;1445
50;2025-12-11;15;1675
50;2025-12-11;16;1670
50;2025-12-11;17;2402
50;2025-12-11;18;2539
50;2025-12-11;19;1510
50;2025-12-11;20;1056
50;2025-12-11;21;708
50;2025-12-11;22;263
50;2025-12-11;23;162
50;2025-12-12;0;38
50;2025-12-12;1;1
50;2025-12-12;2;0
50;2025-12-12;3;0
50;2025-12-12;4;4
50;2025-12-12;5;72
50;2025-12-12;6;516
50;2025-12-12;7;1757
50;2025-12-12;8;2857
50;2025-12-12;9;2233
50;2025-12-12;10;1498
50;2025-12-12;11;1514
50;2025-12-12;12;1409
50;2025-12-12;13;1514
50;2025-12-12;14;1484
50;2025-12-12;15;1748
50;2025-12-12;16;2259
50;2025-12-12;17;2122
50;2025-12-12;18;1609
50;2025-12-12;19;1207
50;2025-12-12;20;891
50;2025-12-12;21;559
50;2025-12-12;22;257
50;2025-12-12;23;165
50;2025-12-13;0;52
50;2025-12-13;1;7
50;2025-12-13;2;0
50;2025-12-13;3;2
50;2025-12-13;4;0
50;2025-12-13;5;9
50;2025-12-13;6;12
50;2025-12-13;7;18
50;2025-12-13;8;37
50;2025-12-13;9;73
50;2025-12-13;10;27
50;2025-12-13;11;42
50;2025-12-13;12;74
50;2025-12-13;13;48
50;2025-12-13;14;62
50;2025-12-13;15;88
50;2025-12-13;16;56
50;2025-12-13;17;57
50;2025-12-13;18;12
50;2025-12-13;19;10
50;2025-12-13;20;8
50;2025-12-13;21;8
50;2025-12-13;22;8
50;2025-12-13;23;2
50;2025-12-14;0;2
50;2025-12-14;1;0
50;2025-12-14;2;0
50;2025-12-14;3;0
50;2025-12-14;4;0
50;2025-12-14;5;1
50;2025-12-14;6;4
50;2025-12-14;7;8
50;2025-12-14;8;16
50;2025-12-14;9;12
50;2025-12-14;10;26
50;2025-12-14;11;85
50;2025-12-14;12;65
50;2025-12-14;13;81
50;2025-12-14;14;141
50;2025-12-14;15;116
50;2025-12-14;16;144
50;2025-12-14;17;122
50;2025-12-14;18;70
50;2025-12-14;19;75
50;2025-12-14;20;56
50;2025-12-14;21;35
50;2025-12-14;22;41
50;2025-12-14;23;12
50;2025-12-15;0;9
50;2025-12-15;1;5
50;2025-12-15;2;1
50;2025-12-15;3;0
50;2025-12-15;4;4
50;2025-12-15;5;71
50;2025-12-15;6;546
50;2025-12-15;7;1716
50;2025-12-15;8;2899
50;2025-12-15;9;2321
50;2025-12-15;10;1661
50;2025-12-15;11;1489
50;2025-12-15;12;1374
50;2025-12-15;13;1508
50;2025-12-15;14;1429
50;2025-12-15;15;1675
50;2025-12-15;16;1640
50;2025-12-15;17;2293
50;2025-12-15;18;2560
50;2025-12-15;19;1308
50;2025-12-15;20;871
50;2025-12-15;21;632
50;2025-12-15;22;229
50;2025-12-15;23;127
50;2025-12-16;0;28
50;2025-12-16;1;2
50;2025-12-16;2;0
50;2025-12-16;3;0
50;2025-12-16;4;3
50;2025-12-16;5;85
50;2025-12-16;6;591
50;2025-12-16;7;1880
50;2025-12-16;8;2868
50;2025-12-16;9;2390
50;2025-12-16;10;1858
50;2025-12-16;11;1573
50;2025-12-16;12;1458
50;2025-12-16;13;1593
50;2025-12-16;14;1511
50;2025-12-16;15;1762
50;2025-12-16;16;1815
50;2025-12-16;17;2607
50;2025-12-16;18;2517
50;2025-12-16;19;1547
50;2025-12-16;20;1007
50;2025-12-16;21;634
50;2025-12-16;22;236
50;2025-12-16;23;150
50;2025-12-17;0;21
50;2025-12-17;1;3
50;2025-12-17;2;0
50;2025-12-17;3;0
50;2025-12-17;4;3
50;2025-12-17;5;85
50;2025-12-17;6;521
50;2025-12-17;7;1755
50;2025-12-17;8;2906
50;2025-12-17;9;2192
50;2025-12-17;10;1730
50;2025-12-17;11;1627
50;2025-12-17;12;1587
50;2025-12-17;13;1532
50;2025-12-17;14;1475
50;2025-12-17;15;1585
50;2025-12-17;16;1710
50;2025-12-17;17;2435
50;2025-12-17;18;2499
50;2025-12-17;19;1467
50;2025-12-17;20;911
50;2025-12-17;21;657
50;2025-12-17;22;253
50;2025-12-17;23;159
50;2025-12-18;0;37
50;2025-12-18;1;2
50;2025-12-18;2;0
50;2025-12-18;3;0
50;2025-12-18;4;4
50;2025-12-18;5;77
50;2025-12-18;6;478
50;2025-12-18;7;1642
50;2025-12-18;8;2723
50;2025-12-18;9;2175
50;2025-12-18;10;1772
50;2025-12-18;11;1516
50;2025-12-18;12;1526
50;2025-12-18;13;1523
50;2025-12-18;14;1445
50;2025-12-18;15;1675
50;2025-12-18;16;1670
50;2025-12-18;17;2402
50;2025-12-18;18;2539
50;2025-12-18;19;1510
50;2025-12-18;20;1056
50;2025-12-18;21;708
50;2025-12-18;22;263
50;2025-12-18;23;162
50;2025-12-19;0;38
50;2025-12-19;1;1
50;2025-12-19;2;0
50;2025-12-19;3;0
50;2025-12-19;4;4
50;2025-12-19;5;72
50;2025-12-19;6;516
50;2025-12-19;7;1757
50;2025-12-19;8;2857
50;2025-12-19;9;2233
50;2025-12-19;10;1498
50;2025-12-19;11;1514
50;2025-12-19;12;1409
50;2025-12-19;13;1514
50;2025-12-19;14;1484
50;2025-12-19;15;1748
50;2025-12-19;16;2259
50;2025-12-19;17;2122
50;2025-12-19;18;1609
50;2025-12-19;19;1207
50;2025-12-19;20;891
50;2025-12-19;21;559
50;2025-12-19;22;257
50;2025-12-19;23;165
50;2025-12-20;0;52
50;2025-12-20;1;7
50;2025-12-20;2;0
50;2025-12-20;3;2
50;2025-12-20;4;0
50;2025-12-20;5;9
50;2025-12-20;6;12
50;2025-12-20;7;18
50;2025-12-20;8;37
50;2025-12-20;9;73
50;2025-12-20;10;27
50;2025-12-20;11;42
50;2025-12-20;12;74
50;2025-12-20;13;48
50;2025-12-20;14;62
50;2025-12-20;15;88
50;2025-12-20;16;56
50;2025-12-20;17;57
50;2025-12-20;18;12
50;2025-12-20;19;10
50;2025-12-20;20;8
50;2025-12-20;21;8
50;2025-12-20;22;8
50;2025-12-20;23;2
50;2025-12-21;0;2
50;2025-12-21;1;0
50;2025-12-21;2;0
50;2025-12-21;3;0
50;2025-12-21;4;0
50;2025-12-21;5;1
50;2025-12-21;6;4
50;2025-12-21;7;8
50;2025-12-21;8;16
50;2025-12-21;9;12
50;2025-12-21;10;26
50;2025-12-21;11;85
50;2025-12-21;12;65
50;2025-12-21;13;81
50;2025-12-21;14;141
50;2025-12-21;15;116
50;2025-12-21;16;144
50;2025-12-21;17;122
50;2025-12-21;18;70
50;2025-12-21;19;75
50;2025-12-21;20;56
50;2025-12-21;21;35
50;2025-12-21;22;41
50;2025-12-21;23;12
50;2025-12-22;0;9
50;2025-12-22;1;5
50;2025-12-22;2;1
50;2025-12-22;3;0
50;2025-12-22;4;4
50;2025-12-22;5;71
50;2025-12-22;6;546
50;2025-12-22;7;1716
50;2025-12-22;8;2899
50;2025-12-22;9;2321
50;2025-12-22;10;1661
50;2025-12-22;11;1489
50;2025-12-22;12;1374
50;2025-12-22;13;1508
50;2025-12-22;14;1429
50;2025-12-22;15;1675
50;2025-12-22;16;1640
50;2025-12-22;17;2293
50;2025-12-22;18;2560
50;2025-12-22;19;1308
50;2025-12-22;20;871
50;2025-12-22;21;633
50;2025-12-22;22;229
50;2025-12-22;23;127
50;2025-12-23;0;28
50;2025-12-23;1;2
50;2025-12-23;2;0
50;2025-12-23;3;0
50;2025-12-23;4;3
50;2025-12-23;5;85
50;2025-12-23;6;591
50;2025-12-23;7;1880
50;2025-12-23;8;2868
50;2025-12-23;9;2390
50;2025-12-23;10;1858
50;2025-12-23;11;1573
50;2025-12-23;12;1458
50;2025-12-23;13;1593
50;2025-12-23;14;1511
50;2025-12-23;15;1762
50;2025-12-23;16;1815
50;2025-12-23;17;2607
50;2025-12-23;18;2517
50;2025-12-23;19;1547
50;2025-12-23;20;1007
50;2025-12-23;21;634
50;2025-12-23;22;236
50;2025-12-23;23;150
50;2025-12-24;0;21
50;2025-12-24;1;3
50;2025-12-24;2;0
50;2025-12-24;3;0
50;2025-12-24;4;3
50;2025-12-24;5;85
50;2025-12-24;6;521
50;2025-12-24;7;1755
50;2025-12-24;8;2906
50;2025-12-24;9;2192
50;2025-12-24;10;1730
50;2025-12-24;11;1627
50;2025-12-24;12;1587
50;2025-12-24;13;1532
50;2025-12-24;14;1475
50;2025-12-24;15;1585
50;2025-12-24;16;1710
50;2025-12-24;17;2435
50;2025-12-24;18;2499
50;2025-12-24;19;1467
50;2025-12-24;20;911
50;2025-12-24;21;657
50;2025-12-24;22;253
50;2025-12-24;23;159
50;2025-12-25;0;37
50;2025-12-25;1;2
50;2025-12-25;2;0
50;2025-12-25;3;0
50;2025-12-25;4;4
50;2025-12-25;5;77
50;2025-12-25;6;478
50;2025-12-25;7;1642
50;2025-12-25;8;2723
50;2025-12-25;9;2175
50;2025-12-25;10;1772
50;2025-12-25;11;1516
50;2025-12-25;12;1526
50;2025-12-25;13;1523
50;2025-12-25;14;1445
50;2025-12-25;15;1675
50;2025-12-25;16;1670
50;2025-12-25;17;2402
50;2025-12-25;18;2539
50;2025-12-25;19;1510
50;2025-12-25;20;1056
50;2025-12-25;21;708
50;2025-12-25;22;263
50;2025-12-25;23;162
50;2025-12-26;0;38
50;2025-12-26;1;1
50;2025-12-26;2;0
50;2025-12-26;3;0
50;2025-12-26;4;4
50;2025-12-26;5;72
50;2025-12-26;6;516
50;2025-12-26;7;1757
50;2025-12-26;8;2857
50;2025-12-26;9;2233
50;2025-12-26;10;1498
50;2025-12-26;11;1514
50;2025-12-26;12;1409
50;2025-12-26;13;1514
50;2025-12-26;14;1484
50;2025-12-26;15;1748
50;2025-12-26;16;2259
50;2025-12-26;17;2122
50;2025-12-26;18;1609
50;2025-12-26;19;1207
50;2025-12-26;20;891
50;2025-12-26;21;559
50;2025-12-26;22;257
50;2025-12-26;23;165
50;2025-12-27;0;52
50;2025-12-27;1;7
50;2025-12-27;2;0
50;2025-12-27;3;2
50;2025-12-27;4;0
50;2025-12-27;5;9
50;2025-12-27;6;12
50;2025-12-27;7;18
50;2025-12-27;8;37
50;2025-12-27;9;73
50;2025-12-27;10;27
50;2025-12-27;11;42
50;2025-12-27;12;74
50;2025-12-27;13;48
50;2025-12-27;14;62
50;2025-12-27;15;88
50;2025-12-27;16;56
50;2025-12-27;17;57
50;2025-12-27;18;12
50;2025-12-27;19;10
50;2025-12-27;20;8
50;2025-12-27;21;8
50;2025-12-27;22;8
50;2025-12-27;23;2
50;2025-12-28;0;2
50;2025-12-28;1;0
50;2025-12-28;2;0
50;2025-12-28;3;0
50;2025-12-28;4;0
50;2025-12-28;5;1
50;2025-12-28;6;4
50;2025-12-28;7;8
50;2025-12-28;8;16
50;2025-12-28;9;12
50;2025-12-28;10;26
50;2025-12-28;11;85
50;2025-12-28;12;65
50;2025-12-28;13;81
50;2025-12-28;14;141
50;2025-12-28;15;116
50;2025-12-28;16;144
50;2025-12-28;17;122
50;2025-12-28;18;70
50;2025-12-28;19;75
50;2025-12-28;20;56
50;2025-12-28;21;35
50;2025-12-28;22;41
50;2025-12-28;23;12
50;2025-12-29;0;9
50;2025-12-29;1;5
50;2025-12-29;2;1
50;2025-12-29;3;0
50;2025-12-29;4;4
50;2025-12-29;5;71
50;2025-12-29;6;546
50;2025-12-29;7;1716
50;2025-12-29;8;2899
50;2025-12-29;9;2321
50;2025-12-29;10;1661
50;2025-12-29;11;1489
50;2025-12-29;12;1374
50;2025-12-29;13;1508
50;2025-12-29;14;1429
50;2025-12-29;15;1675
50;2025-12-29;16;1640
50;2025-12-29;17;2293
50;2025-12-29;18;2560
50;2025-12-29;19;1308
50;2025-12-29;20;871
50;2025-12-29;21;632
50;2025-12-29;22;229
50;2025-12-29;23;127
50;2025-12-30;0;28
50;2025-12-30;1;2
50;2025-12-30;2;0
50;2025-12-30;3;0
50;2025-12-30;4;3
50;2025-12-30;5;85
50;2025-12-30;6;591
50;2025-12-30;7;1880
50;2025-12-30;8;2868
50;2025-12-30;9;2390
50;2025-12-30;10;1858
50;2025-12-30;11;1573
50;2025-12-30;12;1458
50;2025-12-30;13;1593
50;2025-12-30;14;1511
50;2025-12-30;15;1762
50;2025-12-30;16;1815
50;2025-12-30;17;2607
50;2025-12-30;18;2517
50;2025-12-30;19;1547
50;2025-12-30;20;1007
50;2025-12-30;21;634
50;2025-12-30;22;236
50;2025-12-30;23;150
50;2025-12-31;0;44
50;2025-12-31;1;3
50;2025-12-31;2;0
50;2025-12-31;3;0
50;2025-12-31;4;1
50;2025-12-31;5;32
50;2025-12-31;6;161
50;2025-12-31;7;293
50;2025-12-31;8;448
50;2025-12-31;9;482
50;2025-12-31;10;517
50;2025-12-31;11;628
50;2025-12-31;12;632
50;2025-12-31;13;753
50;2025-12-31;14;698
50;2025-12-31;15;606
50;2025-12-31;16;610
50;2025-12-31;17;627
50;2025-12-31;18;630
50;2025-12-31;19;642
50;2025-12-31;20;461
50;2025-12-31;21;385
50;2025-12-31;22;229
50;2025-12-31;23;148
