тип,ид,название,широта,долгота,дата,станция,маршруты,широта_станции,долгота_станции,дистанция_м,раненых,погибших,трамвай
точка интереса,3046079,Всероссийский научно-исследовательский институт авиационных материалов,55.764,37.677,,1 - й Краснокурсантский проезд,50,55.763852,37.680333,209.2,,,0
точка интереса,5667841,Главный учебный корпус МГТУ,55.765833,37.685556,,1 - й Краснокурсантский проезд,50,55.763852,37.680333,394.0,,,0
точка интереса,2099349,Императорское Московское техническое училище,55.76583,37.68472,,1 - й Краснокурсантский проезд,50,55.763852,37.680333,351.7,,,0
точка интереса,13382,Московский государственный технический университет имени Н. Э. Баумана,55.76583,37.68472,,1 - й Краснокурсантский проезд,50,55.763852,37.680333,351.7,,,0
точка интереса,8027768,Общежитие Императорского Московского технического училища,55.765002,37.68213,,1 - й Краснокурсантский проезд,50,55.763852,37.680333,170.2,,,0
точка интереса,1029855,Слободской дворец,55.7658,37.6845,,1 - й Краснокурсантский проезд,50,55.763852,37.680333,338.9,,,0
точка интереса,3977285,Фанагорийские казармы,55.76583,37.68056,,1 - й Краснокурсантский проезд,50,55.763852,37.680333,220.4,,,0
точка интереса,5799660,ЦНИИчермет имени И. П. Бардина,55.764117,37.683779,,1 - й Краснокурсантский проезд,50,55.763852,37.680333,217.6,,,0
авария,1359857,Столкновение,55.793773,37.694725,2024-02-15 08:00:00,1 - я Прогонная ул.,7,55.794131,37.696495,117.6,1.0,0.0,0
авария,1448214,Столкновение,55.794002,37.696366,2024-10-10 20:30:00,1 - я Прогонная ул.,7,55.794131,37.696495,16.5,1.0,0.0,0
авария,1452887,Наезд на пешехода,55.794303,37.698201,2024-10-23 06:33:00,1 - я Прогонная ул.,7,55.794131,37.696495,108.4,1.0,0.0,1
авария,1462723,Столкновение,55.794303,37.698834,2024-11-17 20:03:00,1 - я Прогонная ул.,7,55.794131,37.696495,147.5,1.0,0.0,0
авария,1499274,Наезд на пешехода,55.794677,37.699338,2025-03-18 18:43:00,1 - я Прогонная ул.,7,55.794131,37.696495,187.8,1.0,0.0,0
авария,1606420,Наезд на пешехода,55.794472,37.698555,2025-12-24 14:31:00,1 - я Прогонная ул.,7,55.794131,37.696495,134.2,1.0,0.0,0
точка интереса,2077051,Вита (организация),55.7915,37.6957,,1 - я Прогонная ул.,7,55.794131,37.696495,296.8,,,0
точка интереса,8076715,Екатерининская богадельня,55.79372,37.70012,,1 - я Прогонная ул.,7,55.794131,37.696495,231.2,,,0
точка интереса,137294,Измайлово (электродепо),55.789134,37.77356,,1 - я Прогонная ул.,11,55.790425,37.771894,177.4,,,0
точка интереса,796009,Матросская тишина (следственный изолятор),55.79167,37.69751,,1 - я Прогонная ул.,7,55.794131,37.696495,281.0,,,0
точка интереса,10284704,Музей Преображенской больницы,55.792665,37.700135,,1 - я Прогонная ул.,7,55.794131,37.696495,280.0,,,0
точка интереса,6647217,Независимая регистраторская компания,55.7939,37.6967,,1 - я Прогонная ул.,7,55.794131,37.696495,28.8,,,0
точка интереса,3897570,Независимая регистраторская компания Р.О.С.Т.,55.7937,37.6964,,1 - я Прогонная ул.,7,55.794131,37.696495,48.3,,,0
точка интереса,3909943,Преображенский дворец,55.797778,37.6925,,1 - я Прогонная ул.,7,55.794131,37.696495,476.2,,,0
точка интереса,4150273,Психиатрический стационар имени В. А. Гиляровского,55.792194,37.700417,,1 - я Прогонная ул.,7,55.794131,37.696495,326.3,,,0
авария,1352314,Наезд на пешехода,55.740182,37.674223,2024-01-18 08:17:00,10 - я улица Соколиной Горы,12,55.742097,37.675894,237.2,1.0,0.0,0
авария,1436201,Наезд на пешехода,55.739723,37.671776,2024-09-13 13:30:00,10 - я улица Соколиной Горы,12,55.742097,37.675894,369.0,1.0,0.0,0
авария,1552651,Столкновение,55.741831,37.676228,2025-08-09 11:56:00,10 - я улица Соколиной Горы,12,55.742097,37.675894,36.2,1.0,0.0,0
точка интереса,9834947,Здесь на Таганке,55.740734,37.670764,,10 - я улица Соколиной Горы,12,55.742097,37.675894,355.1,,,0
точка интереса,1471129,Московский художественный институт имени В. И. Сурикова,55.743694,37.666472,,10 - я улица Соколиной Горы,12,55.742097,37.675894,615.9,,,0
точка интереса,5716031,Музей общественного питания,55.743,37.6677,,10 - я улица Соколиной Горы,12,55.742097,37.675894,522.6,,,0
точка интереса,4245222,Первая галерея,55.743694,37.666472,,10 - я улица Соколиной Горы,12,55.742097,37.675894,615.9,,,0
точка интереса,6098751,РОСИП,55.7377,37.6799,,10 - я улица Соколиной Горы,12,55.742097,37.675894,549.5,,,0
точка интереса,3877856,Школа № 1468,55.740278,37.678519,,10 - я улица Соколиной Горы,12,55.742097,37.675894,260.6,,,0
авария,1352653,Наезд на пешехода,55.825455,37.641885,2024-01-19 10:20:00,13 - я Парковая улица,11,55.825635,37.641893,20.0,1.0,0.0,0
авария,1538372,Наезд на пешехода,55.825611,37.642172,2025-07-08 00:10:00,13 - я Парковая улица,11,55.825635,37.641893,17.6,1.0,0.0,0
авария,1613811,Столкновение,55.825926,37.642296,2026-01-21 10:20:00,13 - я Парковая улица,11,55.825635,37.641893,41.0,1.0,0.0,1
точка интереса,4599599,Памятник де Голлю (Москва),55.822533,37.646108,,13 - я Парковая улица,11,55.825635,37.641893,433.9,,,0
точка интереса,1430108,Площадь Шарля де Голля (Москва),55.822556,37.646269,,13 - я Парковая улица,11,55.825635,37.641893,438.1,,,0
авария,1362610,Наезд на пешехода,55.793405,37.812152,2024-02-26 13:05:00,15 - я Парковая улица,12,55.79344,37.8111,65.9,1.0,0.0,0
авария,1390651,Наезд на велосипедиста,55.816306,37.686249,2024-05-29 20:30:00,2 - й Ширяевский переулок,25,55.814198,37.686727,236.3,1.0,0.0,0
точка интереса,5832419,Дача Лямина,55.813056,37.681667,,2 - й Ширяевский переулок,25,55.814198,37.686727,340.8,,,0
авария,1410806,Падение пассажира,55.680137,37.585258,2024-07-16 13:45:00,3 - й Верхний Михайловский проезд,26,55.680313,37.586389,73.5,0.0,1.0,1
точка интереса,5642309,ВНИИ фундаментальной и прикладной паразитологии животных и растений имени К. И. Скрябина,55.679333,37.586055,,3 - й Верхний Михайловский проезд,26,55.680313,37.586389,111.0,,,0
точка интереса,2616,Институт теоретической и экспериментальной физики,55.6778,37.5867,,3 - й Верхний Михайловский проезд,26,55.680313,37.586389,280.1,,,0
точка интереса,7682242,Музей Героев Советского Союза и России,55.68167,37.58361,,3 - й Верхний Михайловский проезд,26,55.680313,37.586389,230.5,,,0
точка интереса,1877487,Черёмушки (Московский трамвай),55.68,37.58583,,3 - й Верхний Михайловский проезд,26,55.680313,37.586389,49.4,,,0
точка интереса,1416009,Черёмушки-Знаменское,55.677612,37.588017,,3 - й Верхний Михайловский проезд,26,55.680313,37.586389,317.2,,,0
авария,1485977,Падение пассажира,55.819127,37.720656,2025-01-27 20:25:00,3 - й проезд Подбельского,7,55.817607,37.717872,242.5,1.0,0.0,0
точка интереса,3771105,Институт глобального климата и экологии,55.814145,37.717319,,3 - й проезд Подбельского,7,55.817607,37.717872,386.5,,,0
авария,1401096,Наезд на пешехода,55.78315,37.741191,2024-06-24 11:00:00,3 - я Парковая улица,12,55.783057,37.740665,34.4,1.0,0.0,0
авария,1495746,Наезд на пешехода,55.782021,37.739915,2025-03-05 23:00:00,3 - я Парковая улица,12,55.783057,37.740665,124.4,1.0,0.0,0
точка интереса,5747309,"Богородское (Москва, восток)",55.813,37.7,,3 - я Парковая улица,11,55.811176,37.70139,220.7,,,0
авария,1590192,"Наезд на лицо, использующее для передвижения СИМ",55.685478,37.595236,2025-11-08 15:50:00,3 - я Рощинская улица,26,55.686525,37.593871,144.4,1.0,0.0,0
ремонт,way/308967738,footway,55.685066,37.592212,,3 - я Рощинская улица,26,55.686525,37.593871,192.7,,,0
ремонт,way/1289052902,service,55.684857,37.592063,,3 - я Рощинская улица,26,55.686525,37.593871,217.4,,,0
точка интереса,141394,Котловка (район Москвы),55.68333,37.6,,3 - я Рощинская улица,26,55.686525,37.593871,523.2,,,0
авария,1350785,Наезд на пешехода,55.71517,37.678642,2024-01-13 11:04:00,3 - я улица Соколиной Горы,12,55.714252,37.678435,102.9,1.0,0.0,0
авария,1419109,Столкновение,55.715332,37.678758,2024-08-05 08:45:00,3 - я улица Соколиной Горы,12,55.714252,37.678435,121.8,1.0,0.0,0
авария,1461223,Столкновение,55.713142,37.677285,2024-11-13 20:54:00,3 - я улица Соколиной Горы,12,55.714252,37.678435,142.9,1.0,0.0,0
авария,1465110,Наезд на велосипедиста,55.715828,37.678084,2024-11-23 22:12:00,3 - я улица Соколиной Горы,12,55.714252,37.678435,176.6,1.0,0.0,1
авария,1560514,Столкновение,55.713326,37.677934,2025-08-27 13:30:00,3 - я улица Соколиной Горы,12,55.714252,37.678435,107.6,1.0,0.0,0
авария,1565690,Столкновение,55.713653,37.678621,2025-09-08 10:50:00,3 - я улица Соколиной Горы,12,55.714252,37.678435,67.6,1.0,0.0,0
авария,1571312,Опрокидывание,55.717031,37.677226,2025-09-21 12:25:00,3 - я улица Соколиной Горы,12,55.714252,37.678435,318.2,1.0,0.0,0
авария,1601906,Наезд на пешехода,55.714952,37.679007,2025-12-11 21:15:00,3 - я улица Соколиной Горы,12,55.714252,37.678435,85.7,1.0,0.0,0
авария,1613559,Наезд на велосипедиста,55.715865,37.677966,2026-01-20 11:55:00,3 - я улица Соколиной Горы,12,55.714252,37.678435,181.8,1.0,0.0,1
точка интереса,6550444,Дубровка (станция МЦК),55.71268,37.677775,,3 - я улица Соколиной Горы,12,55.714252,37.678435,179.6,,,0
точка интереса,7772571,Шарикоподшипниковский путепровод,55.71355,37.679922,,3 - я улица Соколиной Горы,12,55.714252,37.678435,121.5,,,0
авария,1372082,Наезд на пешехода,55.781116,37.633613,2024-04-05 07:57:00,4 - й Самотёчный переулок,50,55.780632,37.63227,99.7,1.0,0.0,0
авария,1386801,Столкновение,55.793031,37.690927,2024-05-20 08:30:00,4 - й Самотёчный переулок,7,55.793428,37.691713,66.1,1.0,0.0,0
авария,1406152,Столкновение,55.780833,37.633259,2024-07-05 23:20:00,4 - й Самотёчный переулок,50,55.780632,37.63227,65.7,1.0,0.0,0
авария,1443982,Падение пассажира,55.792421,37.688835,2024-09-30 17:50:00,4 - й Самотёчный переулок,7,55.793428,37.691713,211.9,2.0,0.0,0
авария,1453777,Наезд на пешехода,55.780809,37.632583,2024-10-25 12:27:00,4 - й Самотёчный переулок,50,55.780632,37.63227,27.7,0.0,1.0,0
авария,1500833,Наезд на пешехода,55.780537,37.633495,2025-03-24 17:56:00,4 - й Самотёчный переулок,50,55.780632,37.63227,77.3,1.0,0.0,0
авария,1565890,Наезд на пешехода,55.792711,37.689285,2025-09-08 19:38:00,4 - й Самотёчный переулок,7,55.793428,37.691713,171.5,1.0,0.0,0
авария,1600873,Наезд на пешехода,55.79338,37.691213,2025-12-08 20:01:00,4 - й Самотёчный переулок,7,55.793428,37.691713,31.7,0.0,1.0,0
авария,1603314,Наезд на пешехода,55.793356,37.691238,2025-12-15 17:55:00,4 - й Самотёчный переулок,7,55.793428,37.691713,30.8,1.0,0.0,0
авария,1603739,Наезд на пешехода,55.793362,37.691227,2025-12-16 20:45:00,4 - й Самотёчный переулок,7,55.793428,37.691713,31.3,1.0,1.0,0
точка интереса,5912673,Богадельня братьев Боевых,55.79194,37.69,,4 - й Самотёчный переулок,7,55.793428,37.691713,197.1,,,0
точка интереса,5912819,Больница имени братьев Бахрушиных,55.79289,37.68886,,4 - й Самотёчный переулок,7,55.793428,37.691713,188.1,,,0
точка интереса,5789818,Городская усадьба Кузнецовых,55.781111,37.633056,,4 - й Самотёчный переулок,50,55.780632,37.63227,72.4,,,0
точка интереса,7334598,Инженерный корпус Московского метрополитена,55.781861,37.63275,,4 - й Самотёчный переулок,50,55.780632,37.63227,139.9,,,0
точка интереса,572006,Московский метрополитен (предприятие),55.7817,37.6326,,4 - й Самотёчный переулок,50,55.780632,37.63227,120.5,,,0
точка интереса,8064485,Набилковское коммерческое училище,55.782269,37.634525,,4 - й Самотёчный переулок,50,55.780632,37.63227,230.2,,,0
точка интереса,1960585,Стромынка,55.79333,37.69167,,4 - й Самотёчный переулок,7,55.793428,37.691713,11.2,,,0
авария,1366768,Наезд на пешехода,55.815962,37.728928,2024-03-14 18:48:00,5 - й пр. Подбельского,7,55.816496,37.728205,74.6,0.0,1.0,0
авария,1456676,Наезд на препятствие,55.816945,37.726343,2024-11-01 13:20:00,5 - й пр. Подбельского,7,55.816496,37.728205,126.6,1.0,0.0,0
точка интереса,5672623,Памятник Константину Рокоссовскому (Москва),55.811694,37.72528,,5 - й пр. Подбельского,7,55.816496,37.728205,564.4,,,0
точка интереса,2502897,Богатырский мост,55.81667,37.68722,,5 - я Парковая улица,11,55.816429,37.690768,223.3,,,0
точка интереса,5912336,Богатырский ручей,55.8171,37.6876,,5 - я Парковая улица,11,55.816429,37.690768,211.5,,,0
точка интереса,2298647,Измайлово (гостиничный комплекс),55.790034,37.748144,,5 - я Парковая улица,12,55.786594,37.748971,386.0,,,0
точка интереса,10297515,Казённый пруд,55.81972,37.69389,,5 - я Парковая улица,11,55.816429,37.690768,414.7,,,0
точка интереса,5902827,Казённый ручей,55.8172,37.6875,,5 - я Парковая улица,11,55.816429,37.690768,221.4,,,0
авария,1406669,Опрокидывание,55.718494,37.676572,2024-07-07 03:30:00,5 - я улица Соколиной Горы,12,55.719724,37.675026,167.6,1.0,0.0,0
авария,1429726,Наезд на пешехода,55.719176,37.675617,2024-08-29 18:55:00,5 - я улица Соколиной Горы,12,55.719724,37.675026,71.3,1.0,0.0,0
ремонт,way/1409985239,apartments,55.72059,37.676546,,5 - я улица Соколиной Горы,12,55.719724,37.675026,135.4,,,0
ремонт,way/1409985240,Жилой комплекс «MyPriority Dubrovka»,55.720598,37.676645,,5 - я улица Соколиной Горы,12,55.719724,37.675026,140.5,,,0
точка интереса,5743899,ГПЗ-1,55.719,37.683,,5 - я улица Соколиной Горы,12,55.719724,37.675026,505.9,,,0
точка интереса,381239,Дубровка (станция метро),55.71806,37.67667,,5 - я улица Соколиной Горы,12,55.719724,37.675026,211.7,,,0
точка интереса,5734615,Комета (корпорация),55.716,37.667,,5 - я улица Соколиной Горы,12,55.719724,37.675026,651.2,,,0
точка интереса,190814,Храм Мат-Марьям,55.71861,37.67333,,5 - я улица Соколиной Горы,12,55.719724,37.675026,163.1,,,0
точка интереса,141351,Южнопортовый район,55.71667,37.66667,,5 - я улица Соколиной Горы,12,55.719724,37.675026,623.8,,,0
авария,1393421,Наезд на пешехода,55.817409,37.678074,2024-06-05 17:45:00,7 - я Парковая улица,11,55.817312,37.679148,68.0,1.0,0.0,0
авария,1480819,Столкновение,55.817433,37.677977,2025-01-09 07:30:00,7 - я Парковая улица,11,55.817312,37.679148,74.4,1.0,0.0,0
точка интереса,24123,Восточный административный округ,55.78333,37.76667,,7 - я Парковая улица,12,55.786758,37.762304,468.9,,,0
точка интереса,138139,"Московский институт философии, литературы и истории",55.8176,37.6793,,7 - я Парковая улица,11,55.817312,37.679148,33.4,,,0
точка интереса,3825020,Олений пруд (Измайлово),55.7829,37.7666,,7 - я Парковая улица,12,55.786758,37.762304,506.2,,,0
точка интереса,7484085,Путяевский ручей,55.8184,37.6789,,7 - я Парковая улица,11,55.817312,37.679148,121.9,,,0
авария,1489287,Столкновение,55.730789,37.660746,2025-02-08 23:20:00,8 - я улица Соколиной Горы,12,55.730391,37.661165,51.4,1.0,0.0,0
авария,1492488,Столкновение,55.731762,37.660071,2025-02-21 08:25:00,8 - я улица Соколиной Горы,12,55.730391,37.661165,167.1,1.0,0.0,0
авария,1492911,Столкновение,55.730578,37.659492,2025-02-22 18:30:00,8 - я улица Соколиной Горы,12,55.730391,37.661165,106.8,2.0,0.0,0
авария,1502259,Наезд на велосипедиста,55.730641,37.660891,2025-03-29 22:50:00,8 - я улица Соколиной Горы,12,55.730391,37.661165,32.6,1.0,0.0,0
авария,1547844,Наезд на пешехода,55.729086,37.663375,2025-07-29 11:04:00,8 - я улица Соколиной Горы,12,55.730391,37.661165,200.6,1.0,0.0,0
точка интереса,7530243,Дом купца Виноградова,55.729929,37.662608,,8 - я улица Соколиной Горы,12,55.730391,37.661165,104.0,,,0
точка интереса,5676097,Крутицкие казармы,55.7275,37.66083,,8 - я улица Соколиной Горы,12,55.730391,37.661165,322.2,,,0
точка интереса,6055500,Крутицкий теремок,55.727833,37.658528,,8 - я улица Соколиной Горы,12,55.730391,37.661165,328.9,,,0
точка интереса,659373,Крутицкое подворье,55.7275,37.65833,,8 - я улица Соколиной Горы,12,55.730391,37.661165,367.3,,,0
точка интереса,2132098,Музей воды (Москва),55.7282,37.65697,,8 - я улица Соколиной Горы,12,55.730391,37.661165,358.3,,,0
точка интереса,3410764,Собор Успения Пресвятой Богородицы на Крутицах,55.727545,37.658917,,8 - я улица Соколиной Горы,12,55.730391,37.661165,346.4,,,0
точка интереса,5720048,Церковь Сорока мучеников Севастийских у Новоспасского монастыря,55.73167,37.65861,,8 - я улица Соколиной Горы,12,55.730391,37.661165,214.0,,,0
авария,1408282,Наезд на велосипедиста,55.733743,37.668525,2024-07-10 19:50:00,9 - я улица Соколиной Горы,12,55.735273,37.670419,207.4,1.0,0.0,0
авария,1458754,Наезд на пешехода,55.734193,37.66779,2024-11-06 22:02:00,9 - я улица Соколиной Горы,12,55.735273,37.670419,203.8,0.0,1.0,0
авария,1459136,Столкновение,55.733917,37.668214,2024-11-08 05:40:00,9 - я улица Соколиной Горы,12,55.735273,37.670419,204.5,1.0,0.0,0
авария,1578814,Наезд на пешехода,55.735452,37.670413,2025-10-09 14:45:00,9 - я улица Соколиной Горы,12,55.735273,37.670419,19.9,1.0,0.0,0
точка интереса,1722147,Государственный музыкально-педагогический институт имени М. М. Ипполитова-Иванова,55.734483,37.665819,,9 - я улица Соколиной Горы,12,55.735273,37.670419,301.1,,,0
точка интереса,2428660,Крестьянская Застава (площадь),55.732377,37.669558,,9 - я улица Соколиной Горы,12,55.735273,37.670419,326.5,,,0
точка интереса,5053599,МИРБИС,55.73583,37.66389,,9 - я улица Соколиной Горы,12,55.735273,37.670419,413.4,,,0
точка интереса,2413464,"Победа (кинотеатр, Москва)",55.73444,37.67083,,9 - я улица Соколиной Горы,12,55.735273,37.670419,96.2,,,0
точка интереса,7875280,Рабочий (скульптура),55.732845,37.667657,,9 - я улица Соколиной Горы,12,55.735273,37.670419,320.6,,,0
точка интереса,3781178,Школа № 498,55.73625,37.668056,,9 - я улица Соколиной Горы,12,55.735273,37.670419,183.5,,,0
авария,1384975,Столкновение,55.780254,37.718114,2024-05-15 09:55:00,Абельмановская Застава,12,55.780596,37.71842,42.5,1.0,0.0,0
авария,1552271,Падение пассажира,55.780573,37.716848,2025-08-08 13:05:00,Абельмановская Застава,12,55.780596,37.71842,98.3,2.0,0.0,0
авария,1570416,Столкновение,55.78003,37.718371,2025-09-19 11:55:00,Абельмановская Застава,12,55.780596,37.71842,63.0,1.0,0.0,0
точка интереса,5707309,Изобреталь Комфорт,55.7795,37.715,,Абельмановская Застава,12,55.780596,37.71842,246.1,,,0
точка интереса,700404,Московский политехнический университет,55.78125,37.711583,,Абельмановская Застава,12,55.780596,37.71842,433.6,,,0
точка интереса,3134733,"Родина (кинотеатр, Москва)",55.781592,37.71795,,Абельмановская Застава,12,55.780596,37.71842,114.6,,,0
точка интереса,392137,"Семёновское (Москва, восток)",55.783,37.71,,Абельмановская Застава,12,55.780596,37.71842,590.5,,,0
точка интереса,7401054,Императорский железнодорожный павильон (Москва),55.775917,37.651278,,Аптекарский переулок,50,55.775806,37.650338,60.1,,,0
авария,1511491,Столкновение,55.788501,37.762274,2025-04-29 06:43:00,Арбатецкая улица,12,55.787826,37.762483,76.2,1.0,0.0,0
точка интереса,2970067,Измайлово (усадьба),55.79167,37.76222,,Арбатецкая улица,12,55.787826,37.762483,427.8,,,0
точка интереса,1741296,Церковь Иоасафа Царевича в Измайлове,55.790815,37.760667,,Арбатецкая улица,12,55.787826,37.762483,351.3,,,0
авария,1385791,Столкновение,55.878266,37.63562,2024-05-17 15:13:00,Аргуновская улица,17,55.879972,37.637371,218.9,1.0,0.0,0
авария,1403156,Опрокидывание,55.821182,37.623818,2024-06-29 04:00:00,Аргуновская улица,11;25,55.821932,37.619404,288.0,1.0,0.0,0
авария,1426249,Столкновение,55.821363,37.623678,2024-08-21 20:35:00,Аргуновская улица,11;25,55.821932,37.619404,274.4,1.0,0.0,0
авария,1439190,Опрокидывание,55.821224,37.621049,2024-09-19 23:04:00,Аргуновская улица,11;25,55.821932,37.619404,129.4,1.0,0.0,0
авария,1444410,Наезд на велосипедиста,55.877201,37.635952,2024-10-01 17:25:00,Аргуновская улица,17,55.879972,37.637371,320.6,1.0,0.0,0
авария,1465383,Столкновение,55.821574,37.62414,2024-11-24 19:30:00,Аргуновская улица,11;25,55.821932,37.619404,298.5,1.0,0.0,0
авария,1499524,Наезд на пешехода,55.821381,37.623775,2025-03-19 18:35:00,Аргуновская улица,11;25,55.821932,37.619404,279.8,1.0,0.0,0
авария,1502308,Падение пассажира,55.821875,37.621908,2025-03-30 06:40:00,Аргуновская улица,11;25,55.821932,37.619404,156.5,1.0,0.0,1
авария,1510503,Наезд на пешехода,55.821869,37.621887,2025-04-25 20:51:00,Аргуновская улица,11;25,55.821932,37.619404,155.3,1.0,0.0,1
авария,1515257,Столкновение,55.821405,37.621061,2025-05-10 12:30:00,Аргуновская улица,11;25,55.821932,37.619404,118.9,1.0,0.0,0
авария,1531660,Столкновение,55.878344,37.635791,2025-06-21 19:45:00,Аргуновская улица,17,55.879972,37.637371,206.1,1.0,0.0,0
авария,1548332,Столкновение,55.820566,37.620605,2025-07-30 10:32:00,Аргуновская улица,11;25,55.821932,37.619404,169.4,2.0,0.0,0
авария,1553174,Столкновение,55.877192,37.635925,2025-08-10 15:45:00,Аргуновская улица,17,55.879972,37.637371,322.0,1.0,0.0,0
авария,1554953,Опрокидывание,55.821756,37.620869,2025-08-14 19:20:00,Аргуновская улица,11;25,55.821932,37.619404,93.6,1.0,0.0,0
авария,1566574,Столкновение,55.878405,37.635845,2025-09-10 14:50:00,Аргуновская улица,17,55.879972,37.637371,198.5,1.0,0.0,0
авария,1587298,Столкновение,55.821393,37.620771,2025-10-31 13:15:00,Аргуновская улица,11;25,55.821932,37.619404,104.3,2.0,0.0,0
авария,1596946,Наезд на пешехода,55.878564,37.634125,2025-11-27 07:10:00,Аргуновская улица,17,55.879972,37.637371,255.9,1.0,0.0,0
ремонт,way/1458852156,apartments,55.876499,37.635796,,Аргуновская улица,17,55.879972,37.637371,398.4,,,0
точка интереса,274141,Медведково (исторический район),55.8784,37.6362,,Аргуновская улица,17,55.879972,37.637371,189.4,,,0
точка интереса,7593611,Московский региональный центр РТРС,55.8185,37.6147,,Аргуновская улица,11;25,55.821932,37.619404,481.6,,,0
точка интереса,11004935,Посёлок Института пути,55.8784,37.6362,,Аргуновская улица,17,55.879972,37.637371,189.4,,,0
точка интереса,288505,Российская телевизионная и радиовещательная сеть,55.8195,37.61789,,Аргуновская улица,11;25,55.821932,37.619404,286.5,,,0
точка интереса,2229942,Напрудная,55.7783,37.6179,,Астраханский переулок,7;50,55.779065,37.615515,171.7,,,0
точка интереса,4177905,Памятник Суворову (Москва),55.78139,37.61556,,Астраханский переулок,7;50,55.779065,37.615515,258.5,,,0
точка интереса,10738233,Самотёка (исторический район),55.778306,37.617694,,Астраханский переулок,7;50,55.779065,37.615515,160.3,,,0
точка интереса,2603412,Студия Саундрама,55.78,37.6161,,Астраханский переулок,7;50,55.779065,37.615515,110.2,,,0
точка интереса,763651,Суворовская площадь (Москва),55.781472,37.615694,,Астраханский переулок,7;50,55.779065,37.615515,267.8,,,0
точка интереса,5912585,Усадьба П. В. Цигеля,55.81424,37.67481,,Б. Оленья ул.,25,55.81796,37.675421,415.4,,,0
точка интереса,9008736,Воентелеком,55.8075,37.6919,,Б. Ширяевская ул.,25,55.807703,37.689274,165.6,,,0
точка интереса,7527327,Дача Смирновых в Сокольниках,55.809282,37.691448,,Б. Ширяевская ул.,25,55.807703,37.689274,222.0,,,0
авария,1354663,Столкновение,55.6278,37.5981,2024-01-26 18:40:00,Балаклавский проспект,1,55.627592,37.597808,29.5,1.0,0.0,0
авария,1413404,Столкновение,55.628991,37.59878,2024-07-22 15:25:00,Балаклавский проспект,1,55.627592,37.597808,167.1,1.0,0.0,0
авария,1476406,Падение пассажира,55.629007,37.598627,2024-12-25 19:31:00,Балаклавский проспект,1,55.627592,37.597808,165.5,1.0,0.0,1
авария,1590052,Наезд на препятствие,55.629026,37.598884,2025-11-08 02:55:00,Балаклавский проспект,1,55.627592,37.597808,173.1,1.0,1.0,0
точка интереса,5641544,Дом-музей Михаила Щепкина,55.781361,37.629036,,Басманный двор,50,55.780721,37.631398,163.9,,,0
точка интереса,2157755,Церковь Филиппа Митрополита в Мещанской слободе,55.780894,37.630994,,Басманный двор,50,55.780721,37.631398,31.7,,,0
авария,1398568,Наезд на препятствие,55.799502,37.45044,2024-06-18 14:30:00,Бассейн,28,55.7968,37.452358,323.5,2.0,0.0,0
авария,1428131,Наезд на велосипедиста,55.80028,37.450483,2024-08-26 10:15:00,Бассейн,28,55.7968,37.452358,404.3,1.0,0.0,0
авария,1596767,Наезд на пешехода,55.800238,37.450461,2025-11-26 16:40:00,Бассейн,28,55.7968,37.452358,400.3,1.0,0.0,0
точка интереса,5639755,НИИ вирусологии имени Д. И. Ивановского РАМН,55.8004,37.4614,,Бассейн,28,55.7968,37.452358,692.6,,,0
точка интереса,5910088,Соболевский ручей,55.7969,37.4474,,Бассейн,28,55.7968,37.452358,310.1,,,0
точка интереса,4250720,Школа № 1210,55.800286,37.457131,,Бассейн,28,55.7968,37.452358,489.1,,,0
авария,1349522,Наезд на пешехода,55.8144,37.7336,2024-01-09 08:11:00,Белорусский вокзал,7,55.814256,37.734293,46.1,1.0,0.0,0
авария,1376175,Наезд на пешехода,55.81419,37.734046,2024-04-18 09:55:00,Белорусский вокзал,7,55.814256,37.734293,17.1,1.0,0.0,0
авария,1458475,Наезд на пешехода,55.813201,37.735602,2024-11-06 07:21:00,Белорусский вокзал,7,55.814256,37.734293,143.0,2.0,0.0,0
авария,1516740,Наезд на пешехода,55.814148,37.734089,2025-05-15 13:10:00,Белорусский вокзал,7,55.814256,37.734293,17.5,1.0,0.0,0
авария,1548718,Столкновение,55.813201,37.735623,2025-07-31 07:45:00,Белорусский вокзал,7,55.814256,37.734293,143.8,1.0,0.0,0
авария,1561708,Наезд на пешехода,55.813219,37.735612,2025-08-29 21:20:00,Белорусский вокзал,7,55.814256,37.734293,141.8,2.0,0.0,0
точка интереса,2507875,Мытищинский путепровод (Москва),55.81556,37.73972,,Белорусский вокзал,7,55.814256,37.734293,368.8,,,0
авария,1371988,Наезд на пешехода,55.762257,37.734915,2024-04-04 18:41:00,Библиотечная улица,12,55.761162,37.736392,152.8,1.0,0.0,0
авария,1373120,Наезд на велосипедиста,55.763356,37.733799,2024-04-08 16:41:00,Библиотечная улица,12,55.761162,37.736392,293.0,1.0,0.0,0
точка интереса,1362071,Москва-Сортировочная (локомотивное депо),55.76142,37.72869,,Библиотечная улица,12,55.761162,37.736392,482.7,,,0
авария,1428206,Наезд на пешехода,55.783083,37.739067,2024-08-26 13:28:00,Богатырский мост,11,55.782922,37.737664,89.5,1.0,0.0,0
авария,1435638,Столкновение,55.782963,37.736374,2024-09-12 08:23:00,Богатырский мост,11,55.782922,37.737664,80.8,1.0,0.0,0
авария,1611050,Наезд на пешехода,55.783035,37.736868,2026-01-08 18:30:00,Богатырский мост,11,55.782922,37.737664,51.3,1.0,0.0,0
точка интереса,5050978,Оптрон (компания),55.7844,37.738,,Богатырский мост,11,55.782922,37.737664,165.7,,,0
точка интереса,5173065,Центральный научно-исследовательский институт «Курс»,55.7787,37.7373,,Богатырский мост,11,55.782922,37.737664,470.0,,,0
авария,1526199,Столкновение,55.78771,37.747092,2025-06-08 02:40:00,Богородский храм,11,55.786315,37.747072,155.1,1.0,0.0,0
авария,1592477,Наезд на пешехода,55.799933,37.712636,2025-11-14 19:15:00,Богородский храм,7,55.799207,37.713498,97.1,1.0,0.0,0
ремонт,way/1189574008,apartments,55.798486,37.711745,,Богородский храм,7,55.799207,37.713498,135.7,,,0
ремонт,way/1189574027,footway,55.798379,37.711832,,Богородский храм,7,55.799207,37.713498,139.0,,,0
ремонт,way/1189573944,footway,55.798958,37.711243,,Богородский храм,7,55.799207,37.713498,143.6,,,0
ремонт,way/1189573947,footway,55.798592,37.712548,,Богородский храм,7,55.799207,37.713498,90.5,,,0
ремонт,way/1189573969,footway,55.798629,37.712145,,Богородский храм,7,55.799207,37.713498,106.2,,,0
ремонт,way/1189573973,footway,55.798692,37.713472,,Богородский храм,7,55.799207,37.713498,57.2,,,0
ремонт,way/1189573982,footway,55.798478,37.711995,,Богородский храм,7,55.799207,37.713498,124.0,,,0
ремонт,way/1189574000,footway,55.798555,37.712397,,Богородский храм,7,55.799207,37.713498,99.9,,,0
ремонт,way/1189574003,footway,55.798494,37.711867,,Богородский храм,7,55.799207,37.713498,129.1,,,0
ремонт,way/1189574017,footway,55.798674,37.712372,,Богородский храм,7,55.799207,37.713498,91.9,,,0
ремонт,way/1189574026,footway,55.798622,37.711658,,Богородский храм,7,55.799207,37.713498,132.1,,,0
ремонт,way/1189573961,park],55.798506,37.711787,,Богородский храм,7,55.799207,37.713498,132.3,,,0
ремонт,way/1189573951,service,55.79832,37.711873,,Богородский храм,7,55.799207,37.713498,141.5,,,0
ремонт,way/1189573967,service,55.798855,37.711629,,Богородский храм,7,55.799207,37.713498,123.2,,,0
ремонт,way/1189573987,service,55.798742,37.711691,,Богородский храм,7,55.799207,37.713498,124.2,,,0
ремонт,way/1189574006,service,55.79898,37.711559,,Богородский храм,7,55.799207,37.713498,123.7,,,0
точка интереса,6553303,Измайлово (станция МЦК),55.78861,37.74278,,Богородский храм,11,55.786315,37.747072,370.3,,,0
точка интереса,5028582,Институт усовершенствования врачей МО РФ,55.801,37.7157,,Богородский храм,7,55.799207,37.713498,242.3,,,0
точка интереса,4294047,Российский речной регистр,55.789,37.742,,Богородский храм,11,55.786315,37.747072,435.5,,,0
точка интереса,5083717,Школа № 1080,55.8016,37.7214,,Богородский храм,7,55.799207,37.713498,561.0,,,0
авария,1495874,Наезд на пешехода,55.806575,37.706484,2025-03-06 13:50:00,Богородское,7,55.804931,37.707137,187.3,1.0,0.0,0
авария,1601117,Наезд на пешехода,55.806582,37.706526,2025-12-09 17:15:00,Богородское,7,55.804931,37.707137,187.5,1.0,0.0,0
точка интереса,4446517,Т8,55.8064,37.7055,,Богородское,7,55.804931,37.707137,192.7,,,0
авария,1363623,Падение пассажира,55.600293,37.588949,2024-03-01 16:45:00,Болотниковская улица,1,55.600207,37.588792,13.7,1.0,0.0,1
авария,1418161,Наезд на пешехода,55.60239,37.589486,2024-08-02 22:55:00,Болотниковская улица,1,55.600207,37.588792,246.6,0.0,1.0,0
авария,1419234,Падение пассажира,55.60019,37.58896,2024-08-05 14:15:00,Болотниковская улица,1,55.600207,37.588792,10.7,1.0,0.0,1
авария,1502489,Наезд на пешехода,55.602402,37.589507,2025-03-30 19:25:00,Болотниковская улица,1,55.600207,37.588792,248.2,1.0,0.0,0
авария,1385185,Опрокидывание,55.704531,37.612199,2024-05-15 20:17:00,Больница имени Алексеева,26,55.704334,37.612358,24.0,0.0,1.0,1
авария,1385891,Столкновение,55.701678,37.616104,2024-05-17 19:00:00,Больница имени Алексеева,26,55.704334,37.612358,377.3,1.0,0.0,0
авария,1474823,Столкновение,55.701811,37.616136,2024-12-21 12:27:00,Больница имени Алексеева,26,55.704334,37.612358,367.1,2.0,0.0,0
авария,1489362,Столкновение,55.702831,37.616153,2025-02-09 12:30:00,Больница имени Алексеева,26,55.704334,37.612358,290.7,2.0,0.0,0
авария,1606600,Наезд на стоящее ТС,55.701865,37.614634,2025-12-25 06:40:00,Больница имени Алексеева,26,55.704334,37.612358,309.4,1.0,0.0,0
точка интереса,542795,Даниловское кладбище,55.704,37.61,,Больница имени Алексеева,26,55.704334,37.612358,152.3,,,0
точка интереса,5495890,Кровянка (река),55.7018,37.6074,,Больница имени Алексеева,26,55.704334,37.612358,419.4,,,0
точка интереса,8261542,Московский завод технических изделий,55.704149,37.615857,,Больница имени Алексеева,26,55.704334,37.612358,220.2,,,0
точка интереса,9247566,Павелецкий путепровод,55.70306,37.62167,,Больница имени Алексеева,26,55.704334,37.612358,600.4,,,0
точка интереса,3381297,Храм Сошествия Святого Духа на Даниловском кладбище,55.703764,37.609113,,Больница имени Алексеева,26,55.704334,37.612358,213.0,,,0
авария,1543012,Наезд на пешехода,55.780344,37.635137,2025-07-18 11:50:00,Ботанический переулок,7,55.780219,37.635977,54.3,1.0,0.0,0
ремонт,way/1533670005,playground,55.785036,37.602421,,Ботанический переулок,50,55.785178,37.601746,45.0,,,0
точка интереса,763220,Аптекарский огород,55.777565,37.635206,,Ботанический переулок,7,55.780219,37.635977,298.9,,,0
точка интереса,4537248,Театр С.А.Д.,55.7776,37.6355,,Ботанический переулок,7,55.780219,37.635977,292.7,,,0
авария,1356246,Наезд на пешехода,55.8193,37.6706,2024-02-02 10:05:00,ВДНХ (северный вход),11;25,55.820102,37.667766,198.2,1.0,0.0,0
авария,1412489,Столкновение,55.857009,37.65947,2024-07-20 11:10:00,ВДНХ (северный вход),17,55.860242,37.660072,361.5,1.0,0.0,0
авария,1434448,Наезд на пешехода,55.859942,37.659899,2024-09-09 12:07:00,ВДНХ (северный вход),17,55.860242,37.660072,35.1,1.0,0.0,0
авария,1445311,Опрокидывание,55.858879,37.66013,2024-10-03 19:00:00,ВДНХ (северный вход),17,55.860242,37.660072,151.6,1.0,0.0,0
авария,1597309,Наезд на препятствие,55.820067,37.668246,2025-11-28 00:03:00,ВДНХ (северный вход),11;25,55.820102,37.667766,30.2,1.0,0.0,0
точка интереса,1559598,Ростокинский путепровод,55.820092,37.667906,,ВДНХ (северный вход),11;25,55.820102,37.667766,8.8,,,0
точка интереса,128021,Свиблово (станция метро),55.85528,37.65278,,ВДНХ (северный вход),17,55.860242,37.660072,715.2,,,0
точка интереса,137673,Свиблово (электродепо),55.85972,37.65278,,ВДНХ (северный вход),17,55.860242,37.660072,458.8,,,0
авария,1352655,Столкновение,55.8261,37.6467,2024-01-19 10:50:00,ВДНХ (южный вход),11;25,55.826578,37.643839,186.4,1.0,0.0,0
авария,1390675,Падение пассажира,55.870754,37.657957,2024-05-29 22:00:00,ВДНХ (южный вход),17,55.871502,37.651317,422.5,1.0,0.0,0
авария,1400284,Падение пассажира,55.828233,37.648441,2024-06-22 13:35:00,ВДНХ (южный вход),11;25,55.826578,37.643839,341.3,1.0,0.0,0
авария,1401372,Опрокидывание,55.827257,37.644707,2024-06-24 22:35:00,ВДНХ (южный вход),11;25,55.826578,37.643839,93.0,1.0,0.0,0
авария,1420514,Наезд на велосипедиста,55.826767,37.647962,2024-08-08 17:20:00,ВДНХ (южный вход),11;25,55.826578,37.643839,258.4,1.0,0.0,0
авария,1431622,Столкновение,55.825696,37.646574,2024-09-02 19:50:00,ВДНХ (южный вход),11;25,55.826578,37.643839,197.0,1.0,0.0,0
авария,1463332,Падение пассажира,55.826148,37.646263,2024-11-19 16:20:00,ВДНХ (южный вход),11;25,55.826578,37.643839,158.8,0.0,1.0,0
авария,1475763,Наезд на пешехода,55.87143,37.652187,2024-12-24 07:58:00,ВДНХ (южный вход),17,55.871502,37.651317,54.8,0.0,1.0,1
авария,1487477,Столкновение,55.871542,37.652493,2025-02-01 22:20:00,ВДНХ (южный вход),17,55.871502,37.651317,73.5,3.0,0.0,0
авария,1495658,Наезд на велосипедиста,55.872542,37.652636,2025-03-05 16:44:00,ВДНХ (южный вход),17,55.871502,37.651317,141.9,1.0,0.0,0
авария,1502766,Столкновение,55.826739,37.646896,2025-03-31 18:07:00,ВДНХ (южный вход),11;25,55.826578,37.643839,191.8,1.0,0.0,0
авария,1522060,Столкновение,55.871483,37.652464,2025-05-28 19:35:00,ВДНХ (южный вход),17,55.871502,37.651317,71.6,1.0,0.0,0
авария,1532838,Столкновение,55.827247,37.648456,2025-06-24 19:35:00,ВДНХ (южный вход),11;25,55.826578,37.643839,297.8,1.0,0.0,0
авария,1533585,Наезд на пешехода,55.870845,37.656509,2025-06-26 18:58:00,ВДНХ (южный вход),17,55.871502,37.651317,332.0,1.0,0.0,1
авария,1583362,Столкновение,55.825772,37.646301,2025-10-21 05:25:00,ВДНХ (южный вход),11;25,55.826578,37.643839,178.0,2.0,0.0,0
авария,1613648,"Наезд на лицо, не являющееся участником дорожного движения, осуществляющее производство работ",55.827066,37.647624,2026-01-20 17:10:00,ВДНХ (южный вход),11;25,55.826578,37.643839,242.6,1.0,0.0,0
точка интереса,1016243,1-й Медведковский мост,55.87111,37.65472,,ВДНХ (южный вход),17,55.871502,37.651317,216.7,,,0
точка интереса,531615,Рабочий и колхозница,55.828222,37.645722,,ВДНХ (южный вход),11;25,55.826578,37.643839,217.4,,,0
авария,1368871,Столкновение,55.641398,37.605751,2024-03-23 11:33:00,Верхний Чертановский пруд,1,55.640692,37.605593,79.1,1.0,0.0,0
авария,1369966,Наезд на пешехода,55.642125,37.606019,2024-03-27 21:55:00,Верхний Чертановский пруд,1,55.640692,37.605593,161.5,1.0,0.0,0
авария,1444092,Столкновение,55.641289,37.605798,2024-09-30 21:38:00,Верхний Чертановский пруд,1,55.640692,37.605593,67.6,2.0,0.0,0
авария,1473428,Столкновение,55.641204,37.607381,2024-12-17 14:59:00,Верхний Чертановский пруд,1,55.640692,37.605593,125.8,1.0,0.0,0
авария,1502092,Опрокидывание,55.641434,37.605751,2025-03-29 14:00:00,Верхний Чертановский пруд,1,55.640692,37.605593,83.1,1.0,0.0,0
авария,1511205,Столкновение,55.64144,37.605783,2025-04-28 07:54:00,Верхний Чертановский пруд,1,55.640692,37.605593,84.0,1.0,0.0,0
авария,1514938,Наезд на пешехода,55.640151,37.605354,2025-05-09 15:03:00,Верхний Чертановский пруд,1,55.640692,37.605593,62.0,1.0,0.0,0
авария,1589636,Наезд на пешехода,55.640078,37.605364,2025-11-06 20:15:00,Верхний Чертановский пруд,1,55.640692,37.605593,69.8,1.0,0.0,0
точка интереса,182487,Чертановская (станция метро),55.64083,37.60583,,Верхний Чертановский пруд,1,55.640692,37.605593,21.4,,,0
точка интереса,7289824,Чертановские пруды,55.6404,37.603,,Верхний Чертановский пруд,1,55.640692,37.605593,165.9,,,0
точка интереса,1299112,Школа № 1580,55.6415,37.613,,Верхний Чертановский пруд,1,55.640692,37.605593,473.4,,,0
точка интереса,5912441,"Останкино (бывшее село, Москва)",55.82222,37.61806,,Верхоянская улица,17,55.822672,37.618302,52.5,,,0
авария,1533767,Наезд на пешехода,55.74598,37.681818,2025-06-27 10:45:00,Вольная улица,12,55.747027,37.684138,186.1,2.0,0.0,0
авария,1552208,Падение пассажира,55.746757,37.68145,2025-08-08 10:46:00,Вольная улица,12,55.747027,37.684138,170.9,1.0,0.0,1
ремонт,way/1169893954,rail,55.747781,37.682981,,Вольная улица,12,55.747027,37.684138,110.8,,,0
ремонт,way/1175061227,rail,55.74765,37.68303,,Вольная улица,12,55.747027,37.684138,98.1,,,0
ремонт,way/1539457688,rail,55.748129,37.68146,,Вольная улица,12,55.747027,37.684138,207.6,,,0
ремонт,way/224193796,steps,55.748005,37.682112,,Вольная улица,12,55.747027,37.684138,167.1,,,0
ремонт,way/1022302006,yes,55.747239,37.680767,,Вольная улица,12,55.747027,37.684138,212.3,,,0
точка интереса,8804224,Мосгорломбард,55.7495,37.6807,,Вольная улица,12,55.747027,37.684138,349.2,,,0
точка интереса,379258,Площадь Ильича,55.74694,37.68306,,Вольная улица,12,55.747027,37.684138,68.1,,,0
точка интереса,380518,Римская,55.746233,37.682317,,Вольная улица,12,55.747027,37.684138,144.1,,,0
точка интереса,2453268,Рогожская Застава,55.746611,37.680028,,Вольная улица,12,55.747027,37.684138,261.3,,,0
точка интереса,721420,Серп и Молот (платформа),55.748222,37.682194,,Вольная улица,12,55.747027,37.684138,180.2,,,0
точка интереса,3888128,Храм Василия Исповедника у Рогожской заставы,55.745239,37.683331,,Вольная улица,12,55.747027,37.684138,205.1,,,0
точка интереса,3894515,Храм Димитрия Ростовского в Очакове,55.745239,37.683331,,Вольная улица,12,55.747027,37.684138,205.1,,,0
авария,1364823,Столкновение,55.821616,37.616715,2024-03-06 15:50:00,Восточное Измайлово,11,55.822726,37.616968,124.5,1.0,0.0,0
авария,1392862,Столкновение,55.824195,37.614881,2024-06-04 10:25:00,Восточное Измайлово,11,55.822726,37.616968,208.9,1.0,0.0,0
авария,1405092,Столкновение,55.821646,37.616705,2024-07-03 16:22:00,Восточное Измайлово,11,55.822726,37.616968,121.2,1.0,0.0,0
авария,1407656,Падение пассажира,55.82381,37.616286,2024-07-09 13:40:00,Восточное Измайлово,11,55.822726,37.616968,127.8,1.0,0.0,1
авария,1551960,Столкновение,55.824114,37.614596,2025-08-07 17:50:00,Восточное Измайлово,11,55.822726,37.616968,213.9,1.0,0.0,0
авария,1565070,Наезд на велосипедиста,55.821387,37.616726,2025-09-06 20:40:00,Восточное Измайлово,11,55.822726,37.616968,149.7,1.0,0.0,0
авария,1586387,Столкновение,55.82378,37.613389,2025-10-29 06:20:00,Восточное Измайлово,11,55.822726,37.616968,252.4,1.0,0.0,0
точка интереса,10265016,"Дубовая роща (парк, Москва)",55.81944,37.60778,,Восточное Измайлово,11,55.822726,37.616968,680.4,,,0
точка интереса,7060401,Останкино (парк),55.8247,37.6144,,Восточное Измайлово,11,55.822726,37.616968,271.8,,,0
точка интереса,87482,Останкино (усадьба),55.82472,37.61444,,Восточное Измайлово,11,55.822726,37.616968,272.2,,,0
точка интереса,63198,Останкинская телебашня,55.81972,37.61167,,Восточное Измайлово,11,55.822726,37.616968,470.4,,,0
точка интереса,5737896,Останкинский пруд,55.8225,37.6128,,Восточное Измайлово,11,55.822726,37.616968,261.5,,,0
точка интереса,1956341,Пожар на Останкинской телебашне,55.8196,37.61158,,Восточное Измайлово,11,55.822726,37.616968,483.9,,,0
точка интереса,3518298,Седьмое небо (ресторан),55.819722,37.611667,,Восточное Измайлово,11,55.822726,37.616968,470.4,,,0
точка интереса,777780,Телецентр (станция монорельса),55.82167,37.60889,,Восточное Измайлово,11,55.822726,37.616968,518.1,,,0
точка интереса,3668276,Храм Троицы Живоначальной в Останкине,55.824108,37.613617,,Восточное Измайлово,11,55.822726,37.616968,259.7,,,0
авария,1352578,Наезд на пешехода,55.778999,37.720163,2024-01-19 06:25:00,Галерея «Измайлово»,12,55.77987,37.719464,106.2,1.0,0.0,0
авария,1371663,Столкновение,55.779626,37.721869,2024-04-03 15:13:00,Галерея «Измайлово»,12,55.77987,37.719464,152.8,1.0,0.0,0
авария,1437360,Наезд на пешехода,55.797168,37.714788,2024-09-15 18:00:00,Галерея «Измайлово»,11,55.797529,37.714885,40.6,1.0,0.0,0
авария,1503190,Падение пассажира,55.778039,37.721086,2025-04-02 09:08:00,Галерея «Измайлово»,12,55.77987,37.719464,227.4,2.0,0.0,0
авария,1508075,Наезд на пешехода,55.778389,37.721429,2025-04-18 20:30:00,Галерея «Измайлово»,12,55.77987,37.719464,205.5,1.0,0.0,0
авария,1521090,Наезд на пешехода,55.778112,37.719465,2025-05-26 14:30:00,Галерея «Измайлово»,12,55.77987,37.719464,195.4,1.0,0.0,0
авария,1530363,Падение пассажира,55.779566,37.720635,2025-06-18 13:00:00,Галерея «Измайлово»,12,55.77987,37.719464,80.7,1.0,0.0,1
авария,1545363,Наезд на пешехода,55.797259,37.714884,2025-07-23 17:15:00,Галерея «Измайлово»,11,55.797529,37.714885,30.0,1.0,0.0,0
ремонт,way/1189573963,apartments,55.797492,37.712592,,Галерея «Измайлово»,11,55.797529,37.714885,143.4,,,0
ремонт,way/1189573971,apartments,55.797851,37.713099,,Галерея «Измайлово»,11,55.797529,37.714885,117.3,,,0
ремонт,way/1189573942,footway,55.797794,37.714092,,Галерея «Измайлово»,11,55.797529,37.714885,57.7,,,0
ремонт,way/1189573953,footway,55.797253,37.713594,,Галерея «Измайлово»,11,55.797529,37.714885,86.4,,,0
ремонт,way/1189573957,footway,55.79804,37.714008,,Галерея «Измайлово»,11,55.797529,37.714885,79.0,,,0
ремонт,way/1189573960,footway,55.798008,37.713898,,Галерея «Измайлово»,11,55.797529,37.714885,81.5,,,0
ремонт,way/1189573962,footway,55.79825,37.71378,,Галерея «Измайлово»,11,55.797529,37.714885,105.8,,,0
ремонт,way/1189573985,footway,55.797243,37.714182,,Галерея «Измайлово»,11,55.797529,37.714885,54.2,,,0
ремонт,way/1189574011,footway,55.79776,37.712302,,Галерея «Измайлово»,11,55.797529,37.714885,163.5,,,0
ремонт,way/1189574019,footway,55.797787,37.713633,,Галерея «Измайлово»,11,55.797529,37.714885,83.3,,,0
ремонт,way/1189573979,service,55.797964,37.713258,,Галерея «Измайлово»,11,55.797529,37.714885,112.6,,,0
точка интереса,5729683,Жилой дом Гусаровых,55.77944,37.72,,Галерея «Измайлово»,12,55.77987,37.719464,58.4,,,0
точка интереса,2018243,Российские сети вещания и оповещения,55.7786,37.7156,,Галерея «Измайлово»,12,55.77987,37.719464,279.8,,,0
точка интереса,3199280,Семёновский Вал,55.778097,37.71583,,Галерея «Измайлово»,12,55.77987,37.719464,300.8,,,0
точка интереса,2734896,Семёновское кладбище,55.779,37.717718,,Галерея «Измайлово»,12,55.77987,37.719464,145.8,,,0
точка интереса,1916085,Храм Воскресения Христова на бывшем Семёновском кладбище,55.77972,37.71889,,Галерея «Измайлово»,12,55.77987,37.719464,39.5,,,0
авария,1444769,Наезд на пешехода,55.721297,37.669008,2024-10-02 14:48:00,Гаражная улица,12,55.720931,37.673867,307.0,1.0,0.0,0
авария,1509517,Столкновение,55.720451,37.67346,2025-04-22 19:16:00,Гаражная улица,12,55.720931,37.673867,59.2,1.0,0.0,0
точка интереса,1034888,Европейская подшипниковая корпорация,55.7232,37.681,,Гаражная улица,12,55.720931,37.673867,513.0,,,0
авария,1357239,Наезд на пешехода,55.786878,37.454302,2024-02-05 19:00:00,Гидропроект,28,55.787647,37.45409,86.6,1.0,0.0,0
авария,1435159,Наезд на препятствие,55.786419,37.45441,2024-09-11 05:35:00,Гидропроект,28,55.787647,37.45409,138.1,1.0,0.0,0
авария,1586730,"Наезд на лицо, использующее для передвижения СИМ",55.784809,37.455354,2025-10-29 23:25:00,Гидропроект,28,55.787647,37.45409,325.4,1.0,0.0,0
точка интереса,4338009,Школа № 1517,55.785064,37.453281,,Гидропроект,28,55.787647,37.45409,291.7,,,0
авария,1353916,Столкновение,55.7725,37.7261,2024-01-24 08:40:00,Главная аллея,12,55.773464,37.725091,124.4,1.0,0.0,0
авария,1416104,Наезд на велосипедиста,55.79104,37.716193,2024-07-28 18:36:00,Главная аллея,11,55.789771,37.716436,141.9,1.0,0.0,0
авария,1422061,Наезд на велосипедиста,55.78949,37.716279,2024-08-12 11:05:00,Главная аллея,11,55.789771,37.716436,32.8,1.0,0.0,0
авария,1482949,Столкновение,55.789218,37.716429,2025-01-16 20:40:00,Главная аллея,11,55.789771,37.716436,61.5,1.0,0.0,0
авария,1490815,Столкновение,55.772519,37.726128,2025-02-15 01:15:00,Главная аллея,12,55.773464,37.725091,123.5,1.0,0.0,0
авария,1497701,Наезд на велосипедиста,55.789478,37.716461,2025-03-12 20:21:00,Главная аллея,11,55.789771,37.716436,32.7,1.0,0.0,0
авария,1576328,Наезд на пешехода,55.78911,37.71644,2025-10-03 11:45:00,Главная аллея,11,55.789771,37.716436,73.5,0.0,1.0,0
точка интереса,2216068,Братское кладбище Никольского единоверческого монастыря,55.79083,37.7175,,Главная аллея,11,55.789771,37.716436,135.2,,,0
точка интереса,8095992,Жилой посёлок «Преображенское»,55.79124,37.71392,,Главная аллея,11,55.789771,37.716436,226.7,,,0
точка интереса,11210571,"Крылья Советов (стадион, Москва)",55.7747,37.7281,,Главная аллея,12,55.773464,37.725091,233.1,,,0
точка интереса,9230388,Мосотделстрой №1,55.788,37.7078,,Главная аллея,11,55.789771,37.716436,574.7,,,0
точка интереса,335632,НПЦ газотурбостроения «Салют»,55.772,37.722,,Главная аллея,12,55.773464,37.725091,252.7,,,0
точка интереса,1867389,Никольский единоверческий монастырь,55.791083,37.716278,,Главная аллея,11,55.789771,37.716436,146.2,,,0
точка интереса,8041904,Преображенская больница,55.792508,37.715408,,Главная аллея,11,55.789771,37.716436,311.0,,,0
точка интереса,4649112,Преображенская свеча (колокольня),55.791083,37.716278,,Главная аллея,11,55.789771,37.716436,146.2,,,0
точка интереса,2194952,Преображенский Вал,55.79194,37.71528,,Главная аллея,11,55.789771,37.716436,251.7,,,0
точка интереса,7684097,Преображенский рынок,55.792193,37.716887,,Главная аллея,11,55.789771,37.716436,270.8,,,0
точка интереса,416275,Преображенское кладбище,55.789719,37.717717,,Главная аллея,11,55.789771,37.716436,80.3,,,0
точка интереса,108658,Соколиная Гора (район Москвы),55.773536,37.731825,,Главная аллея,12,55.773464,37.725091,421.3,,,0
точка интереса,6764443,Федерация шашек России,55.7903,37.7116,,Главная аллея,11,55.789771,37.716436,308.0,,,0
точка интереса,2242722,Храм Воздвижения Креста Господня в Никольском единоверческом монастыре,55.791,37.71625,,Главная аллея,11,55.789771,37.716436,137.1,,,0
точка интереса,1846050,Храм Святителя Николая на Преображенском кладбище,55.79125,37.71725,,Главная аллея,11,55.789771,37.716436,172.1,,,0
точка интереса,3658202,Хрюши против,55.7682,37.7183,,Главная аллея,12,55.773464,37.725091,723.2,,,0
точка интереса,6649138,Шестерня Цитроэн,55.7696,37.717,,Главная аллея,12,55.773464,37.725091,663.8,,,0
авария,1418039,Наезд на пешехода,55.775921,37.670789,2024-08-02 18:45:00,Главный корпус МИИТ,50,55.777584,37.668889,219.8,1.0,0.0,0
авария,1453850,Падение пассажира,55.776469,37.67034,2024-10-25 15:40:00,Главный корпус МИИТ,50,55.777584,37.668889,153.7,1.0,0.0,0
точка интереса,4954609,ВРК-2,55.7743,37.6687,,Главный корпус МИИТ,50,55.777584,37.668889,365.4,,,0
точка интереса,6739250,Доходный дом Бурениных,55.776674,37.670357,,Главный корпус МИИТ,50,55.777584,37.668889,136.6,,,0
точка интереса,2016172,Зверевский центр современного искусства,55.7733,37.6693,,Главный корпус МИИТ,50,55.777584,37.668889,477.1,,,0
точка интереса,3953701,Красное Село (Москва),55.77722,37.66861,,Главный корпус МИИТ,50,55.777584,37.668889,44.1,,,0
точка интереса,2113892,Храм Покрова Пресвятой Богородицы в Красном селе,55.77722,37.66889,,Главный корпус МИИТ,50,55.777584,37.668889,40.5,,,0
точка интереса,144684,Эльдорадо (сеть магазинов),55.7737,37.6695,,Главный корпус МИИТ,50,55.777584,37.668889,433.6,,,0
точка интереса,2839872,ЮТВ Холдинг,55.7731,37.6658,,Главный корпус МИИТ,50,55.777584,37.668889,534.7,,,0
авария,1395992,Столкновение,55.743383,37.677033,2024-06-12 10:16:00,Горбатый путепровод,12,55.743125,37.676928,29.4,1.0,0.0,0
авария,1474148,Наезд на пешехода,55.74322,37.677076,2024-12-19 14:57:00,Горбатый путепровод,12,55.743125,37.676928,14.0,1.0,0.0,0
точка интереса,2503776,Рогожский Вал,55.742833,37.676556,,Горбатый путепровод,12,55.743125,37.676928,40.0,,,0
авария,1357685,Столкновение,55.731327,37.663073,2024-02-07 13:20:00,Д/к «Компрессор»,12,55.731135,37.662928,23.2,1.0,0.0,0
авария,1371991,Наезд на пешехода,55.732085,37.661846,2024-04-04 18:50:00,Д/к «Компрессор»,12,55.731135,37.662928,125.5,1.0,0.0,0
авария,1401704,Наезд на пешехода,55.731055,37.661733,2024-06-25 18:52:00,Д/к «Компрессор»,12,55.731135,37.662928,75.3,1.0,0.0,0
авария,1436074,Столкновение,55.751457,37.716322,2024-09-13 08:26:00,Д/к «Компрессор»,50,55.751657,37.716619,29.0,1.0,0.0,0
авария,1463470,Наезд на пешехода,55.732643,37.664695,2024-11-19 20:01:00,Д/к «Компрессор»,12,55.731135,37.662928,200.9,1.0,0.0,0
авария,1494813,Наезд на пешехода,55.7314,37.665811,2025-03-02 14:30:00,Д/к «Компрессор»,12,55.731135,37.662928,182.9,1.0,0.0,0
авария,1496449,Наезд на пешехода,55.73179,37.669116,2025-03-08 08:43:00,Д/к «Компрессор»,12,55.731135,37.662928,394.2,0.0,1.0,0
авария,1555787,Наезд на пешехода,55.730959,37.66301,2025-08-16 16:00:00,Д/к «Компрессор»,12,55.731135,37.662928,20.2,1.0,0.0,0
авария,1586854,Падение пассажира,55.731653,37.664426,2025-10-30 11:15:00,Д/к «Компрессор»,12,55.731135,37.662928,110.1,1.0,0.0,0
точка интереса,807312,Акадо,55.7285,37.6691,,Д/к «Компрессор»,12,55.731135,37.662928,485.0,,,0
точка интереса,1347979,ВТБ (группа компаний),55.7331,37.6653,,Д/к «Компрессор»,12,55.731135,37.662928,264.2,,,0
точка интереса,1871858,Дангауэровка,55.748949,37.71777,,Д/к «Компрессор»,50,55.751657,37.716619,309.6,,,0
точка интереса,320979,Крестьянская Застава (станция метро),55.73222,37.66583,,Д/к «Компрессор»,12,55.731135,37.662928,218.1,,,0
точка интереса,2511396,Крутицкий Вал,55.729639,37.664333,,Д/к «Компрессор»,12,55.731135,37.662928,188.2,,,0
точка интереса,6015274,МультиКарта,55.7332,37.6643,,Д/к «Компрессор»,12,55.731135,37.662928,245.1,,,0
точка интереса,310814,"Пролетарская (станция метро, Москва)",55.73194,37.66583,,Д/к «Компрессор»,12,55.731135,37.662928,202.5,,,0
точка интереса,1399604,Синтерра,55.7345,37.6641,,Д/к «Компрессор»,12,55.731135,37.662928,381.3,,,0
точка интереса,7801590,Слово (издательство),55.734,37.6644,,Д/к «Компрессор»,12,55.731135,37.662928,331.6,,,0
точка интереса,11213719,"Факел (кинотеатр, Москва)",55.75178,37.716056,,Д/к «Компрессор»,50,55.751657,37.716619,37.8,,,0
авария,1540315,Столкновение,55.817403,37.714498,2025-07-12 09:36:00,ДК Зуева,7,55.819224,37.713922,205.6,2.0,0.0,0
авария,1498437,Столкновение,55.762553,37.684915,2025-03-15 14:10:00,Дворец культуры МИИТ,50,55.763336,37.680172,309.3,1.0,0.0,0
авария,1566449,Наезд на пешехода,55.762915,37.680016,2025-09-10 09:20:00,Дворец культуры МИИТ,50,55.763336,37.680172,47.8,1.0,0.0,0
точка интереса,1924489,Всероссийский художественный научно-реставрационный центр имени И. Э. Грабаря,55.762955,37.680289,,Дворец культуры МИИТ,50,55.763336,37.680172,43.0,,,0
точка интереса,3233170,Лютеранская церковь Святого Михаила (Москва),55.76389,37.67639,,Дворец культуры МИИТ,50,55.763336,37.680172,244.5,,,0
точка интереса,4117095,Научно-мемориальный музей профессора Н. Е. Жуковского,55.7633,37.6793,,Дворец культуры МИИТ,50,55.763336,37.680172,54.7,,,0
точка интереса,13156,Союз переводчиков России,55.7627,37.6823,,Дворец культуры МИИТ,50,55.763336,37.680172,150.8,,,0
точка интереса,494045,ЦКБ-29,55.7624,37.6828,,Дворец культуры МИИТ,50,55.763336,37.680172,194.6,,,0
авария,1350356,Наезд на пешехода,55.7766,37.6599,2024-01-11 20:50:00,Денисовский переулок,50,55.776704,37.659812,12.8,1.0,0.0,0
авария,1485693,Наезд на пешехода,55.776259,37.659116,2025-01-26 21:33:00,Денисовский переулок,50,55.776704,37.659812,66.0,1.0,0.0,0
авария,1524808,Наезд на пешехода,55.775608,37.658794,2025-06-04 18:30:00,Денисовский переулок,50,55.776704,37.659812,137.6,1.0,0.0,0
авария,1572892,Наезд на пешехода,55.77661,37.659868,2025-09-24 21:00:00,Денисовский переулок,50,55.776704,37.659812,11.1,1.0,0.0,1
авария,1582963,Наезд на пешехода,55.776688,37.659534,2025-10-20 00:30:00,Денисовский переулок,50,55.776704,37.659812,17.5,1.0,0.0,0
точка интереса,170210,"Комсомольская (станция метро, Сокольническая линия)",55.77611,37.65889,,Денисовский переулок,50,55.776704,37.659812,87.7,,,0
авария,1398759,Столкновение,55.810691,37.486894,2024-06-18 21:45:00,Детская поликлиника,28,55.810547,37.481476,338.9,1.0,0.0,0
авария,1428980,Столкновение,55.81006,37.483828,2024-08-28 07:30:00,Детская поликлиника,28,55.810547,37.481476,156.6,1.0,0.0,0
авария,1562043,Падение пассажира,55.810633,37.483206,2025-08-30 16:07:00,Детская поликлиника,28,55.810547,37.481476,108.5,1.0,0.0,1
авария,1594301,Столкновение,55.811151,37.484515,2025-11-19 14:58:00,Детская поликлиника,28,55.810547,37.481476,201.4,1.0,0.0,0
точка интереса,3579257,Памятник хирургу Валерию Шумакову,55.80766,37.483367,,Детская поликлиника,28,55.810547,37.481476,342.1,,,0
точка интереса,6035081,Стрешнево (станция МЦК),55.81361,37.48694,,Детская поликлиника,28,55.810547,37.481476,482.2,,,0
авария,1434378,Столкновение,55.63814,37.605482,2024-09-09 09:15:00,Детская стоматологическая п - ка,1,55.638897,37.605478,84.2,1.0,0.0,0
авария,1553173,Столкновение,55.636536,37.604999,2025-08-10 15:40:00,Детская стоматологическая п - ка,1,55.638897,37.605478,264.3,1.0,0.0,0
точка интереса,5706072,Деревлёвский ручей,55.639,37.6061,,Детская стоматологическая п - ка,1,55.638897,37.605478,40.6,,,0
точка интереса,127319,"Партизанская (станция метро, Москва)",55.78806,37.75222,,Динамовская улица,12,55.786584,37.751154,177.1,,,0
авария,1378149,Наезд на стоящее ТС,55.807452,37.50316,2024-04-24 10:00:00,Диспансер,28,55.805787,37.508647,389.7,1.0,0.0,0
авария,1410699,Опрокидывание,55.806002,37.509352,2024-07-16 08:40:00,Диспансер,28,55.805787,37.508647,50.1,1.0,0.0,0
авария,1433014,Столкновение,55.807582,37.50373,2024-09-06 10:47:00,Диспансер,28,55.805787,37.508647,366.4,1.0,0.0,0
авария,1497354,Наезд на пешехода,55.805713,37.508333,2025-03-11 15:12:00,Диспансер,28,55.805787,37.508647,21.3,1.0,0.0,0
авария,1509107,Столкновение,55.805912,37.510017,2025-04-21 14:50:00,Диспансер,28,55.805787,37.508647,86.7,6.0,0.0,0
авария,1533434,Наезд на пешехода,55.805279,37.509867,2025-06-26 12:38:00,Диспансер,28,55.805787,37.508647,94.9,1.0,0.0,0
авария,1545589,Столкновение,55.805633,37.511767,2025-07-24 10:00:00,Диспансер,28,55.805787,37.508647,195.7,1.0,0.0,0
авария,1573391,Падение пассажира,55.806467,37.507421,2025-09-26 06:15:00,Диспансер,28,55.805787,37.508647,107.6,1.0,0.0,0
авария,1584926,Столкновение,55.806166,37.508762,2025-10-25 08:20:00,Диспансер,28,55.805787,37.508647,42.7,1.0,0.0,0
авария,1606665,Столкновение,55.806467,37.51036,2025-12-25 09:45:00,Диспансер,28,55.805787,37.508647,131.1,1.0,0.0,0
точка интереса,1917600,Алабяно-Балтийский тоннель,55.808261,37.512928,,Диспансер,28,55.805787,37.508647,383.7,,,0
точка интереса,662454,Алмаз (научно-производственное объединение),55.8092,37.5078,,Диспансер,28,55.805787,37.508647,383.2,,,0
точка интереса,7197114,Арбатец (сквер),55.8041,37.5081,,Диспансер,28,55.805787,37.508647,190.7,,,0
точка интереса,2390661,Волоколамская эстакада (Сокол),55.806839,37.507011,,Диспансер,28,55.805787,37.508647,155.3,,,0
точка интереса,2197645,Волоколамский тоннель,55.80667,37.507403,,Диспансер,28,55.805787,37.508647,125.2,,,0
точка интереса,1005793,Гидропроект,55.8078,37.5052,,Диспансер,28,55.805787,37.508647,310.6,,,0
точка интереса,10250793,Дом физиков-ядерщиков на Песчаной улице,55.802513,37.512703,,Диспансер,28,55.805787,37.508647,443.6,,,0
точка интереса,2315378,Ленинградский тоннель,55.805856,37.511711,,Диспансер,28,55.805787,37.508647,191.6,,,0
точка интереса,1530588,НИИ радиоприборостроения,55.81,37.507,,Диспансер,28,55.805787,37.508647,479.6,,,0
точка интереса,8096952,Пожарная часть № 19 (Москва),55.804162,37.515146,,Диспансер,28,55.805787,37.508647,444.5,,,0
точка интереса,2390636,Развязка на Соколе,55.80596,37.51075,,Диспансер,28,55.805787,37.508647,132.8,,,0
точка интереса,979800,"Сокол (посёлок, Москва)",55.802825,37.502347,,Диспансер,28,55.805787,37.508647,513.3,,,0
точка интереса,30117,Сокол (район Москвы),55.805361,37.50389,,Диспансер,28,55.805787,37.508647,301.0,,,0
точка интереса,156954,Сокол (станция метро),55.80472,37.51528,,Диспансер,28,55.805787,37.508647,431.2,,,0
точка интереса,1196413,Храм Всех Святых во Всехсвятском,55.80389,37.51389,,Диспансер,28,55.805787,37.508647,389.7,,,0
точка интереса,10525763,Храм преподобномучениц Елизаветы и инокини Варвары на Соколе,55.8025,37.5071,,Диспансер,28,55.805787,37.508647,378.1,,,0
точка интереса,6761030,Экспериментаниум,55.8089,37.5109,,Диспансер,28,55.805787,37.508647,373.7,,,0
точка интереса,8079069,Яйцо Сокола,55.80583,37.50917,,Диспансер,28,55.805787,37.508647,33.0,,,0
авария,1393287,Падение пассажира,55.688297,37.544628,2024-06-05 11:50:00,Драмтеатр,26,55.687959,37.544837,39.8,1.0,0.0,1
авария,1421755,Падение пассажира,55.68875,37.546849,2024-08-11 16:05:00,Драмтеатр,26,55.687959,37.544837,153.7,1.0,0.0,0
авария,1432482,Наезд на препятствие,55.686899,37.543545,2024-09-04 23:11:00,Драмтеатр,26,55.687959,37.544837,143.0,1.0,0.0,0
авария,1446974,Наезд на велосипедиста,55.686022,37.548609,2024-10-07 15:40:00,Драмтеатр,26,55.687959,37.544837,319.8,1.0,0.0,0
авария,1461053,Столкновение,55.686325,37.547557,2024-11-13 12:30:00,Драмтеатр,26,55.687959,37.544837,249.2,1.0,0.0,0
точка интереса,7333058,Вавиловская (станция метро),55.684444,37.539722,,Драмтеатр,26,55.687959,37.544837,505.5,,,0
точка интереса,1836368,Площадь 60-летия СССР,55.68806,37.54528,,Драмтеатр,26,55.687959,37.544837,29.9,,,0
авария,1518681,Столкновение,55.690123,37.598777,2025-05-20 14:46:00,Духовской переулок,26,55.69214,37.60272,333.7,1.0,0.0,0
точка интереса,6523487,Крымская (станция МЦК),55.690038,37.605,,Духовской переулок,26,55.69214,37.60272,274.0,,,0
авария,1394728,Наезд на препятствие,55.747188,37.687751,2024-06-08 23:02:00,Душинская улица,12,55.747157,37.686286,91.8,1.0,0.0,0
авария,1410161,Наезд на препятствие,55.747025,37.687011,2024-07-15 01:38:00,Душинская улица,12,55.747157,37.686286,47.7,2.0,0.0,0
авария,1491139,Наезд на препятствие,55.747393,37.690465,2025-02-16 05:08:00,Душинская улица,12,55.747157,37.686286,262.9,1.0,0.0,0
авария,1601215,Столкновение,55.747284,37.688631,2025-12-09 22:48:00,Душинская улица,12,55.747157,37.686286,147.5,1.0,0.0,1
точка интереса,3577750,Золоторожский Вал,55.752528,37.687833,,Душинская улица,12,55.747157,37.686286,605.1,,,0
точка интереса,466877,Москва-Товарная-Курская,55.745358,37.688839,,Душинская улица,12,55.747157,37.686286,256.0,,,0
точка интереса,154379,Московский вагоноремонтный завод,55.74676,37.69148,,Душинская улица,12,55.747157,37.686286,328.1,,,0
точка интереса,1877689,"Серп и Молот (завод, Москва)",55.750278,37.689444,,Душинская улица,12,55.747157,37.686286,399.4,,,0
авария,1364121,Наезд на пешехода,55.717478,37.608626,2024-03-03 17:25:00,Загородное шоссе,26,55.717154,37.608413,38.4,1.0,0.0,1
авария,1369189,Наезд на пешехода,55.715683,37.607574,2024-03-24 20:37:00,Загородное шоссе,26,55.717154,37.608413,171.8,1.0,0.0,0
авария,1560904,Наезд на стоящее ТС,55.716557,37.608083,2025-08-28 11:15:00,Загородное шоссе,26,55.717154,37.608413,69.5,1.0,0.0,0
авария,1603004,Наезд на пешехода,55.717502,37.608497,2025-12-14 22:23:00,Загородное шоссе,26,55.717154,37.608413,39.1,1.0,0.0,0
точка интереса,4524695,Даниловцы (общественное движение),55.7162,37.6107,,Загородное шоссе,26,55.717154,37.608413,178.2,,,0
точка интереса,6872702,Дом-коммуна РЖСКТ «1-е Замоскворецкое объединение»,55.71559,37.61133,,Загородное шоссе,26,55.717154,37.608413,252.2,,,0
точка интереса,604405,Донской монастырь,55.71444,37.602083,,Загородное шоссе,26,55.717154,37.608413,498.3,,,0
точка интереса,2079346,Межгосударственный банк,55.7159,37.6113,,Загородное шоссе,26,55.717154,37.608413,228.3,,,0
точка интереса,3867145,Научно-практический психоневрологический центр имени З. П. Соловьёва,55.717158,37.604358,,Загородное шоссе,26,55.717154,37.608413,254.0,,,0
точка интереса,771613,Некрополь Донского монастыря,55.714378,37.601942,,Загородное шоссе,26,55.717154,37.608413,509.5,,,0
точка интереса,8025454,Поисковое движение России,55.7154,37.612,,Загородное шоссе,26,55.717154,37.608413,297.5,,,0
точка интереса,3190976,Старость в радость,55.716779,37.610899,,Загородное шоссе,26,55.717154,37.608413,161.2,,,0
авария,1348385,Падение пассажира,55.8197,37.71,2024-01-04 14:43:00,Игральная ул.,7,55.819254,37.706984,194.8,1.0,0.0,1
авария,1374456,Падение пассажира,55.819723,37.710067,2024-04-12 19:46:00,Игральная ул.,7,55.819254,37.706984,199.5,1.0,0.0,1
авария,1375249,Наезд на пешехода,55.818891,37.705196,2024-04-15 09:06:00,Игральная ул.,7,55.819254,37.706984,118.8,1.0,0.0,0
авария,1543682,Наезд на пешехода,55.819362,37.707245,2025-07-19 18:20:00,Игральная ул.,7,55.819254,37.706984,20.2,1.0,0.0,0
авария,1586161,Наезд на пешехода,55.819687,37.709402,2025-10-28 13:33:00,Игральная ул.,7,55.819254,37.706984,158.5,1.0,0.0,0
точка интереса,2234745,Российская академия ракетных и артиллерийских наук,55.8183,37.7087,,Игральная ул.,7,55.819254,37.706984,150.8,,,0
авария,1375965,Столкновение,55.80455,37.70732,2024-04-17 15:10:00,Измайловская площадь,11,55.804264,37.707445,32.8,0.0,1.0,0
авария,1409901,Наезд на велосипедиста,55.803138,37.705904,2024-07-14 14:50:00,Измайловская площадь,11,55.804264,37.707445,157.9,1.0,0.0,0
авария,1485917,Наезд на пешехода,55.804501,37.707267,2025-01-27 17:55:00,Измайловская площадь,11,55.804264,37.707445,28.6,1.0,0.0,0
авария,1610973,Наезд на пешехода,55.80347,37.706913,2026-01-08 13:31:00,Измайловская площадь,11,55.804264,37.707445,94.3,0.0,1.0,0
точка интереса,2498120,Богородский Вал,55.802632,37.703898,,Измайловская площадь,11,55.804264,37.707445,286.5,,,0
точка интереса,1379566,Богородское кладбище,55.804141,37.709428,,Измайловская площадь,11,55.804264,37.707445,124.7,,,0
авария,1419564,Наезд на пешехода,55.795329,37.710325,2024-08-06 11:50:00,Инновационный университет,7,55.795235,37.708536,112.3,1.0,0.0,0
авария,1431826,Столкновение,55.795021,37.708672,2024-09-03 12:23:00,Инновационный университет,7,55.795235,37.708536,25.2,2.0,0.0,0
авария,1443922,Наезд на препятствие,55.796571,37.708576,2024-09-30 16:20:00,Инновационный университет,7,55.795235,37.708536,148.6,1.0,0.0,0
авария,1483621,Наезд на пешехода,55.796565,37.708308,2025-01-19 07:15:00,Инновационный университет,7,55.795235,37.708536,148.6,1.0,0.0,0
авария,1492342,Столкновение,55.795148,37.707009,2025-02-20 13:33:00,Инновационный университет,7,55.795235,37.708536,95.9,1.0,0.0,0
авария,1508787,Столкновение,55.795292,37.706623,2025-04-20 16:40:00,Инновационный университет,7,55.795235,37.708536,119.8,1.0,0.0,0
ремонт,way/1474730782,apartments,55.794087,37.708882,,Инновационный университет,7,55.795235,37.708536,129.5,,,0
ремонт,way/1189573941,footway,55.796161,37.710539,,Инновационный университет,7,55.795235,37.708536,162.1,,,0
ремонт,way/1189573976,footway,55.796545,37.710514,,Инновационный университет,7,55.795235,37.708536,191.1,,,0
ремонт,way/1189574012,footway,55.7959,37.710752,,Инновационный университет,7,55.795235,37.708536,157.1,,,0
ремонт,way/1189574020,footway,55.796447,37.710472,,Инновационный университет,7,55.795235,37.708536,181.1,,,0
точка интереса,1509076,"Преображенское (бывшее село, Москва)",55.793,37.71,,Инновационный университет,7,55.795235,37.708536,264.8,,,0
точка интереса,1981903,Храм Преображения Господня в Преображенском,55.79556,37.71139,,Инновационный университет,7,55.795235,37.708536,182.0,,,0
точка интереса,5865969,ЦНИИКА,55.797,37.7102,,Инновационный университет,7,55.795235,37.708536,222.1,,,0
авария,1405973,Наезд на пешехода,55.779373,37.601984,2024-07-05 17:08:00,Каланчёвская улица,7;50,55.783496,37.605783,516.3,1.0,0.0,0
авария,1431509,Наезд на пешехода,55.779816,37.602199,2024-09-02 15:54:00,Каланчёвская улица,7;50,55.783496,37.605783,466.5,1.0,0.0,0
авария,1446157,Наезд на пешехода,55.781925,37.607424,2024-10-05 18:10:00,Каланчёвская улица,7;50,55.783496,37.605783,202.6,1.0,0.0,0
авария,1486190,Наезд на пешехода,55.780037,37.602156,2025-01-28 15:50:00,Каланчёвская улица,7;50,55.783496,37.605783,446.5,0.0,1.0,1
точка интереса,2895183,Библиотека искусств имени А. П. Боголюбова,55.781383,37.602211,,Каланчёвская улица,7;50,55.783496,37.605783,324.1,,,0
точка интереса,11556408,Слава (стадион),55.782126,37.606206,,Каланчёвская улица,7;50,55.783496,37.605783,154.6,,,0
точка интереса,6106348,Студия художников им. В.В.Верещагина МВД России,55.780786,37.604753,,Каланчёвская улица,7;50,55.783496,37.605783,308.1,,,0
точка интереса,5718969,Сущёвская полицейская часть,55.78056,37.60444,,Каланчёвская улица,7;50,55.783496,37.605783,337.1,,,0
авария,1430328,Наезд на пешехода,55.653417,37.605199,2024-08-30 21:50:00,Кинотеатр «Ашхабад»,1,55.652859,37.60542,63.6,1.0,0.0,0
авария,1441350,Столкновение,55.653001,37.605296,2024-09-24 20:12:00,Кинотеатр «Ашхабад»,1,55.652859,37.60542,17.6,1.0,0.0,0
авария,1455464,Наезд на пешехода,55.653077,37.604127,2024-10-29 15:40:00,Кинотеатр «Ашхабад»,1,55.652859,37.60542,84.7,1.0,0.0,0
авария,1489680,Наезд на пешехода,55.6507,37.605371,2025-02-10 18:15:00,Кинотеатр «Ашхабад»,1,55.652859,37.60542,240.0,2.0,0.0,0
авария,1538342,Столкновение,55.652041,37.605311,2025-07-07 22:05:00,Кинотеатр «Ашхабад»,1,55.652859,37.60542,91.2,1.0,0.0,0
авария,1552627,Наезд на пешехода,55.653553,37.605318,2025-08-09 10:15:00,Кинотеатр «Ашхабад»,1,55.652859,37.60542,77.5,1.0,0.0,0
авария,1571773,Наезд на пешехода,55.65338,37.604286,2025-09-22 12:05:00,Кинотеатр «Ашхабад»,1,55.652859,37.60542,91.8,1.0,0.0,0
авария,1575872,Наезд на пешехода,55.653069,37.605021,2025-10-02 09:18:00,Кинотеатр «Ашхабад»,1,55.652859,37.60542,34.3,1.0,0.0,0
авария,1584569,"Наезд на лицо, использующее для передвижения СИМ",55.650443,37.605622,2025-10-24 11:25:00,Кинотеатр «Ашхабад»,1,55.652859,37.60542,268.9,1.0,0.0,0
авария,1593301,Столкновение,55.653058,37.605407,2025-11-16 21:00:00,Кинотеатр «Ашхабад»,1,55.652859,37.60542,22.2,1.0,0.0,0
точка интереса,319277,Каховская (станция метро),55.65306,37.59833,,Кинотеатр «Ашхабад»,1,55.652859,37.60542,445.4,,,0
точка интереса,794893,Площадь Академика Вишневского,55.65194,37.61222,,Кинотеатр «Ашхабад»,1,55.652859,37.60542,438.7,,,0
точка интереса,182493,Севастопольская (станция метро),55.651433,37.598406,,Кинотеатр «Ашхабад»,1,55.652859,37.60542,467.7,,,0
авария,1375283,Наезд на пешехода,55.782745,37.728907,2024-04-15 11:44:00,Кинотеатр «Победа»,12,55.782583,37.729536,43.3,1.0,0.0,0
авария,1395921,Столкновение,55.782631,37.730666,2024-06-12 01:10:00,Кинотеатр «Победа»,12,55.782583,37.729536,70.8,1.0,0.0,0
авария,1557855,Наезд на пешехода,55.782782,37.731493,2025-08-21 12:32:00,Кинотеатр «Победа»,12,55.782583,37.729536,124.3,1.0,0.0,0
авария,1602290,Наезд на пешехода,55.782021,37.730742,2025-12-12 19:00:00,Кинотеатр «Победа»,12,55.782583,37.729536,97.9,1.0,0.0,0
точка интереса,2696541,Глобалстрой-Инжиниринг,55.7841,37.7296,,Кинотеатр «Победа»,12,55.782583,37.729536,168.8,,,0
точка интереса,257081,Российский союз эсперантистов,55.7817,37.7304,,Кинотеатр «Победа»,12,55.782583,37.729536,112.0,,,0
точка интереса,1913878,Храм Димитрия Солунского на Благуше,55.781222,37.7315,,Кинотеатр «Победа»,12,55.782583,37.729536,194.9,,,0
авария,1398346,Наезд на велосипедиста,55.618103,37.593058,2024-06-17 19:35:00,Кировоградские пруды,1,55.619155,37.593737,124.5,1.0,0.0,0
авария,1443962,Наезд на пешехода,55.618279,37.593069,2024-09-30 17:22:00,Кировоградские пруды,1,55.619155,37.593737,106.1,1.0,0.0,0
авария,1504415,Наезд на пешехода,55.61966,37.593648,2025-04-06 16:00:00,Кировоградские пруды,1,55.619155,37.593737,56.4,1.0,0.0,0
авария,1521715,Наезд на пешехода,55.619488,37.593931,2025-05-27 21:25:00,Кировоградские пруды,1,55.619155,37.593737,39.0,1.0,0.0,0
авария,1583791,Наезд на пешехода,55.619448,37.593616,2025-10-22 08:08:00,Кировоградские пруды,1,55.619155,37.593737,33.4,1.0,0.0,0
точка интереса,7051723,Парк 30-летия Победы (Москва),55.617104,37.598942,,Кировоградские пруды,1,55.619155,37.593737,398.6,,,0
точка интереса,141386,Чертаново Центральное,55.61667,37.6,,Кировоградские пруды,1,55.619155,37.593737,480.7,,,0
авария,1359878,Наезд на пешехода,55.748492,37.694156,2024-02-15 09:30:00,Кирпичная улица,12,55.748015,37.697345,206.5,1.0,0.0,0
авария,1519732,Столкновение,55.747641,37.695926,2025-05-23 11:10:00,Кирпичная улица,12,55.748015,37.697345,98.0,1.0,0.0,0
точка интереса,661392,Андроново (Москва),55.74889,37.69361,,Кирпичная улица,12,55.748015,37.697345,253.2,,,0
точка интереса,2837470,Институт стекла,55.748768,37.695665,,Кирпичная улица,12,55.748015,37.697345,134.4,,,0
точка интереса,5278167,Нижегородское (электродепо),55.746113,37.695254,,Кирпичная улица,12,55.748015,37.697345,248.7,,,0
авария,1442093,Столкновение,55.779439,37.622123,2024-09-26 18:47:00,Клуб Русакова,7,55.779848,37.620563,107.7,1.0,0.0,0
ремонт,way/1516599342,service,55.780544,37.618812,,Клуб Русакова,7,55.779848,37.620563,134.1,,,0
ремонт,way/1516599343,service,55.780535,37.618845,,Клуб Русакова,7,55.779848,37.620563,131.7,,,0
ремонт,way/1516599345,service,55.780263,37.619754,,Клуб Русакова,7,55.779848,37.620563,68.4,,,0
ремонт,way/10467381,tertiary_link,55.779923,37.619525,,Клуб Русакова,7,55.779848,37.620563,65.4,,,0
ремонт,way/25475796,улица Дурова,55.780158,37.619912,,Клуб Русакова,7,55.779848,37.620563,53.3,,,0
ремонт,way/206896411,улица Дурова,55.780485,37.6188,,Клуб Русакова,7,55.779848,37.620563,131.0,,,0
точка интереса,629042,"Достоевская (станция метро, Кольцевая линия)",55.7802,37.6204,,Клуб Русакова,7,55.779848,37.620563,40.4,,,0
точка интереса,4800342,Екатерининский сквер (Москва),55.779778,37.618194,,Клуб Русакова,7,55.779848,37.620563,148.3,,,0
точка интереса,2624436,Капля (река),55.7809,37.6219,,Клуб Русакова,7,55.779848,37.620563,143.7,,,0
точка интереса,7456150,Памятник Фёдору Толбухину (Москва),55.777953,37.61947,,Клуб Русакова,7,55.779848,37.620563,221.6,,,0
точка интереса,164259,Театр зверей имени Дурова,55.779413,37.621255,,Клуб Русакова,7,55.779848,37.620563,65.0,,,0
точка интереса,3310118,Центральный дом Российской армии имени М. В. Фрунзе,55.7819,37.6176,,Клуб Русакова,7,55.779848,37.620563,293.9,,,0
авария,1353876,Наезд на пешехода,55.870441,37.665038,2024-01-24 07:12:00,Культурно - досуговый центр,17,55.868801,37.663785,198.4,0.0,1.0,0
авария,1359940,Наезд на пешехода,55.87061,37.658794,2024-02-15 13:20:00,Культурно - досуговый центр,17,55.868801,37.663785,370.7,1.0,0.0,0
авария,1363704,Наезд на пешехода,55.870508,37.658654,2024-03-01 21:10:00,Культурно - досуговый центр,17,55.868801,37.663785,372.2,1.0,0.0,0
авария,1364869,Наезд на пешехода,55.869412,37.666143,2024-03-06 19:10:00,Культурно - досуговый центр,17,55.868801,37.663785,162.0,1.0,0.0,0
авария,1384161,Наезд на пешехода,55.86999,37.662903,2024-05-12 16:20:00,Культурно - досуговый центр,17,55.868801,37.663785,143.2,1.0,0.0,0
авария,1385193,Наезд на пешехода,55.869881,37.663493,2024-05-15 20:42:00,Культурно - досуговый центр,17,55.868801,37.663785,121.5,1.0,0.0,0
авария,1394121,Падение пассажира,55.869767,37.663525,2024-06-07 16:03:00,Культурно - досуговый центр,17,55.868801,37.663785,108.6,1.0,0.0,0
авария,1397662,Наезд на велосипедиста,55.870616,37.65874,2024-06-16 08:20:00,Культурно - досуговый центр,17,55.868801,37.663785,373.9,1.0,0.0,0
авария,1404272,Наезд на пешехода,55.869827,37.663171,2024-07-01 16:30:00,Культурно - досуговый центр,17,55.868801,37.663785,120.3,1.0,0.0,0
авария,1412392,Опрокидывание,55.868605,37.66433,2024-07-20 05:00:00,Культурно - досуговый центр,17,55.868801,37.663785,40.4,1.0,0.0,0
авария,1462480,Наезд на пешехода,55.869845,37.663043,2024-11-17 02:52:00,Культурно - досуговый центр,17,55.868801,37.663785,125.0,1.0,0.0,0
авария,1476244,Падение пассажира,55.870453,37.659073,2024-12-25 12:05:00,Культурно - досуговый центр,17,55.868801,37.663785,346.6,1.0,0.0,0
авария,1495292,Наезд на пешехода,55.870808,37.658182,2025-03-04 13:05:00,Культурно - досуговый центр,17,55.868801,37.663785,414.7,1.0,0.0,0
авария,1496450,Наезд на пешехода,55.869839,37.662925,2025-03-08 08:44:00,Культурно - досуговый центр,17,55.868801,37.663785,127.3,0.0,1.0,0
авария,1508939,Наезд на пешехода,55.869354,37.66427,2025-04-21 00:10:00,Культурно - досуговый центр,17,55.868801,37.663785,68.5,1.0,0.0,0
авария,1513774,Наезд на пешехода,55.869668,37.663993,2025-05-06 07:50:00,Культурно - досуговый центр,17,55.868801,37.663785,97.3,1.0,0.0,0
авария,1516041,Наезд на пешехода,55.870471,37.658751,2025-05-13 08:15:00,Культурно - досуговый центр,17,55.868801,37.663785,364.9,1.0,0.0,0
авария,1554889,Наезд на пешехода,55.869924,37.662474,2025-08-14 17:38:00,Культурно - досуговый центр,17,55.868801,37.663785,149.3,0.0,1.0,0
авария,1569823,Опрокидывание,55.871371,37.660888,2025-09-17 19:58:00,Культурно - досуговый центр,17,55.868801,37.663785,338.1,1.0,0.0,0
авария,1577893,Падение пассажира,55.870002,37.663032,2025-10-07 07:50:00,Культурно - досуговый центр,17,55.868801,37.663785,141.6,1.0,0.0,0
авария,1586595,Наезд на пешехода,55.870123,37.660671,2025-10-29 17:30:00,Культурно - досуговый центр,17,55.868801,37.663785,243.6,1.0,0.0,1
точка интереса,128022,Бабушкинская (станция метро),55.86944,37.66444,,Культурно - досуговый центр,17,55.868801,37.663785,82.0,,,0
точка интереса,1379538,Раевское кладбище,55.872375,37.660125,,Культурно - досуговый центр,17,55.868801,37.663785,458.3,,,0
авария,1456239,Падение пассажира,55.810175,37.703458,2024-10-31 12:20:00,Ланинский переулок,7,55.810894,37.701989,121.7,1.0,0.0,1
точка интереса,5063469,111-108,55.811735,37.706697,,Ланинский переулок,7,55.810894,37.701989,308.7,,,0
авария,1435822,Падение пассажира,55.685615,37.554201,2024-09-12 16:51:00,Ленинский проспект,26,55.685459,37.554349,19.7,1.0,0.0,1
авария,1460913,Наезд на стоящее ТС,55.684275,37.558233,2024-11-13 03:15:00,Ленинский проспект,26,55.685459,37.554349,276.8,2.0,0.0,0
авария,1555181,Падение пассажира,55.68543,37.554005,2025-08-15 11:45:00,Ленинский проспект,26,55.685459,37.554349,21.8,1.0,0.0,1
авария,1382229,Столкновение,55.814057,37.695508,2024-05-06 15:30:00,Лесная улица,7,55.813373,37.696436,95.7,1.0,0.0,0
точка интереса,7336428,Нижний Богородский ручей,55.8123,37.6945,,Лесная улица,7,55.813373,37.696436,169.9,,,0
точка интереса,4873240,Университет Российского инновационного образования,55.812752,37.6956,,Лесная улица,7,55.813373,37.696436,86.6,,,0
авария,1416479,Наезд на пешехода,55.778063,37.585119,2024-07-29 18:08:00,Леснорядская улица,7,55.777737,37.587405,147.5,1.0,0.0,0
авария,1469014,Наезд на пешехода,55.779276,37.586632,2024-12-05 08:45:00,Леснорядская улица,7,55.777737,37.587405,177.9,1.0,0.0,0
авария,1529685,Наезд на пешехода,55.778185,37.587951,2025-06-16 15:30:00,Леснорядская улица,7,55.777737,37.587405,60.4,1.0,0.0,0
авария,1565916,Наезд на пешехода,55.777991,37.585055,2025-09-08 20:25:00,Леснорядская улица,7,55.777737,37.587405,149.7,1.0,0.0,0
авария,1592543,Наезд на пешехода,55.777237,37.586975,2025-11-14 22:03:00,Леснорядская улица,7,55.777737,37.587405,61.7,1.0,0.0,0
авария,1603168,Наезд на пешехода,55.778691,37.587007,2025-12-15 11:45:00,Леснорядская улица,7,55.777737,37.587405,109.0,1.0,0.0,0
точка интереса,2300149,Агат (институт),55.779809,37.586363,,Леснорядская улица,7,55.777737,37.587405,239.5,,,0
точка интереса,2749352,Александро-Невский собор (Москва),55.77667,37.59222,,Леснорядская улица,7,55.777737,37.587405,323.6,,,0
точка интереса,5339076,Белая площадь,55.778333,37.586944,,Леснорядская улица,7,55.777737,37.587405,72.3,,,0
точка интереса,6179876,Белые сады,55.779167,37.588611,,Леснорядская улица,7,55.777737,37.587405,176.0,,,0
точка интереса,8823413,Депо Лесная,55.78,37.59083,,Леснорядская улица,7,55.777737,37.587405,330.5,,,0
точка интереса,820759,Дом культуры имени Зуева,55.77917,37.59,,Леснорядская улица,7,55.777737,37.587405,227.4,,,0
точка интереса,533502,Квартет И,55.779,37.5902,,Леснорядская улица,7,55.777737,37.587405,224.2,,,0
точка интереса,7533132,Лига ставок,55.7773,37.5861,,Леснорядская улица,7,55.777737,37.587405,95.0,,,0
точка интереса,648590,Миусская площадь,55.77722,37.59278,,Леснорядская улица,7,55.777737,37.587405,341.0,,,0
точка интереса,7529087,Миусская электрическая трамвайная подстанция,55.778193,37.590723,,Леснорядская улица,7,55.777737,37.587405,213.6,,,0
точка интереса,7865355,Московское подворье Валаамского монастыря,55.775,37.58944,,Леснорядская улица,7,55.777737,37.587405,329.8,,,0
точка интереса,7463872,Памятник Александру Фадееву,55.77652,37.591836,,Леснорядская улица,7,55.777737,37.587405,308.3,,,0
точка интереса,3555792,Синодальная комиссия по канонизации святых,55.77495,37.5894,,Леснорядская улица,7,55.777737,37.587405,334.0,,,0
точка интереса,205107,Славнефть,55.7792,37.5869,,Леснорядская улица,7,55.777737,37.587405,165.7,,,0
точка интереса,184936,Храм Николы Чудотворца у Тверской заставы,55.77775,37.585597,,Леснорядская улица,7,55.777737,37.587405,113.1,,,0
точка интереса,150267,Черкизово (компания),55.7782,37.5868,,Леснорядская улица,7,55.777737,37.587405,63.9,,,0
точка интереса,2890656,Завод счётно-аналитических машин имени В. Д. Калмыкова,55.77667,37.67472,,Лефортовская набережная,50,55.776166,37.676451,121.9,,,0
точка интереса,370490,М.Видео,55.774,37.672,,Лефортовская набережная,50,55.776166,37.676451,368.1,,,0
точка интереса,6436020,Митрополичий дом в Бауманском переулке,55.776438,37.675392,,Лефортовская набережная,50,55.776166,37.676451,72.8,,,0
точка интереса,3478262,Москва-Товарная-Рязанская,55.78025,37.681,,Лефортовская набережная,50,55.776166,37.676451,535.9,,,0
авария,1464646,Наезд на пешехода,55.771286,37.679019,2024-11-22 18:05:00,Лефортовский мост,50,55.770192,37.679202,122.2,1.0,0.0,0
авария,1502481,Столкновение,55.772814,37.677194,2025-03-30 18:55:00,Лефортовский мост,50,55.770192,37.679202,317.5,1.0,0.0,0
авария,1547257,Наезд на пешехода,55.77175,37.678756,2025-07-27 20:50:00,Лефортовский мост,50,55.770192,37.679202,175.5,1.0,0.0,0
авария,1556101,Наезд на пешехода,55.77284,37.677378,2025-08-17 11:25:00,Лефортовский мост,50,55.770192,37.679202,315.8,1.0,0.0,0
точка интереса,4758239,Ассоциация центральных депозитариев Евразии,55.772,37.675,,Лефортовский мост,50,55.770192,37.679202,330.9,,,0
точка интереса,128160,Бауманская (станция метро),55.772361,37.679028,,Лефортовский мост,50,55.770192,37.679202,241.5,,,0
точка интереса,10217153,Городская усадьба Матвеевых,55.77036,37.685027,,Лефортовский мост,50,55.770192,37.679202,364.8,,,0
точка интереса,8078387,Дом П. П. Кувшинникова,55.772379,37.673047,,Лефортовский мост,50,55.770192,37.679202,455.3,,,0
точка интереса,8077773,Дом Сарептского евангелического общества,55.772209,37.672817,,Лефортовский мост,50,55.770192,37.679202,458.0,,,0
точка интереса,3595404,Московский детский театр эстрады,55.7726,37.6784,,Лефортовский мост,50,55.770192,37.679202,272.4,,,0
точка интереса,3747955,Национальный расчётный депозитарий,55.7722,37.675,,Лефортовский мост,50,55.770192,37.679202,344.9,,,0
точка интереса,8079136,Усадьба Карабанова,55.771673,37.678492,,Лефортовский мост,50,55.770192,37.679202,170.6,,,0
точка интереса,9882764,Школа № 353 имени А. С. Пушкина,55.770811,37.677652,,Лефортовский мост,50,55.770192,37.679202,118.9,,,0
авария,1350776,Наезд на пешехода,55.7864,37.7172,2024-01-13 10:31:00,Лингвистический университет,11,55.787612,37.717011,135.2,1.0,0.0,0
авария,1369907,Столкновение,55.78537,37.715893,2024-03-27 18:20:00,Лингвистический университет,11,55.787612,37.717011,258.9,1.0,0.0,0
авария,1393097,Опрокидывание,55.794822,37.682644,2024-06-04 19:50:00,Лингвистический университет,25,55.794233,37.682371,67.6,1.0,0.0,0
авария,1455379,Наезд на велосипедиста,55.78838,37.716805,2024-10-29 11:30:00,Лингвистический университет,11,55.787612,37.717011,86.4,1.0,0.0,0
точка интереса,5620393,Егерский пруд,55.7964,37.6867,,Лингвистический университет,25,55.794233,37.682371,362.3,,,0
точка интереса,1557515,МЭС Центра,55.78611,37.71889,,Лингвистический университет,11,55.787612,37.717011,204.2,,,0
точка интереса,3781826,Сокольники (музейно-просветительский центр),55.799167,37.674444,,Лингвистический университет,25,55.794233,37.682371,739.2,,,0
точка интереса,1693990,Школа № 1530 «Школа Ломоносова»,55.793333,37.684444,,Лингвистический университет,25,55.794233,37.682371,163.7,,,0
авария,1413003,Наезд на пешехода,55.773031,37.678288,2024-07-21 15:21:00,МИИТ,50,55.775821,37.677071,319.5,1.0,0.0,0
точка интереса,3974084,Hobby World,55.7767,37.6781,,МИИТ,50,55.775821,37.677071,117.0,,,0
точка интереса,2619315,Атомэнергопроект (Москва),55.77444,37.6814,,МИИТ,50,55.775821,37.677071,311.3,,,0
точка интереса,1555088,"Бауманская, 13",55.776112,37.677133,,МИИТ,50,55.775821,37.677071,32.5,,,0
точка интереса,612541,Богоявленский собор в Елохове,55.77278,37.67472,,МИИТ,50,55.775821,37.677071,368.8,,,0
точка интереса,919043,Голос (мониторинг выборов),55.772639,37.67222,,МИИТ,50,55.775821,37.677071,466.1,,,0
точка интереса,8078136,Дом Ю. Н. Трубецкого — А. Г. Головкина,55.772657,37.673562,,МИИТ,50,55.775821,37.677071,414.7,,,0
точка интереса,8025510,ИКС Холдинг,55.7764,37.678,,МИИТ,50,55.775821,37.677071,86.7,,,0
точка интереса,10760404,Колокольня старообрядческого храма Святой Екатерины,55.77552,37.67743,,МИИТ,50,55.775821,37.677071,40.3,,,0
точка интереса,4195585,Модерн (театр),55.7767,37.6825,,МИИТ,50,55.775821,37.677071,353.3,,,0
точка интереса,377817,Новая перевозочная компания,55.774,37.6746,,МИИТ,50,55.775821,37.677071,254.8,,,0
точка интереса,6896088,Сеть (движение),55.7767,37.6782,,МИИТ,50,55.775821,37.677071,120.5,,,0
точка интереса,2260493,Спартаковская площадь,55.776694,37.681333,,МИИТ,50,55.775821,37.677071,283.6,,,0
авария,1410627,Опрокидывание,55.862669,37.661122,2024-07-16 00:08:00,МФЦ Южное Медведково,17,55.860717,37.660009,227.9,1.0,0.0,0
авария,1450501,Наезд на пешехода,55.864196,37.659905,2024-10-16 16:20:00,МФЦ Южное Медведково,17,55.860717,37.660009,386.9,1.0,0.0,0
авария,1525192,Столкновение,55.862746,37.660955,2025-06-05 18:55:00,МФЦ Южное Медведково,17,55.860717,37.660009,233.3,1.0,0.0,0
авария,1548191,Наезд на стоящее ТС,55.863407,37.659174,2025-07-29 23:40:00,МФЦ Южное Медведково,17,55.860717,37.660009,303.7,4.0,0.0,0
авария,1563795,Наезд на велосипедиста,55.863327,37.660725,2025-09-03 20:55:00,МФЦ Южное Медведково,17,55.860717,37.660009,293.7,1.0,0.0,0
авария,1363415,Наезд на пешехода,55.780411,37.599893,2024-02-29 20:05:00,МЦД Митьково,7,55.783006,37.595306,406.9,1.0,0.0,0
авария,1507745,Наезд на велосипедиста,55.780538,37.599921,2025-04-17 23:10:00,МЦД Митьково,7,55.783006,37.595306,398.2,1.0,0.0,0
авария,1534451,Столкновение,55.780459,37.599906,2025-06-28 21:34:00,МЦД Митьково,7,55.783006,37.595306,403.7,1.0,0.0,0
авария,1541951,Наезд на пешехода,55.784202,37.596777,2025-07-15 21:35:00,МЦД Митьково,7,55.783006,37.595306,161.7,1.0,0.0,0
авария,1571353,Наезд на пешехода,55.780392,37.594175,2025-09-21 14:15:00,МЦД Митьково,7,55.783006,37.595306,299.2,1.0,0.0,0
авария,1571802,Столкновение,55.780738,37.593398,2025-09-22 13:20:00,МЦД Митьково,7,55.783006,37.595306,279.0,1.0,0.0,0
авария,1595263,Наезд на пешехода,55.782546,37.594593,2025-11-22 05:30:00,МЦД Митьково,7,55.783006,37.595306,67.9,1.0,0.0,0
авария,1600672,Наезд на пешехода,55.780688,37.591406,2025-12-08 10:20:00,МЦД Митьково,7,55.783006,37.595306,354.9,1.0,0.0,0
точка интереса,260484,Бутырская тюрьма,55.78444,37.59389,,МЦД Митьково,7,55.783006,37.595306,182.4,,,0
точка интереса,1625168,"Буфф (театр, Москва)",55.782027,37.593498,,МЦД Митьково,7,55.783006,37.595306,157.0,,,0
точка интереса,185931,Менделеевская (станция метро),55.782058,37.598794,,МЦД Митьково,7,55.783006,37.595306,242.2,,,0
точка интереса,7022075,Московский тормозной завод,55.78167,37.59389,,МЦД Митьково,7,55.783006,37.595306,173.0,,,0
точка интереса,2451355,Подпольная типография 1905—1906 гг.,55.78167,37.59306,,МЦД Митьково,7,55.783006,37.595306,204.5,,,0
точка интереса,361434,Федеральный фонд обязательного медицинского страхования,55.7824,37.5968,,МЦД Митьково,7,55.783006,37.595306,115.2,,,0
точка интереса,8403084,Центр имени Всеволода Мейерхольда,55.7812,37.5988,,МЦД Митьково,7,55.783006,37.595306,296.7,,,0
авария,1410312,Столкновение,55.751609,37.712632,2024-07-15 12:35:00,МЦД Москва,12,55.750672,37.712057,110.3,1.0,0.0,0
авария,1464293,Наезд на пешехода,55.751566,37.712352,2024-11-21 19:46:00,МЦД Москва,12,55.750672,37.712057,101.1,1.0,0.0,0
авария,1466003,Столкновение,55.75075,37.713253,2024-11-26 15:30:00,МЦД Москва,12,55.750672,37.712057,75.4,1.0,0.0,0
авария,1495107,Наезд на пешехода,55.751445,37.712771,2025-03-03 18:45:00,МЦД Москва,12,55.750672,37.712057,96.9,1.0,0.0,0
авария,1498598,Столкновение,55.750654,37.71291,2025-03-16 07:28:00,МЦД Москва,12,55.750672,37.712057,53.4,1.0,0.0,0
авария,1534160,Столкновение,55.751064,37.714026,2025-06-28 07:22:00,МЦД Москва,12,55.750672,37.712057,130.7,1.0,0.0,0
авария,1537280,Столкновение,55.750726,37.711601,2025-07-05 15:25:00,МЦД Москва,12,55.750672,37.712057,29.2,1.0,0.0,0
авария,1580705,Столкновение,55.750726,37.713339,2025-10-14 09:30:00,МЦД Москва,12,55.750672,37.712057,80.5,1.0,0.0,0
точка интереса,4051938,Москабельмет (группа компаний),55.748,37.713,,МЦД Москва,12,55.750672,37.712057,302.9,,,0
авария,1517241,Наезд на пешехода,55.788308,37.600601,2025-05-16 18:36:00,МЦД Площадь трёх вокзалов,7;50,55.787276,37.602327,157.5,1.0,0.0,0
точка интереса,3882394,Храм Тихвинской иконы Божией Матери в Сущёве,55.788028,37.599758,,МЦД Площадь трёх вокзалов,7;50,55.787276,37.602327,181.1,,,0
точка интереса,5267451,Школа № 1501,55.787614,37.595567,,МЦД Площадь трёх вокзалов,7;50,55.787276,37.602327,424.3,,,0
авария,1388336,Падение пассажира,55.792421,37.819222,2024-05-24 09:10:00,МЦК Дубровка,12,55.793611,37.821883,212.6,1.0,0.0,0
авария,1464236,Наезд на пешехода,55.792856,37.819061,2024-11-21 18:10:00,МЦК Дубровка,12,55.793611,37.821883,195.4,2.0,0.0,0
авария,1532958,Столкновение,55.79253,37.819265,2025-06-25 07:55:00,МЦК Дубровка,12,55.793611,37.821883,203.1,1.0,0.0,0
авария,1593119,Наезд на пешехода,55.793604,37.821701,2025-11-16 13:22:00,МЦК Дубровка,12,55.793611,37.821883,11.4,1.0,0.0,1
точка интереса,140554,Восточное Измайлово,55.79639,37.81778,,МЦК Дубровка,12,55.793611,37.821883,401.6,,,0
точка интереса,4737800,Национальный лифтовый союз,55.7928,37.8206,,МЦК Дубровка,12,55.793611,37.821883,120.7,,,0
точка интереса,8884484,Площадь Мазурина,55.788996,37.819047,,МЦК Дубровка,12,55.793611,37.821883,542.9,,,0
авария,1365768,Столкновение,55.82992,37.650962,2024-03-10 14:20:00,МЦК Ростокино,17,55.83206,37.652222,250.7,1.0,0.0,0
авария,1410254,Столкновение,55.829975,37.650565,2024-07-15 09:51:00,МЦК Ростокино,17,55.83206,37.652222,253.9,1.0,0.0,0
авария,1417710,Наезд на пешехода,55.831831,37.652078,2024-08-01 21:47:00,МЦК Ростокино,17,55.83206,37.652222,27.0,1.0,0.0,1
авария,1502835,Столкновение,55.831078,37.651681,2025-03-31 21:30:00,МЦК Ростокино,17,55.83206,37.652222,114.3,1.0,0.0,0
авария,1522714,Опрокидывание,55.831085,37.651864,2025-05-30 14:11:00,МЦК Ростокино,17,55.83206,37.652222,110.7,1.0,0.0,0
авария,1558517,Столкновение,55.829011,37.649288,2025-08-22 19:35:00,МЦК Ростокино,17,55.83206,37.652222,385.4,1.0,0.0,0
точка интереса,5912192,Горячка (река),55.8292,37.6536,,МЦК Ростокино,17,55.83206,37.652222,329.5,,,0
точка интереса,457282,Московский городской педагогический университет,55.833639,37.64361,,МЦК Ростокино,17,55.83206,37.652222,565.7,,,0
точка интереса,179598,Музей пассажирского транспорта Москвы,55.833,37.646,,МЦК Ростокино,17,55.83206,37.652222,402.4,,,0
точка интереса,1997687,Мытищинский водопровод,55.828889,37.655556,,МЦК Ростокино,17,55.83206,37.652222,409.5,,,0
точка интереса,6857180,Общежитие рабочих ватной фабрики в Ростокине,55.829,37.65,,МЦК Ростокино,17,55.83206,37.652222,367.5,,,0
точка интереса,3544232,Ростокино (электродепо монорельса),55.83222,37.64667,,МЦК Ростокино,17,55.83206,37.652222,347.2,,,0
точка интереса,374398,Ростокинский акведук,55.82889,37.65556,,МЦК Ростокино,17,55.83206,37.652222,409.5,,,0
точка интереса,1325905,Трамвайное депо имени Баумана,55.8325,37.64583,,МЦК Ростокино,17,55.83206,37.652222,402.2,,,0
авария,1367184,Столкновение,55.757476,37.694435,2024-03-16 13:15:00,МЭИ,50,55.757518,37.698817,274.2,1.0,0.0,0
авария,1423023,Наезд на стоящее ТС,55.758026,37.696924,2024-08-14 17:40:00,МЭИ,50,55.757518,37.698817,131.2,1.0,0.0,0
авария,1429012,Столкновение,55.758569,37.695723,2024-08-28 09:01:00,МЭИ,50,55.757518,37.698817,226.1,1.0,0.0,1
авария,1513300,Падение пассажира,55.758503,37.695926,2025-05-04 16:47:00,МЭИ,50,55.757518,37.698817,211.4,1.0,0.0,1
авария,1543943,Столкновение,55.757712,37.698255,2025-07-20 10:20:00,МЭИ,50,55.757518,37.698817,41.2,1.0,0.0,0
точка интереса,1393558,Лефортовский Вал,55.759389,37.7015,,МЭИ,50,55.757518,37.698817,267.3,,,0
точка интереса,6319009,Мосигра,55.7546,37.6949,,МЭИ,50,55.757518,37.698817,406.7,,,0
точка интереса,5231333,Московский государственный вечерний металлургический институт,55.7557,37.6969,,МЭИ,50,55.757518,37.698817,235.1,,,0
точка интереса,2309769,Московский политехнический колледж,55.757044,37.697353,,МЭИ,50,55.757518,37.698817,105.7,,,0
точка интереса,8277916,Памятник лётчикам французского авиаполка «Нормандия-Неман»,55.7592,37.6955,,МЭИ,50,55.757518,37.698817,279.4,,,0
точка интереса,3577747,Проломная Застава,55.75611,37.691972,,МЭИ,50,55.757518,37.698817,456.0,,,0
точка интереса,7666538,Сквер Гужона,55.7555,37.6912,,МЭИ,50,55.757518,37.698817,526.8,,,0
авария,1352551,Наезд на пешехода,55.8218,37.6622,2024-01-18 22:25:00,Майский просек,25,55.821419,37.663361,84.0,1.0,0.0,0
авария,1372731,Столкновение,55.820935,37.661691,2024-04-07 10:25:00,Майский просек,25,55.821419,37.663361,117.4,1.0,0.0,0
авария,1397242,Наезд на пешехода,55.821839,37.662163,2024-06-15 11:10:00,Майский просек,25,55.821419,37.663361,88.2,1.0,0.0,0
авария,1415264,Наезд на велосипедиста,55.820935,37.664545,2024-07-26 20:40:00,Майский просек,25,55.821419,37.663361,91.5,1.0,0.0,0
авария,1464159,Наезд на пешехода,55.821179,37.662462,2024-11-21 16:32:00,Майский просек,25,55.821419,37.663361,62.2,1.0,0.0,0
авария,1501158,Наезд на пешехода,55.821833,37.662184,2025-03-25 22:36:00,Майский просек,25,55.821419,37.663361,86.7,1.0,0.0,0
авария,1508518,Столкновение,55.819944,37.663246,2025-04-19 22:50:00,Майский просек,25,55.821419,37.663361,164.2,3.0,0.0,0
авария,1542107,Столкновение,55.82126,37.662324,2025-07-16 10:55:00,Майский просек,25,55.821419,37.663361,67.1,1.0,0.0,0
авария,1547620,Наезд на пешехода,55.821339,37.660371,2025-07-28 18:40:00,Майский просек,25,55.821419,37.663361,187.0,1.0,0.0,0
авария,1570435,Наезд на пешехода,55.820993,37.66369,2025-09-19 12:35:00,Майский просек,25,55.821419,37.663361,51.6,1.0,0.0,0
точка интереса,3471490,Будайка (приток Яузы),55.8259,37.6669,,Майский просек,25,55.821419,37.663361,545.1,,,0
точка интереса,801594,Площадь Академика Люльки,55.82139,37.66167,,Майский просек,25,55.821419,37.663361,105.7,,,0
авария,1524486,Столкновение,55.775843,37.723145,2025-06-03 21:40:00,Малая Андроньевская улица,12,55.774505,37.724219,163.2,1.0,0.0,0
авария,1433345,Наезд на пешехода,55.777876,37.632412,2024-09-06 22:05:00,Малая Остроумовская улица,7,55.779233,37.630845,180.0,1.0,0.0,0
авария,1440059,Столкновение,55.778984,37.632712,2024-09-21 18:40:00,Малая Остроумовская улица,7,55.779233,37.630845,120.0,2.0,0.0,0
авария,1452601,Наезд на пешехода,55.778335,37.629794,2024-10-22 11:05:00,Малая Остроумовская улица,7,55.779233,37.630845,119.6,1.0,0.0,0
авария,1600941,Наезд на пешехода,55.777671,37.632444,2025-12-09 07:46:00,Малая Остроумовская улица,7,55.779233,37.630845,200.5,1.0,0.0,0
точка интереса,7921696,1520 (группа компаний),55.7772,37.6331,,Малая Остроумовская улица,7,55.779233,37.630845,266.5,,,0
точка интереса,8063216,Дом Долговых,55.776099,37.63276,,Малая Остроумовская улица,7,55.779233,37.630845,368.5,,,0
точка интереса,5712160,Дом Л. И. Долгова,55.77556,37.63278,,Малая Остроумовская улица,7,55.779233,37.630845,426.0,,,0
точка интереса,7719593,Доходный дом Чулкова,55.778361,37.63225,,Малая Остроумовская улица,7,55.779233,37.630845,130.9,,,0
точка интереса,8064254,Мещанская полицейская часть (Москва),55.778531,37.629772,,Малая Остроумовская улица,7,55.779233,37.630845,103.0,,,0
точка интереса,7491146,Музей Серебряного века,55.778378,37.633172,,Малая Остроумовская улица,7,55.779233,37.630845,173.9,,,0
точка интереса,7727641,Особняк Свечиной — Циммерман — Моргунова,55.779222,37.632083,,Малая Остроумовская улица,7,55.779233,37.630845,77.4,,,0
точка интереса,3607832,Посольство Шри-Ланки в России,55.777861,37.629306,,Малая Остроумовская улица,7,55.779233,37.630845,180.4,,,0
точка интереса,9038785,Промомед,55.7765,37.6319,,Малая Остроумовская улица,7,55.779233,37.630845,311.0,,,0
точка интереса,5859149,Церковь Адриана и Наталии в Мещанской слободе,55.776111,37.631892,,Малая Остроумовская улица,7,55.779233,37.630845,353.3,,,0
точка интереса,4131143,Церковь Собора Дивеевских Святых,55.776798,37.632809,,Малая Остроумовская улица,7,55.779233,37.630845,297.4,,,0
авария,1408166,Наезд на пешехода,55.739192,37.671636,2024-07-10 16:40:00,Метро «Авиамоторная»,12,55.736318,37.671393,319.9,1.0,0.0,0
авария,1411435,Наезд на пешехода,55.739247,37.671949,2024-07-17 22:00:00,Метро «Авиамоторная»,12,55.736318,37.671393,327.5,1.0,0.0,0
авария,1421750,Столкновение,55.755116,37.706183,2024-08-11 15:59:00,Метро «Авиамоторная»,50,55.754285,37.708577,176.0,1.0,0.0,1
авария,1495716,Наезд на пешехода,55.754437,37.708302,2025-03-05 20:25:00,Метро «Авиамоторная»,50,55.754285,37.708577,24.1,1.0,0.0,0
авария,1540190,Наезд на велосипедиста,55.754509,37.707658,2025-07-12 00:06:00,Метро «Авиамоторная»,50,55.754285,37.708577,62.7,1.0,0.0,0
авария,1547353,Опрокидывание,55.754705,37.707556,2025-07-28 04:40:00,Метро «Авиамоторная»,50,55.754285,37.708577,79.1,1.0,0.0,0
авария,1551800,Наезд на пешехода,55.737994,37.672611,2025-08-07 11:35:00,Метро «Авиамоторная»,12,55.736318,37.671393,201.3,1.0,0.0,0
точка интереса,5602784,Европейский пенсионный фонд,55.7527,37.7025,,Метро «Авиамоторная»,50,55.754285,37.708577,419.1,,,0
точка интереса,147048,Институт электроэнергетики МЭИ,55.755,37.709,,Метро «Авиамоторная»,50,55.754285,37.708577,83.8,,,0
точка интереса,72588,Московский энергетический институт,55.75472,37.70806,,Метро «Авиамоторная»,50,55.754285,37.708577,58.2,,,0
точка интереса,2347002,Особое конструкторское бюро МЭИ,55.7538,37.7082,,Метро «Авиамоторная»,50,55.754285,37.708577,58.9,,,0
точка интереса,786587,Площадь Абельмановская Застава,55.73917,37.67333,,Метро «Авиамоторная»,12,55.736318,37.671393,339.5,,,0
точка интереса,707933,Покровский монастырь (Москва),55.738333,37.670833,,Метро «Авиамоторная»,12,55.736318,37.671393,226.8,,,0
точка интереса,6675171,Православное миссионерское общество,55.7387,37.6709,,Метро «Авиамоторная»,12,55.736318,37.671393,266.6,,,0
точка интереса,4260134,Российская Национальная конференция по теплообмену,55.7559,37.7085,,Метро «Авиамоторная»,50,55.754285,37.708577,179.6,,,0
точка интереса,3348986,Таганский парк (Москва),55.7375,37.6672,,Метро «Авиамоторная»,12,55.736318,37.671393,293.6,,,0
авария,1405471,Наезд на пешехода,55.83509,37.657185,2024-07-04 14:19:00,Метро «Бабушкинская»,17,55.832476,37.652564,409.6,1.0,0.0,0
авария,1406320,Падение пассажира,55.832891,37.653022,2024-07-06 11:35:00,Метро «Бабушкинская»,17,55.832476,37.652564,54.3,1.0,0.0,1
авария,1414779,Столкновение,55.833253,37.654427,2024-07-25 18:58:00,Метро «Бабушкинская»,17,55.832476,37.652564,144.9,0.0,1.0,0
авария,1501096,Наезд на пешехода,55.832608,37.6524,2025-03-25 18:50:00,Метро «Бабушкинская»,17,55.832476,37.652564,17.9,1.0,0.0,0
авария,1506834,Столкновение,55.834753,37.656004,2025-04-15 11:40:00,Метро «Бабушкинская»,17,55.832476,37.652564,332.0,1.0,0.0,0
авария,1511046,Наезд на велосипедиста,55.833156,37.6527,2025-04-27 16:45:00,Метро «Бабушкинская»,17,55.832476,37.652564,76.1,1.0,0.0,0
авария,1546391,Столкновение,55.835289,37.655618,2025-07-25 22:30:00,Метро «Бабушкинская»,17,55.832476,37.652564,366.3,2.0,0.0,0
авария,1557627,Наезд на пешехода,55.832584,37.652464,2025-08-20 19:50:00,Метро «Бабушкинская»,17,55.832476,37.652564,13.5,1.0,0.0,0
авария,1572574,Столкновение,55.833415,37.653548,2025-09-24 08:15:00,Метро «Бабушкинская»,17,55.832476,37.652564,121.1,1.0,0.0,1
авария,1577674,Наезд на препятствие,55.833683,37.654133,2025-10-06 15:43:00,Метро «Бабушкинская»,17,55.832476,37.652564,166.2,1.0,0.0,0
точка интереса,5903839,Ростокинский дворник,55.831978,37.658821,,Метро «Бабушкинская»,17,55.832476,37.652564,394.6,,,0
авария,1365993,Наезд на пешехода,55.780851,37.64181,2024-03-11 14:00:00,Метро «Бауманская»,50,55.779694,37.642472,135.2,1.0,0.0,0
авария,1420513,Наезд на пешехода,55.779699,37.642767,2024-08-08 17:20:00,Метро «Бауманская»,50,55.779694,37.642472,18.4,1.0,0.0,0
точка интереса,2571996,Анарион (сеть салонов сотовой связи),55.8156,37.7246,,Метро «Белорусская»,7,55.817677,37.723774,236.7,,,0
авария,1471574,Столкновение,55.815998,37.733381,2024-12-12 15:10:00,Метро «Бульвар Рокоссовского»,7,55.815137,37.732689,105.1,1.0,0.0,0
авария,1541589,Наезд на пешехода,55.814557,37.733188,2025-07-15 08:28:00,Метро «Бульвар Рокоссовского»,7,55.815137,37.732689,71.6,1.0,0.0,0
авария,1371589,Наезд на пешехода,55.866757,37.66271,2024-04-03 09:45:00,Метро «ВДНХ»,17,55.868344,37.663624,185.4,1.0,0.0,0
авария,1398474,Столкновение,55.823581,37.656573,2024-06-18 08:50:00,Метро «ВДНХ»,11;25,55.823841,37.655528,71.4,1.0,0.0,0
авария,1411350,Падение пассажира,55.866769,37.662764,2024-07-17 18:00:00,Метро «ВДНХ»,17,55.868344,37.663624,183.1,1.0,0.0,1
авария,1417684,Опрокидывание,55.864764,37.660983,2024-08-01 20:30:00,Метро «ВДНХ»,17,55.868344,37.663624,430.8,1.0,0.0,0
авария,1425634,Наезд на пешехода,55.866238,37.664592,2024-08-20 15:00:00,Метро «ВДНХ»,17,55.868344,37.663624,241.8,1.0,0.0,0
авария,1444972,Наезд на велосипедиста,55.823532,37.656925,2024-10-02 20:50:00,Метро «ВДНХ»,11;25,55.823841,37.655528,93.8,1.0,0.0,0
авария,1448096,Наезд на пешехода,55.866847,37.664984,2024-10-10 17:15:00,Метро «ВДНХ»,17,55.868344,37.663624,186.8,1.0,0.0,0
авария,1451787,Наезд на пешехода,55.867823,37.663214,2024-10-19 21:15:00,Метро «ВДНХ»,17,55.868344,37.663624,63.3,1.0,0.0,0
авария,1463355,Столкновение,55.866522,37.663096,2024-11-19 16:50:00,Метро «ВДНХ»,17,55.868344,37.663624,205.2,1.0,0.0,0
авария,1464069,Наезд на велосипедиста,55.823174,37.658746,2024-11-21 12:50:00,Метро «ВДНХ»,11;25,55.823841,37.655528,214.3,1.0,0.0,0
авария,1515880,Наезд на пешехода,55.823615,37.655768,2025-05-12 16:06:00,Метро «ВДНХ»,11;25,55.823841,37.655528,29.2,1.0,0.0,0
авария,1527250,Падение пассажира,55.823195,37.657453,2025-06-10 16:40:00,Метро «ВДНХ»,11;25,55.823841,37.655528,140.1,1.0,0.0,1
авария,1535971,Столкновение,55.86474,37.66198,2025-07-02 18:40:00,Метро «ВДНХ»,17,55.868344,37.663624,413.6,1.0,0.0,0
авария,1558661,Столкновение,55.866831,37.663257,2025-08-23 03:58:00,Метро «ВДНХ»,17,55.868344,37.663624,169.8,1.0,0.0,0
авария,1559918,Столкновение,55.867823,37.663,2025-08-25 23:40:00,Метро «ВДНХ»,17,55.868344,37.663624,69.8,1.0,0.0,0
авария,1561816,Наезд на пешехода,55.867365,37.664073,2025-08-30 07:20:00,Метро «ВДНХ»,17,55.868344,37.663624,112.4,1.0,0.0,0
авария,1589581,"Наезд на лицо, использующее для передвижения СИМ",55.86467,37.662139,2025-11-06 18:20:00,Метро «ВДНХ»,17,55.868344,37.663624,418.9,1.0,0.0,0
ремонт,way/179562219,yes,55.825146,37.656324,,Метро «ВДНХ»,11;25,55.823841,37.655528,153.5,,,0
точка интереса,5811623,Blackbird Sound,55.826861,37.658389,,Метро «ВДНХ»,11;25,55.823841,37.655528,380.4,,,0
точка интереса,141298,Бабушкинский район (Москва),55.86667,37.66667,,Метро «ВДНХ»,17,55.868344,37.663624,266.0,,,0
точка интереса,7500822,Студенец (приток Копытовки),55.8183,37.652,,Метро «ВДНХ»,11;25,55.823841,37.655528,654.3,,,0
точка интереса,3099087,Измайлово (аэродром),55.79917,37.81278,,Метро «Дубровка»,12,55.793442,37.813278,637.7,,,0
авария,1366535,Наезд на велосипедиста,55.609105,37.591106,2024-03-13 19:25:00,Метро «Каховская»,1,55.607127,37.590435,223.9,1.0,0.0,0
авария,1391510,Наезд на пешехода,55.608954,37.591063,2024-06-01 01:00:00,Метро «Каховская»,1,55.607127,37.590435,206.9,1.0,0.0,0
авария,1409456,Столкновение,55.606287,37.592512,2024-07-13 14:24:00,Метро «Каховская»,1,55.607127,37.590435,160.5,1.0,0.0,0
авария,1425431,Наезд на стоящее ТС,55.608478,37.590975,2024-08-20 01:00:00,Метро «Каховская»,1,55.607127,37.590435,154.0,1.0,0.0,0
авария,1446123,Наезд на пешехода,55.606511,37.590537,2024-10-05 16:49:00,Метро «Каховская»,1,55.607127,37.590435,68.8,1.0,0.0,0
авария,1490986,Наезд на пешехода,55.607887,37.591052,2025-02-15 15:45:00,Метро «Каховская»,1,55.607127,37.590435,92.9,1.0,0.0,0
авария,1500657,Столкновение,55.608627,37.590644,2025-03-24 02:28:00,Метро «Каховская»,1,55.607127,37.590435,167.3,1.0,0.0,0
авария,1565397,Наезд на пешехода,55.607487,37.590204,2025-09-07 16:09:00,Метро «Каховская»,1,55.607127,37.590435,42.5,1.0,0.0,0
авария,1614189,Наезд на пешехода,55.609105,37.591084,2026-01-23 07:35:00,Метро «Каховская»,1,55.607127,37.590435,223.6,1.0,0.0,0
точка интереса,3480421,Бирюлёво (усадьба),55.60667,37.58667,,Метро «Каховская»,1,55.607127,37.590435,241.9,,,0
точка интереса,2532750,"Красное (бывшее село, Москва)",55.60833,37.58611,,Метро «Каховская»,1,55.607127,37.590435,302.8,,,0
авария,1504966,Падение пассажира,55.781002,37.60177,2025-04-08 15:40:00,Метро «Комсомольская»,7;50,55.784236,37.600818,364.5,1.0,0.0,1
авария,1612116,Столкновение,55.784579,37.599474,2026-01-13 19:27:00,Метро «Комсомольская»,7;50,55.784236,37.600818,92.3,1.0,0.0,1
точка интереса,46102,Всероссийский НИИ автоматики имени Н. Л. Духова,55.7833,37.602,,Метро «Комсомольская»,7;50,55.784236,37.600818,127.6,,,0
точка интереса,209581,Новослободская (станция метро),55.779517,37.601167,,Метро «Комсомольская»,7;50,55.784236,37.600818,525.2,,,0
точка интереса,1134626,Радиомузей Валерия Громова,55.780497,37.601114,,Метро «Комсомольская»,7;50,55.784236,37.600818,416.1,,,0
авария,1349453,Наезд на пешехода,55.7757,37.584,2024-01-08 19:35:00,Метро «Красносельская»,7,55.775886,37.583959,20.8,1.0,0.0,0
авария,1367796,Столкновение,55.776307,37.585151,2024-03-19 06:23:00,Метро «Красносельская»,7,55.775886,37.583959,88.0,1.0,0.0,0
авария,1382526,Наезд на пешехода,55.775095,37.582802,2024-05-07 13:35:00,Метро «Красносельская»,7,55.775886,37.583959,113.9,1.0,0.0,0
авария,1388850,Наезд на пешехода,55.774835,37.583917,2024-05-25 11:45:00,Метро «Красносельская»,7,55.775886,37.583959,116.9,1.0,0.0,0
авария,1396442,Столкновение,55.776434,37.58514,2024-06-13 14:57:00,Метро «Красносельская»,7,55.775886,37.583959,95.8,1.0,0.0,0
авария,1399944,Наезд на пешехода,55.775209,37.583134,2024-06-21 18:05:00,Метро «Красносельская»,7,55.775886,37.583959,91.2,1.0,0.0,0
авария,1476549,Столкновение,55.776953,37.58219,2024-12-26 09:20:00,Метро «Красносельская»,7,55.775886,37.583959,162.3,1.0,0.0,0
авария,1488802,Столкновение,55.77568,37.584175,2025-02-07 05:15:00,Метро «Красносельская»,7,55.775886,37.583959,26.5,1.0,0.0,0
авария,1519627,Падение пассажира,55.776392,37.584937,2025-05-23 00:11:00,Метро «Красносельская»,7,55.775886,37.583959,83.1,1.0,0.0,0
авария,1534257,Столкновение,55.776567,37.584926,2025-06-28 13:30:00,Метро «Красносельская»,7,55.775886,37.583959,96.9,1.0,0.0,0
авария,1550698,Наезд на пешехода,55.775653,37.584073,2025-08-04 17:30:00,Метро «Красносельская»,7,55.775886,37.583959,26.8,1.0,0.0,0
авария,1570630,Опрокидывание,55.776989,37.584153,2025-09-19 18:32:00,Метро «Красносельская»,7,55.775886,37.583959,123.3,1.0,0.0,0
точка интереса,182256,"Белорусская (станция метро, Замоскворецкая линия)",55.77694,37.58389,,Метро «Красносельская»,7,55.775886,37.583959,117.3,,,0
точка интереса,213966,"Белорусская (станция метро, Кольцевая линия)",55.77694,37.58389,,Метро «Красносельская»,7,55.775886,37.583959,117.3,,,0
точка интереса,231936,Белорусский вокзал,55.77639,37.58028,,Метро «Красносельская»,7,55.775886,37.583959,236.8,,,0
точка интереса,243532,Братья Пате (московское представительство),55.779,37.581,,Метро «Красносельская»,7,55.775886,37.583959,392.7,,,0
точка интереса,8853568,В темноте?! (ресторан),55.7847,37.6142,,Метро «Красносельская»,50,55.783148,37.610563,285.5,,,0
точка интереса,5639987,"Всероссийский научно-исследовательский институт ветеринарной санитарии, гигиены и экологии",55.774788,37.588414,,Метро «Красносельская»,7,55.775886,37.583959,304.2,,,0
точка интереса,6756597,Дом Мануйлова (Москва),55.783472,37.608889,,Метро «Красносельская»,50,55.783148,37.610563,110.7,,,0
точка интереса,2882521,"Егоров, Пугинский, Афанасьев и партнёры",55.7745,37.5871,,Метро «Красносельская»,7,55.775886,37.583959,249.6,,,0
точка интереса,4700487,Лиликанский театр,55.7855,37.6136,,Метро «Красносельская»,50,55.783148,37.610563,323.2,,,0
точка интереса,4064871,Мариинская больница (Москва),55.78361,37.61194,,Метро «Красносельская»,50,55.783148,37.610563,100.3,,,0
точка интереса,4063935,Музей-квартира Ф. М. Достоевского (Москва),55.783369,37.610272,,Метро «Красносельская»,50,55.783148,37.610563,30.6,,,0
точка интереса,5142183,Прощание славянки (памятник),55.776615,37.58127,,Метро «Красносельская»,7,55.775886,37.583959,186.7,,,0
точка интереса,695370,Росмэн,55.7852,37.615,,Метро «Красносельская»,50,55.783148,37.610563,359.2,,,0
точка интереса,7790810,Российский книжный союз,55.7853,37.6151,,Метро «Красносельская»,50,55.783148,37.610563,371.1,,,0
точка интереса,985731,Тверская Застава,55.77694,37.58389,,Метро «Красносельская»,7,55.775886,37.583959,117.3,,,0
точка интереса,5616332,Тверской путепровод,55.777753,37.582508,,Метро «Красносельская»,7,55.775886,37.583959,226.6,,,0
точка интереса,2534911,Тень (театр),55.7855,37.6135,,Метро «Красносельская»,50,55.783148,37.610563,319.6,,,0
точка интереса,5722627,ЦНИИАГ,55.786,37.616,,Метро «Красносельская»,50,55.783148,37.610563,464.9,,,0
точка интереса,6065344,Четыре ветра,55.7746,37.5872,,Метро «Красносельская»,7,55.775886,37.583959,248.0,,,0
авария,1376564,Столкновение,55.751777,37.718049,2024-04-19 14:26:00,Метро «Менделеевская»,50,55.751732,37.717421,39.6,1.0,0.0,0
авария,1399932,Наезд на велосипедиста,55.751535,37.717309,2024-06-21 17:48:00,Метро «Менделеевская»,50,55.751732,37.717421,23.0,1.0,0.0,0
авария,1472987,Наезд на пешехода,55.750527,37.717888,2024-12-16 13:19:00,Метро «Менделеевская»,50,55.751732,37.717421,137.2,1.0,0.0,0
авария,1503157,Столкновение,55.751735,37.717899,2025-04-02 05:25:00,Метро «Менделеевская»,50,55.751732,37.717421,29.9,1.0,0.0,0
точка интереса,3575791,"Авиамоторная (станция метро, Большая кольцевая линия)",55.75306,37.71861,,Метро «Менделеевская»,50,55.751732,37.717421,165.3,,,0
точка интереса,382929,"Авиамоторная (станция метро, Калининская линия)",55.75194,37.71944,,Метро «Менделеевская»,50,55.751732,37.717421,128.4,,,0
точка интереса,7754485,Дангауэровский путепровод,55.751992,37.719505,,Метро «Менделеевская»,50,55.751732,37.717421,133.6,,,0
точка интереса,4799674,Московский машиностроительный завод «Вперёд»,55.7575,37.72167,,Метро «Новослободская»,50,55.753761,37.725252,472.4,,,0
авария,1430047,Наезд на пешехода,55.690486,37.538835,2024-08-30 13:40:00,Метро «Октябрьская»,26,55.692143,37.53687,221.6,1.0,0.0,0
авария,1450790,Столкновение,55.690994,37.539715,2024-10-17 13:15:00,Метро «Октябрьская»,26,55.692143,37.53687,219.3,1.0,0.0,1
авария,1468846,Наезд на пешехода,55.692119,37.538824,2024-12-04 18:15:00,Метро «Октябрьская»,26,55.692143,37.53687,122.5,1.0,0.0,0
авария,1469750,Наезд на пешехода,55.691949,37.538567,2024-12-07 11:51:00,Метро «Октябрьская»,26,55.692143,37.53687,108.5,1.0,0.0,0
авария,1484227,Столкновение,55.691526,37.539006,2025-01-21 09:30:00,Метро «Октябрьская»,26,55.692143,37.53687,150.4,1.0,0.0,0
авария,1536938,Падение пассажира,55.691967,37.538266,2025-07-04 19:38:00,Метро «Октябрьская»,26,55.692143,37.53687,89.6,2.0,0.0,0
авария,1580006,"Наезд на лицо, использующее для передвижения СИМ",55.690915,37.539618,2025-10-12 13:00:00,Метро «Октябрьская»,26,55.692143,37.53687,219.8,1.0,0.0,0
точка интереса,7526079,Памятник Джавахарлалу Неру,55.692969,37.538578,,Метро «Октябрьская»,26,55.692143,37.53687,141.1,,,0
авария,1353702,Падение пассажира,55.767189,37.730795,2024-01-23 12:17:00,Метро «Партизанская»,12,55.766782,37.731143,50.2,1.0,0.0,1
авария,1361699,Наезд на пешехода,55.765052,37.732533,2024-02-22 12:40:00,Метро «Партизанская»,12,55.766782,37.731143,211.1,0.0,1.0,0
авария,1432275,Наезд на пешехода,55.783397,37.718199,2024-09-04 14:10:00,Метро «Партизанская»,11,55.782239,37.71961,156.1,1.0,0.0,0
авария,1439009,Наезд на пешехода,55.783077,37.719122,2024-09-19 15:57:00,Метро «Партизанская»,11,55.782239,37.71961,98.1,1.0,0.0,0
авария,1439514,Наезд на пешехода,55.782227,37.718489,2024-09-20 17:49:00,Метро «Партизанская»,11,55.782239,37.71961,70.1,1.0,0.0,0
авария,1492190,Наезд на пешехода,55.782341,37.721139,2025-02-19 21:24:00,Метро «Партизанская»,11,55.782239,37.71961,96.3,1.0,0.0,0
авария,1575133,Наезд на пешехода,55.782329,37.720925,2025-09-30 08:07:00,Метро «Партизанская»,11,55.782239,37.71961,82.8,1.0,0.0,0
авария,1592708,Падение пассажира,55.765704,37.732136,2025-11-15 12:46:00,Метро «Партизанская»,12,55.766782,37.731143,135.0,1.0,0.0,1
авария,1607663,Падение пассажира,55.782383,37.7213,2025-12-27 17:00:00,Метро «Партизанская»,11,55.782239,37.71961,106.9,1.0,0.0,0
точка интереса,1349162,Вест Колл,55.782781,37.717739,,Метро «Партизанская»,11,55.782239,37.71961,131.6,,,0
точка интереса,5503663,Всероссийский межнациональный союз молодёжи,55.7835,37.7199,,Метро «Партизанская»,11,55.782239,37.71961,141.4,,,0
точка интереса,1794304,Измайловский Вал,55.78389,37.71806,,Метро «Партизанская»,11,55.782239,37.71961,207.6,,,0
точка интереса,6245523,Комитет солдатских матерей России,55.783,37.716,,Метро «Партизанская»,11,55.782239,37.71961,241.1,,,0
точка интереса,1790783,Семёновская площадь (Москва),55.78222,37.72,,Метро «Партизанская»,11,55.782239,37.71961,24.5,,,0
авария,1350311,Наезд на пешехода,55.790751,37.772681,2024-01-11 18:09:00,Метро «Первомайская»,12,55.790487,37.771963,53.7,1.0,0.0,0
авария,1420304,Столкновение,55.820709,37.665539,2024-08-08 08:20:00,Метро «Первомайская»,11,55.820612,37.666134,38.7,1.0,0.0,0
авария,1464310,Столкновение,55.820929,37.665178,2024-11-21 20:50:00,Метро «Первомайская»,11,55.820612,37.666134,69.3,1.0,0.0,0
авария,1526160,Опрокидывание,55.819966,37.664567,2025-06-08 00:10:00,Метро «Первомайская»,11,55.820612,37.666134,121.4,1.0,0.0,0
авария,1577707,Наезд на пешехода,55.790642,37.772723,2025-10-06 17:12:00,Метро «Первомайская»,12,55.790487,37.771963,50.5,0.0,1.0,0
точка интереса,3823116,Копытовка (приток Яузы),55.8247,37.6691,,Метро «Первомайская»,11,55.820612,37.666134,490.9,,,0
точка интереса,236936,Московский государственный открытый университет имени В. С. Черномырдина,55.819556,37.663667,,Метро «Первомайская»,11,55.820612,37.666134,193.7,,,0
авария,1365505,Столкновение,55.755756,37.739196,2024-03-09 09:41:00,Метро «Площадь Ильича»,12,55.755586,37.737223,124.9,2.0,0.0,0
авария,1446269,Столкновение,55.75517,37.736503,2024-10-05 21:00:00,Метро «Площадь Ильича»,12,55.755586,37.737223,64.6,1.0,0.0,0
авария,1499788,Падение пассажира,55.755683,37.738917,2025-03-20 16:20:00,Метро «Площадь Ильича»,12,55.755586,37.737223,106.5,1.0,0.0,0
точка интереса,5627368,Всероссийский научно-исследовательский геологический нефтяной институт,55.755,37.737,,Метро «Площадь Ильича»,12,55.755586,37.737223,66.7,,,0
точка интереса,2335928,Концерн «Моринформсистема-Агат»,55.7571,37.7431,,Метро «Площадь Ильича»,12,55.755586,37.737223,404.4,,,0
точка интереса,5152537,Перовский ручей (приток Нищенки),55.7578,37.7454,,Метро «Площадь Ильича»,12,55.755586,37.737223,567.8,,,0
авария,1373279,Наезд на велосипедиста,55.79358,37.823492,2024-04-09 08:40:00,Метро «Преображенская площадь»,11,55.794242,37.823078,78.0,1.0,0.0,0
авария,1480785,Наезд на препятствие,55.793537,37.823578,2025-01-09 01:48:00,Метро «Преображенская площадь»,11,55.794242,37.823078,84.4,1.0,0.0,0
авария,1423010,Столкновение,55.783403,37.744431,2024-08-14 17:20:00,Метро «Пролетарская»,12,55.783096,37.74284,105.2,1.0,0.0,0
авария,1466402,Столкновение,55.783228,37.742876,2024-11-27 19:14:00,Метро «Пролетарская»,12,55.783096,37.74284,14.8,2.0,0.0,0
авария,1564201,Столкновение,55.783355,37.744431,2025-09-04 22:30:00,Метро «Пролетарская»,12,55.783096,37.74284,103.6,2.0,0.0,0
авария,1568870,Столкновение,55.783047,37.744453,2025-09-15 14:54:00,Метро «Пролетарская»,12,55.783096,37.74284,101.0,1.0,0.0,0
авария,1349311,Столкновение,55.789671,37.604098,2024-01-08 11:45:00,Метро «Проспект Мира»,50,55.789656,37.604037,4.2,1.0,0.0,1
авария,1439182,Опрокидывание,55.790452,37.609982,2024-09-19 22:30:00,Метро «Проспект Мира»,50,55.789656,37.604037,382.1,1.0,0.0,0
авария,1497547,Столкновение,55.778415,37.646819,2025-03-12 11:05:00,Метро «Проспект Мира»,7,55.778298,37.646991,16.9,1.0,0.0,0
авария,1582611,Наезд на пешехода,55.778962,37.646198,2025-10-18 23:40:00,Метро «Проспект Мира»,7,55.778298,37.646991,89.0,1.0,0.0,0
ремонт,way/1533179572,footway,55.790571,37.602165,,Метро «Проспект Мира»,50,55.789656,37.604037,155.1,,,0
ремонт,way/1533179573,footway,55.790819,37.602506,,Метро «Проспект Мира»,50,55.789656,37.604037,160.9,,,0
точка интереса,1397253,Гараж Интуриста,55.793694,37.606528,,Метро «Проспект Мира»,50,55.789656,37.604037,475.3,,,0
точка интереса,8080666,Клуб МИИТ,55.790079,37.605454,,Метро «Проспект Мира»,50,55.789656,37.604037,100.3,,,0
точка интереса,3543469,Круговое депо (Москва),55.780972,37.653194,,Метро «Проспект Мира»,7,55.778298,37.646991,488.8,,,0
точка интереса,1657274,Московский еврейский общинный центр,55.790833,37.608306,,Метро «Проспект Мира»,50,55.789656,37.604037,297.3,,,0
точка интереса,1379645,Сущёвский Вал,55.793194,37.614556,,Метро «Проспект Мира»,50,55.789656,37.604037,766.3,,,0
точка интереса,6717700,Управляющая портовая компания,55.7749,37.6425,,Метро «Проспект Мира»,7,55.778298,37.646991,470.8,,,0
авария,1362866,Падение пассажира,55.69233,37.603396,2024-02-27 14:51:00,Метро «Профсоюзная»,26,55.692529,37.603848,36.0,1.0,0.0,1
авария,1591191,Наезд на пешехода,55.693509,37.606566,2025-11-11 13:36:00,Метро «Профсоюзная»,26,55.692529,37.603848,202.2,1.0,0.0,0
точка интереса,7286562,Крымская (станция метро),55.689722,37.608333,,Метро «Профсоюзная»,26,55.692529,37.603848,420.1,,,0
авария,1368988,Столкновение,55.749283,37.705293,2024-03-23 20:45:00,Метро «Семёновская»,12,55.750306,37.71001,316.4,1.0,0.0,0
авария,1438438,Опрокидывание,55.749627,37.707095,2024-09-18 08:05:00,Метро «Семёновская»,12,55.750306,37.71001,197.4,1.0,0.0,0
авария,1501663,Столкновение,55.749615,37.706913,2025-03-27 21:11:00,Метро «Семёновская»,12,55.750306,37.71001,208.5,1.0,0.0,0
авария,1605778,Столкновение,55.749288,37.705234,2025-12-22 16:55:00,Метро «Семёновская»,12,55.750306,37.71001,319.6,1.0,0.0,0
точка интереса,7753922,Горбатый путепровод,55.74972,37.708135,,Метро «Семёновская»,12,55.750306,37.71001,134.2,,,0
точка интереса,5680028,Измайловская Николаевская военная богадельня,55.791177,37.765535,,Метро «Семёновская»,11,55.789463,37.768546,267.9,,,0
точка интереса,3579368,Измайловские пруды,55.794,37.762,,Метро «Семёновская»,11,55.789463,37.768546,649.6,,,0
точка интереса,4416541,Институт искусства реставрации,55.792244,37.764541,,Метро «Семёновская»,11,55.789463,37.768546,397.9,,,0
точка интереса,5912379,Москабель (завод),55.746,37.713,,Метро «Семёновская»,12,55.750306,37.71001,514.1,,,0
точка интереса,8545304,Памятник Петру I (Измайлово),55.791139,37.763921,,Метро «Семёновская»,11,55.789463,37.768546,344.0,,,0
точка интереса,5910274,Ручей Ватной фабрики,55.7899,37.7673,,Метро «Семёновская»,11,55.789463,37.768546,91.8,,,0
точка интереса,898986,Серебряно-Виноградный пруд,55.794,37.762,,Метро «Семёновская»,11,55.789463,37.768546,649.6,,,0
точка интереса,1283666,Храм Покрова Богородицы в Измайлове,55.791222,37.764806,,Метро «Семёновская»,11,55.789463,37.768546,304.9,,,0
авария,1348767,Столкновение,55.779234,37.454571,2024-01-06 08:00:00,Метро «Сокол»,28,55.779958,37.454717,81.0,1.0,0.0,0
авария,1358269,Наезд на пешехода,55.780978,37.457446,2024-02-09 13:20:00,Метро «Сокол»,28,55.779958,37.454717,204.9,1.0,0.0,0
авария,1410444,Наезд на стоящее ТС,55.779071,37.454324,2024-07-15 17:10:00,Метро «Сокол»,28,55.779958,37.454717,101.7,1.0,0.0,0
авария,1498691,Столкновение,55.780845,37.455375,2025-03-16 15:05:00,Метро «Сокол»,28,55.779958,37.454717,106.8,2.0,0.0,0
точка интереса,2698733,Хорошёво (Москва),55.7779,37.454711,,Метро «Сокол»,28,55.779958,37.454717,228.9,,,0
точка интереса,4516918,Хорошёвская волость (Московская губерния),55.7779,37.454711,,Метро «Сокол»,28,55.779958,37.454717,228.9,,,0
точка интереса,745554,Храм Живоначальной Троицы в Хорошёве,55.7761,37.4568,,Метро «Сокол»,28,55.779958,37.454717,448.3,,,0
авария,1445674,Опрокидывание,55.785515,37.607145,2024-10-04 17:25:00,Метро «Сокольники»,7,55.784745,37.605866,117.2,1.0,0.0,0
точка интереса,5164606,Москва — Петушки (памятник),55.785293,37.605869,,Метро «Сокольники»,7,55.784745,37.605866,61.0,,,0
точка интереса,4377088,Московский Александровский институт,55.784606,37.608545,,Метро «Сокольники»,7,55.784745,37.605866,168.2,,,0
точка интереса,1428439,Площадь Борьбы,55.785194,37.605889,,Метро «Сокольники»,7,55.784745,37.605866,50.0,,,0
авария,1443546,Столкновение,55.69236,37.535026,2024-09-29 18:53:00,Метро «Университет»,26,55.692736,37.536017,74.8,1.0,0.0,0
авария,1481559,Наезд на пешехода,55.69302,37.534693,2025-01-11 21:00:00,Метро «Университет»,26,55.692736,37.536017,88.8,1.0,0.0,0
авария,1491447,Столкновение,55.693975,37.537011,2025-02-17 10:15:00,Метро «Университет»,26,55.692736,37.536017,151.3,2.0,0.0,0
авария,1503982,Наезд на пешехода,55.693231,37.535831,2025-04-05 01:57:00,Метро «Университет»,26,55.692736,37.536017,56.3,1.0,0.0,0
авария,1556492,Столкновение,55.69354,37.536367,2025-08-18 10:04:00,Метро «Университет»,26,55.692736,37.536017,92.1,1.0,0.0,0
авария,1571300,Падение пассажира,55.693769,37.535058,2025-09-21 11:37:00,Метро «Университет»,26,55.692736,37.536017,129.7,1.0,0.0,0
авария,1575869,Столкновение,55.693467,37.53655,2025-10-02 09:05:00,Метро «Университет»,26,55.692736,37.536017,87.9,1.0,0.0,0
точка интереса,622085,Большой Московский государственный цирк,55.694444,37.539722,,Метро «Университет»,26,55.692736,37.536017,300.0,,,0
точка интереса,1524591,Институт мировой культуры МГУ,55.6976,37.5383,,Метро «Университет»,26,55.692736,37.536017,559.5,,,0
точка интереса,134071,Научно-исследовательский вычислительный центр МГУ,55.6973,37.5321,,Метро «Университет»,26,55.692736,37.536017,563.8,,,0
точка интереса,7624038,Памятник Наталии Сац,55.696388,37.543493,,Метро «Университет»,26,55.692736,37.536017,620.1,,,0
точка интереса,7469012,Памятник Уитмену,55.697344,37.539822,,Метро «Университет»,26,55.692736,37.536017,565.2,,,0
точка интереса,1545963,Площадь Джавахарлала Неру,55.69306,37.53583,,Метро «Университет»,26,55.692736,37.536017,37.9,,,0
точка интереса,137762,"Университет (станция метро, Москва)",55.69222,37.53278,,Метро «Университет»,26,55.692736,37.536017,210.8,,,0
точка интереса,164197,ЭНКА ТЦ,55.692,37.528,,Метро «Университет»,26,55.692736,37.536017,509.0,,,0
точка интереса,145555,Экономический факультет МГУ,55.696,37.538,,Метро «Университет»,26,55.692736,37.536017,383.7,,,0
авария,1362102,Столкновение,55.634355,37.603648,2024-02-23 23:45:00,Метро «Чертановская»,1,55.633894,37.603135,60.5,1.0,0.0,0
авария,1372771,Столкновение,55.634131,37.60353,2024-04-07 13:23:00,Метро «Чертановская»,1,55.633894,37.603135,36.1,1.0,0.0,0
авария,1379238,Столкновение,55.634404,37.604012,2024-04-27 15:46:00,Метро «Чертановская»,1,55.633894,37.603135,79.0,1.0,0.0,0
авария,1396972,Столкновение,55.634368,37.603133,2024-06-14 19:15:00,Метро «Чертановская»,1,55.633894,37.603135,52.7,1.0,0.0,0
авария,1405240,Наезд на велосипедиста,55.634071,37.603122,2024-07-03 21:34:00,Метро «Чертановская»,1,55.633894,37.603135,19.7,1.0,0.0,0
авария,1462226,Падение пассажира,55.633568,37.603047,2024-11-16 14:30:00,Метро «Чертановская»,1,55.633894,37.603135,36.7,1.0,0.0,0
авария,1526495,Наезд на пешехода,55.63444,37.603916,2025-06-08 20:23:00,Метро «Чертановская»,1,55.633894,37.603135,78.0,1.0,0.0,0
авария,1545122,Опрокидывание,55.633374,37.60383,2025-07-23 01:00:00,Метро «Чертановская»,1,55.633894,37.603135,72.5,1.0,0.0,0
авария,1549321,Столкновение,55.635158,37.604181,2025-08-01 15:55:00,Метро «Чертановская»,1,55.633894,37.603135,155.1,1.0,0.0,0
авария,1554775,Опрокидывание,55.633938,37.602961,2025-08-14 13:05:00,Метро «Чертановская»,1,55.633894,37.603135,12.0,1.0,0.0,0
авария,1590813,"Наезд на лицо, использующее для передвижения СИМ",55.634525,37.603433,2025-11-10 14:14:00,Метро «Чертановская»,1,55.633894,37.603135,72.6,1.0,0.0,0
авария,1602055,Наезд на пешехода,55.635234,37.604184,2025-12-12 11:30:00,Метро «Чертановская»,1,55.633894,37.603135,162.9,0.0,1.0,0
точка интереса,2102518,Северное Чертаново (микрорайон),55.636143,37.594863,,Метро «Чертановская»,1,55.633894,37.603135,576.3,,,0
точка интереса,2247826,Храм Державной иконы Божией Матери в Чертанове,55.634722,37.6025,,Метро «Чертановская»,1,55.633894,37.603135,100.3,,,0
точка интереса,5747168,Чертаново (бывшая деревня),55.631,37.611,,Метро «Чертановская»,1,55.633894,37.603135,589.3,,,0
авария,1392544,Наезд на пешехода,55.685321,37.553576,2024-06-03 15:03:00,Метро «Шаболовская»,26,55.685119,37.553522,22.7,1.0,0.0,0
авария,1411011,Наезд на пешехода,55.683428,37.550969,2024-07-16 20:30:00,Метро «Шаболовская»,26,55.685119,37.553522,246.9,1.0,0.0,0
авария,1434399,Наезд на пешехода,55.683525,37.553877,2024-09-09 10:00:00,Метро «Шаболовская»,26,55.685119,37.553522,178.6,1.0,0.0,0
авария,1438891,Столкновение,55.686143,37.549467,2024-09-19 10:50:00,Метро «Шаболовская»,26,55.685119,37.553522,278.5,1.0,0.0,0
авария,1530551,Столкновение,55.68507,37.553569,2025-06-18 20:50:00,Метро «Шаболовская»,26,55.685119,37.553522,6.2,1.0,0.0,0
авария,1537974,Столкновение,55.682986,37.55083,2025-07-07 07:50:00,Метро «Шаболовская»,26,55.685119,37.553522,291.1,1.0,0.0,0
точка интереса,1938007,Национальный медицинский исследовательский центр здоровья детей,55.685625,37.550221,,Метро «Шаболовская»,26,55.685119,37.553522,214.4,,,0
точка интереса,7739262,Черёмушкинский рынок,55.684056,37.550528,,Метро «Шаболовская»,26,55.685119,37.553522,221.8,,,0
авария,1348782,Столкновение,55.8085,37.4966,2024-01-06 09:00:00,Метро «Щукинская»,28,55.808336,37.496675,18.9,1.0,0.0,0
авария,1357733,Наезд на стоящее ТС,55.807873,37.501464,2024-02-07 15:14:00,Метро «Щукинская»,28,55.808336,37.496675,303.7,3.0,0.0,0
авария,1363734,Наезд на стоящее ТС,55.807618,37.502679,2024-03-02 01:57:00,Метро «Щукинская»,28,55.808336,37.496675,383.6,0.0,1.0,0
авария,1481937,Наезд на стоящее ТС,55.808637,37.497293,2025-01-13 14:25:00,Метро «Щукинская»,28,55.808336,37.496675,51.1,2.0,0.0,0
авария,1591556,Столкновение,55.807346,37.502768,2025-11-12 13:20:00,Метро «Щукинская»,28,55.808336,37.496675,396.3,1.0,0.0,0
точка интереса,695706,Дворец культуры и техники МАИ,55.811109,37.498843,,Метро «Щукинская»,28,55.808336,37.496675,336.8,,,0
точка интереса,34374,Московский авиационный институт,55.810128,37.498408,,Метро «Щукинская»,28,55.808336,37.496675,226.8,,,0
точка интереса,1673780,Российский биотехнологический университет,55.807046,37.496552,,Метро «Щукинская»,28,55.808336,37.496675,143.6,,,0
точка интереса,48608,Российский государственный художественно-промышленный университет имени С. Г. Строганова,55.80694,37.49806,,Метро «Щукинская»,28,55.808336,37.496675,177.7,,,0
точка интереса,4282990,Школа № 149 имени Героя Советского Союза Ю. Н. Зыкова,55.805542,37.500586,,Метро «Щукинская»,28,55.808336,37.496675,395.3,,,0
авария,1349348,Столкновение,55.760688,37.69244,2024-01-08 13:50:00,Минаевский переулок,50,55.760545,37.689843,163.3,1.0,0.0,0
авария,1406624,Столкновение,55.758249,37.69259,2024-07-06 23:55:00,Минаевский переулок,50,55.760545,37.689843,307.8,2.0,0.0,0
авария,1575654,"Наезд на лицо, использующее для передвижения СИМ",55.760555,37.690347,2025-10-01 17:10:00,Минаевский переулок,50,55.760545,37.689843,31.6,1.0,0.0,0
точка интереса,2318128,Анненгоф (Москва),55.761389,37.695278,,Минаевский переулок,50,55.760545,37.689843,352.7,,,0
точка интереса,1732503,Военная академия бронетанковых войск,55.76139,37.69528,,Минаевский переулок,50,55.760545,37.689843,352.9,,,0
точка интереса,2140445,Военный институт Министерства обороны СССР,55.756,37.685,,Минаевский переулок,50,55.760545,37.689843,589.3,,,0
точка интереса,2318331,Екатерининский дворец (Москва),55.76139,37.69528,,Минаевский переулок,50,55.760545,37.689843,352.9,,,0
точка интереса,2968114,Краснокурсантская площадь,55.75917,37.68972,,Минаевский переулок,50,55.760545,37.689843,153.1,,,0
точка интереса,2318600,Лефортовские казармы,55.758073,37.691692,,Минаевский переулок,50,55.760545,37.689843,298.3,,,0
точка интереса,2585498,Московский 1-й кадетский корпус,55.762,37.695,,Минаевский переулок,50,55.760545,37.689843,360.9,,,0
точка интереса,7467331,Памятник Платову (Москва),55.75815,37.693332,,Минаевский переулок,50,55.760545,37.689843,344.4,,,0
точка интереса,6563927,Юнармия,55.7585,37.6925,,Минаевский переулок,50,55.760545,37.689843,281.7,,,0
авария,1403310,Наезд на пешехода,55.816836,37.701784,2024-06-29 14:16:00,Миусское депо,7,55.817974,37.702677,138.3,1.0,0.0,0
авария,1509124,Наезд на пешехода,55.81891,37.702385,2025-04-21 15:30:00,Миусское депо,7,55.817974,37.702677,105.7,1.0,0.0,0
авария,1348228,Наезд на пешехода,55.7861,37.6766,2024-01-03 20:27:00,Мосгорсуд,7,55.78637,37.677034,40.5,1.0,0.0,0
авария,1393096,Столкновение,55.785279,37.678535,2024-06-04 19:50:00,Мосгорсуд,7,55.78637,37.677034,153.4,1.0,0.0,0
авария,1434119,Наезд на пешехода,55.788845,37.677344,2024-09-08 17:05:00,Мосгорсуд,7,55.78637,37.677034,275.9,1.0,0.0,0
авария,1436704,Наезд на пешехода,55.787487,37.678095,2024-09-14 13:00:00,Мосгорсуд,7,55.78637,37.677034,140.8,1.0,0.0,0
авария,1437615,Наезд на велосипедиста,55.793163,37.799428,2024-09-16 10:08:00,Мосгорсуд,11,55.793205,37.799635,13.8,1.0,0.0,0
авария,1442667,Столкновение,55.787626,37.6789,2024-09-27 21:03:00,Мосгорсуд,7,55.78637,37.677034,182.0,1.0,0.0,0
авария,1474166,Столкновение,55.786021,37.676389,2024-12-19 15:50:00,Мосгорсуд,7,55.78637,37.677034,56.0,1.0,0.0,0
авария,1521996,Падение пассажира,55.794261,37.798955,2025-05-28 17:45:00,Мосгорсуд,11,55.793205,37.799635,124.9,1.0,0.0,0
авария,1524058,Опрокидывание,55.794309,37.799363,2025-06-02 18:35:00,Мосгорсуд,11,55.793205,37.799635,123.9,1.0,0.0,0
авария,1605096,Столкновение,55.793181,37.799468,2025-12-20 17:47:00,Мосгорсуд,11,55.793205,37.799635,10.8,1.0,0.0,0
точка интереса,153106,Настюша (компания),55.7838,37.6839,,Мосгорсуд,7,55.78637,37.677034,515.7,,,0
точка интереса,4183515,Памятник Гастелло (Москва),55.7875,37.67917,,Мосгорсуд,7,55.78637,37.677034,183.4,,,0
точка интереса,127233,"Первомайская (станция метро, Москва)",55.79444,37.79944,,Мосгорсуд,11,55.793205,37.799635,137.8,,,0
точка интереса,2155100,Союзлифтмонтаж,55.7845,37.6816,,Мосгорсуд,7,55.78637,37.677034,353.2,,,0
авария,1409004,Наезд на пешехода,55.595799,37.592216,2024-07-12 15:30:00,Москворецкий рынок,1,55.594898,37.591539,108.9,1.0,0.0,0
авария,1373270,Наезд на пешехода,55.759806,37.737769,2024-04-09 07:58:00,Мост Окружной железной дороги,12,55.760124,37.737273,47.0,1.0,0.0,0
авария,1377543,Наезд на пешехода,55.759402,37.737983,2024-04-22 09:17:00,Мост Окружной железной дороги,12,55.760124,37.737273,91.7,1.0,0.0,1
авария,1414548,Наезд на пешехода,55.759994,37.737887,2024-07-25 11:27:00,Мост Окружной железной дороги,12,55.760124,37.737273,41.1,1.0,0.0,0
авария,1428927,Наезд на пешехода,55.782878,37.733188,2024-08-28 00:05:00,Мост Окружной железной дороги,11,55.782813,37.733883,44.1,1.0,0.0,0
авария,1494068,Наезд на велосипедиста,55.782438,37.734025,2025-02-27 13:52:00,Мост Окружной железной дороги,11,55.782813,37.733883,42.6,1.0,0.0,0
авария,1604367,Столкновение,55.757851,37.739571,2025-12-18 18:00:00,Мост Окружной железной дороги,12,55.760124,37.737273,290.8,1.0,0.0,0
точка интереса,6855584,Клуб Дорожного профсоюза железнодорожников,55.76,37.735,,Мост Окружной железной дороги,12,55.760124,37.737273,142.8,,,0
точка интереса,577666,Лефортово (станция),55.7625,37.74639,,Мост Окружной железной дороги,12,55.760124,37.737273,628.6,,,0
точка интереса,8687130,Максим (компания),55.75806,37.73972,,Мост Окружной железной дороги,12,55.760124,37.737273,275.9,,,0
точка интереса,10157298,НИИ шинной промышленности,55.758855,37.733564,,Мост Окружной железной дороги,12,55.760124,37.737273,271.5,,,0
авария,1354486,Наезд на пешехода,55.793459,37.804921,2024-01-26 09:08:00,Новоостаповская улица,12,55.793209,37.799946,312.2,1.0,0.0,0
авария,1407643,Наезд на пешехода,55.793393,37.801198,2024-07-09 13:10:00,Новоостаповская улица,12,55.793209,37.799946,80.9,1.0,0.0,0
авария,1506442,Наезд на пешехода,55.793362,37.80285,2025-04-13 21:36:00,Новоостаповская улица,12,55.793209,37.799946,182.3,1.0,0.0,0
авария,1507211,Столкновение,55.793236,37.803451,2025-04-16 12:40:00,Новоостаповская улица,12,55.793209,37.799946,219.1,1.0,0.0,0
авария,1575219,Наезд на пешехода,55.793175,37.805017,2025-09-30 12:15:00,Новоостаповская улица,12,55.793209,37.799946,317.0,1.0,0.0,0
точка интереса,1739630,Храм Казанской (Песчанской) иконы Божией Матери в Измайлове,55.789576,37.801839,,Новоостаповская улица,12,55.793209,37.799946,421.0,,,0
авария,1409790,Наезд на пешехода,55.767919,37.730591,2024-07-14 10:13:00,Новорогожская улица,12,55.767823,37.730271,22.6,1.0,0.0,0
авария,1467374,Наезд на пешехода,55.767696,37.730151,2024-11-30 16:53:00,Новорогожская улица,12,55.767823,37.730271,16.0,1.0,0.0,0
авария,1505956,Наезд на пешехода,55.767762,37.730312,2025-04-12 11:54:00,Новорогожская улица,12,55.767823,37.730271,7.3,1.0,0.0,1
авария,1523964,Наезд на пешехода,55.768927,37.731235,2025-06-02 15:14:00,Новорогожская улица,12,55.767823,37.730271,136.7,1.0,0.0,0
авария,1485478,Отбрасывание предмета,55.70091,37.615288,2025-01-25 22:10:00,Новочерёмушкинская улица,26,55.698081,37.61268,354.4,1.0,0.0,0
авария,1573596,Столкновение,55.698945,37.613798,2025-09-26 15:20:00,Новочерёмушкинская улица,26,55.698081,37.61268,118.9,1.0,0.0,0
точка интереса,4521622,Бекет (пруд),55.6994,37.6122,,Новочерёмушкинская улица,26,55.698081,37.61268,149.7,,,0
точка интереса,5721222,ВНИИгеосистем,55.6992,37.6191,,Новочерёмушкинская улица,26,55.698081,37.61268,421.1,,,0
точка интереса,109763,Российская академия естественных наук,55.6993,37.6194,,Новочерёмушкинская улица,26,55.698081,37.61268,442.3,,,0
точка интереса,3738264,Школа № 630,55.697222,37.619444,,Новочерёмушкинская улица,26,55.698081,37.61268,434.5,,,0
авария,1367986,Столкновение,55.604651,37.590044,2024-03-19 19:25:00,ОВД «Чертаново Южное»,1,55.605345,37.590078,77.2,1.0,0.0,0
авария,1386972,Столкновение,55.604875,37.590698,2024-05-20 15:59:00,ОВД «Чертаново Южное»,1,55.605345,37.590078,65.2,1.0,0.0,0
авария,1387898,Столкновение,55.603893,37.589883,2024-05-22 23:01:00,ОВД «Чертаново Южное»,1,55.605345,37.590078,161.9,1.0,0.0,0
авария,1399968,Наезд на пешехода,55.605324,37.590419,2024-06-21 18:48:00,ОВД «Чертаново Южное»,1,55.605345,37.590078,21.5,1.0,0.0,0
авария,1459717,Наезд на пешехода,55.605518,37.589883,2024-11-09 16:47:00,ОВД «Чертаново Южное»,1,55.605345,37.590078,22.8,1.0,0.0,0
авария,1474468,Наезд на пешехода,55.604924,37.589861,2024-12-20 13:21:00,ОВД «Чертаново Южное»,1,55.605345,37.590078,48.8,0.0,1.0,1
авария,1527288,Наезд на пешехода,55.605463,37.590269,2025-06-10 17:50:00,ОВД «Чертаново Южное»,1,55.605345,37.590078,17.8,1.0,0.0,0
авария,1572702,Падение пассажира,55.606215,37.590312,2025-09-24 14:07:00,ОВД «Чертаново Южное»,1,55.605345,37.590078,97.8,2.0,0.0,1
авария,1581598,Наезд на пешехода,55.604451,37.590011,2025-10-16 13:40:00,ОВД «Чертаново Южное»,1,55.605345,37.590078,99.5,1.0,0.0,0
авария,1594047,Наезд на препятствие,55.604305,37.589432,2025-11-18 19:50:00,ОВД «Чертаново Южное»,1,55.605345,37.590078,122.6,1.0,0.0,0
точка интереса,4985309,Кировоградские пруды,55.6053,37.5972,,ОВД «Чертаново Южное»,1,55.605345,37.590078,447.4,,,0
авария,1402493,Столкновение,55.841374,37.663364,2024-06-27 18:10:00,Олонецкий проезд,17,55.839248,37.661119,274.9,1.0,0.0,0
авария,1412465,Столкновение,55.841524,37.663708,2024-07-20 10:20:00,Олонецкий проезд,17,55.839248,37.661119,300.3,1.0,0.0,0
авария,1437910,Столкновение,55.83982,37.662399,2024-09-16 21:00:00,Олонецкий проезд,17,55.839248,37.661119,102.2,1.0,0.0,0
авария,1472037,Наезд на стоящее ТС,55.841374,37.662892,2024-12-13 17:50:00,Олонецкий проезд,17,55.839248,37.661119,261.1,1.0,0.0,0
авария,1536275,Столкновение,55.84129,37.66315,2025-07-03 14:22:00,Олонецкий проезд,17,55.839248,37.661119,260.1,1.0,0.0,0
авария,1570652,Столкновение,55.84224,37.665147,2025-09-19 19:05:00,Олонецкий проезд,17,55.839248,37.661119,417.1,1.0,0.0,0
авария,1571220,Наезд на стоящее ТС,55.839537,37.662045,2025-09-21 01:15:00,Олонецкий проезд,17,55.839248,37.661119,66.2,2.0,0.0,0
точка интереса,6300416,Ростокино (станция МЦК),55.83944,37.66778,,Олонецкий проезд,17,55.839248,37.661119,416.5,,,0
точка интереса,566659,Ростокино (станция),55.84361,37.65528,,Олонецкий проезд,17,55.839248,37.661119,606.8,,,0
ремонт,way/1163332426,subway,55.780785,37.613518,,Ольховская улица,50,55.779034,37.614165,198.9,,,0
ремонт,way/1163332427,subway,55.779839,37.613614,,Ольховская улица,50,55.779034,37.614165,95.9,,,0
точка интереса,3214529,Опора России,55.7809,37.614,,Ольховская улица,50,55.779034,37.614165,207.8,,,0
точка интереса,3886846,Сад «Эрмитаж» на Божедомке,55.780178,37.614478,,Ольховская улица,50,55.779034,37.614165,128.7,,,0
точка интереса,2555255,Сущёво (Москва),55.78056,37.61389,,Ольховская улица,50,55.779034,37.614165,170.6,,,0
авария,1403999,Столкновение,55.824852,37.640684,2024-06-30 23:10:00,Охотничья улица,25,55.825045,37.640737,21.7,1.0,0.0,0
авария,1425096,Наезд на пешехода,55.824268,37.638688,2024-08-19 10:55:00,Охотничья улица,25,55.825045,37.640737,154.4,1.0,0.0,1
авария,1439298,Столкновение,55.824274,37.639611,2024-09-20 10:00:00,Охотничья улица,25,55.825045,37.640737,110.9,1.0,0.0,0
авария,1529043,Столкновение,55.824353,37.639681,2025-06-14 23:05:00,Охотничья улица,25,55.825045,37.640737,101.3,1.0,0.0,0
авария,1597146,Наезд на пешехода,55.824405,37.639439,2025-11-27 16:50:00,Охотничья улица,25,55.825045,37.640737,107.9,1.0,0.0,1
авария,1610963,Столкновение,55.823564,37.638069,2026-01-08 12:35:00,Охотничья улица,25,55.825045,37.640737,234.3,2.0,0.0,1
точка интереса,415750,Алексеевское кладбище,55.818381,37.643733,,Охотничья улица,25,55.825045,37.640737,764.3,,,0
точка интереса,7348199,Арка главного входа ВДНХ,55.82583,37.63806,,Охотничья улица,25,55.825045,37.640737,188.6,,,0
точка интереса,128024,ВДНХ (станция метро),55.822283,37.641494,,Охотничья улица,25,55.825045,37.640737,310.7,,,0
точка интереса,267813,Выставка достижений народного хозяйства,55.82452,37.638958,,Охотничья улица,25,55.825045,37.640737,125.5,,,0
точка интереса,777800,Выставочный центр (станция монорельса),55.82389,37.63833,,Охотничья улица,25,55.825045,37.640737,197.7,,,0
точка интереса,2634278,Главный павильон ВДНХ,55.82858,37.633939,,Охотничья улица,25,55.825045,37.640737,578.6,,,0
точка интереса,1735867,Музей космонавтики (Москва),55.822694,37.639622,,Охотничья улица,25,55.825045,37.640737,270.5,,,0
точка интереса,7152555,Павильон № 2 «Народное образование» на ВДНХ,55.82861,37.63139,,Охотничья улица,25,55.825045,37.640737,705.7,,,0
точка интереса,7228587,Павильон № 71 «Атомная энергия» на ВДНХ,55.82972,37.63417,,Охотничья улица,25,55.825045,37.640737,662.2,,,0
точка интереса,9758173,Памятник Ленину на ВДНХ,55.828038,37.634732,,Охотничья улица,25,55.825045,37.640737,501.4,,,0
точка интереса,346497,Покорителям космоса,55.822694,37.639622,,Охотничья улица,25,55.825045,37.640737,270.5,,,0
авария,1398416,Наезд на пешехода,55.821055,37.627798,2024-06-18 01:00:00,ПКиО «Сокольники»,25,55.821825,37.629476,135.4,1.0,0.0,0
авария,1432805,Наезд на пешехода,55.82155,37.628206,2024-09-05 18:40:00,ПКиО «Сокольники»,25,55.821825,37.629476,85.0,2.0,0.0,0
авария,1519772,Наезд на пешехода,55.821197,37.626064,2025-05-23 12:48:00,ПКиО «Сокольники»,25,55.821825,37.629476,224.3,1.0,0.0,0
авария,1524612,Столкновение,55.820652,37.630502,2025-06-04 10:50:00,ПКиО «Сокольники»,25,55.821825,37.629476,145.3,2.0,0.0,0
точка интереса,7426133,Дирекция кино,55.817,37.631,,ПКиО «Сокольники»,25,55.821825,37.629476,544.9,,,0
точка интереса,7808626,Ново-Останкино,55.816921,37.629727,,ПКиО «Сокольники»,25,55.821825,37.629476,545.5,,,0
точка интереса,7588,Останкинский район,55.82472,37.62556,,ПКиО «Сокольники»,25,55.821825,37.629476,404.3,,,0
точка интереса,7218063,Павильон № 7 «Семена» на ВДНХ,55.8275,37.62667,,ПКиО «Сокольники»,25,55.821825,37.629476,654.9,,,0
точка интереса,8671440,Солнце Москвы,55.8268,37.6263,,ПКиО «Сокольники»,25,55.821825,37.629476,587.7,,,0
авария,1465264,Наезд на пешехода,55.778806,37.60119,2024-11-24 14:46:00,Пантелеевская улица,7;50,55.778656,37.610392,575.7,1.0,0.0,0
точка интереса,8096736,Жилой дом журнально-газетного объединения,55.77778,37.60975,,Пантелеевская улица,7;50,55.778656,37.610392,105.4,,,0
точка интереса,6846288,Клуб типографии «Красный пролетарий»,55.779,37.605,,Пантелеевская улица,7;50,55.778656,37.610392,339.4,,,0
точка интереса,2218401,Просвещение (издательство),55.7778,37.6071,,Пантелеевская улица,7;50,55.778656,37.610392,226.8,,,0
точка интереса,406173,СПБ Биржа,55.7777,37.6027,,Пантелеевская улица,7;50,55.778656,37.610392,492.6,,,0
точка интереса,2442722,Типография журнала «Огонёк»,55.777277,37.610828,,Пантелеевская улица,7;50,55.778656,37.610392,155.8,,,0
точка интереса,267359,Фондовая биржа РТС,55.7776,37.6024,,Пантелеевская улица,7;50,55.778656,37.610392,513.4,,,0
точка интереса,1908126,Церковь Николая Чудотворца в Новой Слободе,55.7761,37.6021,,Пантелеевская улица,7;50,55.778656,37.610392,591.3,,,0
точка интереса,1909507,Церковь Пимена Великого в Новых Воротниках,55.77861,37.60444,,Пантелеевская улица,7;50,55.778656,37.610392,372.3,,,0
точка интереса,7132922,Эльдорадо (сад),55.778,37.606,,Пантелеевская улица,7;50,55.778656,37.610392,284.2,,,0
авария,1354063,Наезд на пешехода,55.809493,37.460901,2024-01-24 17:55:00,Пехотная улица,28,55.81002,37.464557,235.8,1.0,0.0,0
авария,1366545,Наезд на пешехода,55.809361,37.459742,2024-03-13 19:45:00,Пехотная улица,28,55.81002,37.464557,309.7,1.0,0.0,0
авария,1409486,Столкновение,55.808903,37.463636,2024-07-13 15:20:00,Пехотная улица,28,55.81002,37.464557,136.9,1.0,0.0,0
авария,1428686,Падение пассажира,55.809403,37.459699,2024-08-27 14:30:00,Пехотная улица,28,55.81002,37.464557,311.2,1.0,0.0,0
авария,1468914,Наезд на пешехода,55.809572,37.46163,2024-12-04 21:55:00,Пехотная улица,28,55.81002,37.464557,189.5,1.0,0.0,0
авария,1599356,Наезд на пешехода,55.808597,37.460733,2025-12-04 08:24:00,Пехотная улица,28,55.81002,37.464557,286.6,1.0,0.0,0
точка интереса,7724820,Щукинская (платформа),55.811217,37.460557,,Пехотная улица,28,55.81002,37.464557,283.1,,,0
точка интереса,206541,Щукинская (станция метро),55.80861,37.46417,,Пехотная улица,28,55.81002,37.464557,158.7,,,0
точка интереса,7348204,Арка северного входа ВДНХ,55.83056,37.6375,,Печорская улица,17,55.826576,37.64374,590.0,,,0
точка интереса,553904,Московская международная книжная ярмарка,55.830556,37.638889,,Печорская улица,17,55.826576,37.64374,536.2,,,0
точка интереса,3642309,Павильон № 70 «Москва» на ВДНХ,55.829167,37.641667,,Печорская улица,17,55.826576,37.64374,315.8,,,0
точка интереса,7581725,Академия ФК «Спартак»,55.8038,37.6948,,Площадь Академика Люльки,11;25,55.801028,37.697897,363.9,,,0
точка интереса,1565554,Глебовский мост,55.80139,37.69861,,Площадь Академика Люльки,11;25,55.801028,37.697897,60.1,,,0
точка интереса,2078978,Московский НИИ психиатрии,55.800194,37.699556,,Площадь Академика Люльки,11;25,55.801028,37.697897,139.1,,,0
точка интереса,3190965,Олений Вал,55.80017,37.69418,,Площадь Академика Люльки,11;25,55.801028,37.697897,251.1,,,0
точка интереса,5912224,Олений ручей,55.8026,37.6993,,Площадь Академика Люльки,11;25,55.801028,37.697897,195.6,,,0
точка интереса,5689262,Психиатрическая клиническая больница № 4 имени П. Б. Ганнушкина,55.799,37.703,,Площадь Академика Люльки,11;25,55.801028,37.697897,390.6,,,0
точка интереса,1995233,Храм Рождества Иоанна Предтечи в Сокольниках,55.798889,37.694444,,Площадь Академика Люльки,11;25,55.801028,37.697897,321.1,,,0
авария,1369073,Наезд на пешехода,55.777279,37.660779,2024-03-24 09:05:00,Площадь Борьбы,50,55.776955,37.660461,41.2,1.0,0.0,0
авария,1481683,Наезд на препятствие,55.802897,37.708747,2025-01-12 15:00:00,Площадь Борьбы,7,55.802518,37.709482,62.3,1.0,0.0,0
авария,1582399,Падение пассажира,55.801632,37.710827,2025-10-18 15:23:00,Площадь Борьбы,7,55.802518,37.709482,129.5,1.0,0.0,1
авария,1587917,Наезд на пешехода,55.80303,37.709059,2025-11-01 20:20:00,Площадь Борьбы,7,55.802518,37.709482,62.8,1.0,0.0,0
точка интереса,7077568,Красный пруд (Красносельский),55.7792,37.6595,,Площадь Борьбы,50,55.776955,37.660461,256.8,,,0
точка интереса,5866234,Микромашина (завод),55.806,37.716,,Площадь Борьбы,7,55.802518,37.709482,562.0,,,0
точка интереса,136205,"Северное (электродепо, Москва)",55.78167,37.65806,,Площадь Борьбы,50,55.776955,37.660461,545.4,,,0
авария,1374231,Наезд на пешехода,55.814997,37.695336,2024-04-12 08:36:00,Погонный проезд,7,55.815548,37.69698,119.6,1.0,0.0,0
точка интереса,1791802,Храм Преображения Господня в Богородском,55.81472,37.69611,,Погонный проезд,7,55.815548,37.69698,106.9,,,0
авария,1389573,Наезд на стоящее ТС,55.80918,37.49371,2024-05-27 00:17:00,Покровское - Стрешнево,28,55.808445,37.496268,179.5,1.0,0.0,0
авария,1391163,Наезд на пешехода,55.808963,37.490952,2024-05-31 08:45:00,Покровское - Стрешнево,28,55.808445,37.496268,337.1,1.0,0.0,0
авария,1394505,Опрокидывание,55.810862,37.490233,2024-06-08 13:59:00,Покровское - Стрешнево,28,55.808445,37.496268,463.1,1.0,0.0,0
авария,1427715,Столкновение,55.809306,37.49313,2024-08-25 10:50:00,Покровское - Стрешнево,28,55.808445,37.496268,218.2,2.0,0.0,0
авария,1457987,Столкновение,55.810319,37.489547,2024-11-04 17:42:00,Покровское - Стрешнево,28,55.808445,37.496268,468.8,1.0,0.0,0
авария,1488689,Наезд на пешехода,55.809222,37.496767,2025-02-06 14:50:00,Покровское - Стрешнево,28,55.808445,37.496268,91.9,1.0,0.0,0
авария,1494859,Падение пассажира,55.808833,37.495078,2025-03-02 18:00:00,Покровское - Стрешнево,28,55.808445,37.496268,86.0,1.0,0.0,0
авария,1555011,Столкновение,55.808722,37.496595,2025-08-14 21:20:00,Покровское - Стрешнево,28,55.808445,37.496268,37.0,1.0,0.0,0
точка интереса,7745364,1-й Волоколамский путепровод,55.81025,37.48932,,Покровское - Стрешнево,28,55.808445,37.496268,478.3,,,0
точка интереса,4505235,Коптевские Выселки,55.810544,37.493861,,Покровское - Стрешнево,28,55.808445,37.496268,277.7,,,0
точка интереса,6210861,Музей Московского авиационного института,55.8141,37.4998,,Покровское - Стрешнево,28,55.808445,37.496268,666.4,,,0
точка интереса,8092764,Общежитие Московского авиационного института,55.807668,37.493919,,Покровское - Стрешнево,28,55.808445,37.496268,170.3,,,0
точка интереса,3026409,Первый Московский завод радиодеталей,55.804394,37.490515,,Покровское - Стрешнево,28,55.808445,37.496268,576.3,,,0
точка интереса,3832078,Школа № 1252 имени Сервантеса,55.809983,37.496478,,Покровское - Стрешнево,28,55.808445,37.496268,171.6,,,0
авария,1374224,Столкновение,55.598929,37.588241,2024-04-12 08:20:00,Поликлиника,1,55.598424,37.588443,57.6,1.0,0.0,0
авария,1374429,Падение пассажира,55.87371,37.63724,2024-04-12 18:15:00,Поликлиника,17,55.872338,37.637628,154.4,1.0,0.0,1
авария,1388479,Столкновение,55.598917,37.588252,2024-05-24 15:00:00,Поликлиника,1,55.598424,37.588443,56.1,1.0,0.0,0
авария,1400939,Опрокидывание,55.873319,37.637079,2024-06-23 21:30:00,Поликлиника,17,55.872338,37.637628,114.3,1.0,0.0,0
авария,1420521,Столкновение,55.598917,37.588241,2024-08-08 17:25:00,Поликлиника,1,55.598424,37.588443,56.3,1.0,0.0,0
авария,1444036,Наезд на пешехода,55.876075,37.636875,2024-09-30 19:10:00,Поликлиника,17,55.872338,37.637628,418.1,2.0,0.0,0
авария,1456420,Наезд на велосипедиста,55.873532,37.637158,2024-10-31 19:20:00,Поликлиника,17,55.872338,37.637628,135.9,1.0,0.0,0
авария,1461856,Наезд на пешехода,55.874456,37.63739,2024-11-15 17:05:00,Поликлиника,17,55.872338,37.637628,235.9,0.0,1.0,0
авария,1484556,Столкновение,55.875154,37.637208,2025-01-22 12:35:00,Поликлиника,17,55.872338,37.637628,314.2,1.0,0.0,0
авария,1486387,Падение пассажира,55.779023,37.623249,2025-01-29 08:25:00,Поликлиника,50,55.778931,37.6238,35.9,1.0,0.0,1
авария,1500991,Падение пассажира,55.778829,37.624169,2025-03-25 12:46:00,Поликлиника,50,55.778931,37.6238,25.7,1.0,0.0,1
авария,1563453,Наезд на пешехода,55.873348,37.637529,2025-09-02 23:20:00,Поликлиника,17,55.872338,37.637628,112.4,1.0,1.0,0
авария,1576102,Наезд на пешехода,55.874599,37.638609,2025-10-02 18:30:00,Поликлиника,17,55.872338,37.637628,258.7,2.0,0.0,0
авария,1579055,Столкновение,55.779355,37.622391,2025-10-10 07:42:00,Поликлиника,50,55.778931,37.6238,99.9,2.0,0.0,0
авария,1588016,Наезд на пешехода,55.875558,37.636875,2025-11-02 04:02:00,Поликлиника,17,55.872338,37.637628,361.1,0.0,1.0,0
авария,1591706,Наезд на пешехода,55.779282,37.622284,2025-11-12 19:05:00,Поликлиника,50,55.778931,37.6238,102.5,1.0,0.0,0
ремонт,way/1289782296,apartments,55.872314,37.636792,,Поликлиника,17,55.872338,37.637628,52.2,,,0
ремонт,way/1289782295,Программа реновации жилья,55.872515,37.636558,,Поликлиника,17,55.872338,37.637628,69.6,,,0
точка интереса,11341704,Героям-олимпийцам России (памятник),55.779425,37.623181,,Поликлиника,50,55.778931,37.6238,67.2,,,0
точка интереса,3882408,Храм Троицы Живоначальной в Троицкой слободе,55.775803,37.621372,,Поликлиника,50,55.778931,37.6238,379.5,,,0
точка интереса,368082,Школа № 1568,55.874444,37.642778,,Поликлиника,17,55.872338,37.637628,397.5,,,0
точка интереса,141316,Южное Медведково,55.875,37.63333,,Поликлиника,17,55.872338,37.637628,399.4,,,0
авария,1387027,Наезд на пешехода,55.776049,37.649899,2024-05-20 17:55:00,Преображенская площадь,7,55.776166,37.649752,15.9,1.0,0.0,0
точка интереса,460723,Москва-Каланчёвская,55.77667,37.65111,,Преображенская площадь,7,55.776166,37.649752,101.7,,,0
точка интереса,9832230,"Площадь трёх вокзалов (остановочный пункт, Алексеевская соединительная линия)",55.77667,37.65111,,Преображенская площадь,7,55.776166,37.649752,101.7,,,0
авария,1366231,Наезд на пешехода,55.793411,37.805543,2024-03-12 14:55:00,Преображенское кладбище,11,55.793423,37.810153,288.2,1.0,0.0,0
авария,1548119,Падение пассажира,55.793387,37.806412,2025-07-29 20:47:00,Преображенское кладбище,11,55.793423,37.810153,233.9,1.0,0.0,1
авария,1604957,Наезд на пешехода,55.793266,37.805736,2025-12-20 10:04:00,Преображенское кладбище,11,55.793423,37.810153,276.6,1.0,0.0,0
точка интереса,7406118,Первомайский (кинотеатр),55.793831,37.806476,,Преображенское кладбище,11,55.793423,37.810153,234.3,,,0
авария,1382767,Падение пассажира,55.853221,37.666261,2024-05-08 10:06:00,Проезд Шокальского,17,55.853513,37.666606,39.0,1.0,0.0,1
авария,1451000,Наезд на пешехода,55.854263,37.665768,2024-10-17 21:40:00,Проезд Шокальского,17,55.853513,37.666606,98.4,1.0,0.0,0
авария,1557261,Наезд на пешехода,55.854607,37.665017,2025-08-19 23:15:00,Проезд Шокальского,17,55.853513,37.666606,156.9,1.0,0.0,1
авария,1577984,Столкновение,55.854998,37.662442,2025-10-07 13:03:00,Проезд Шокальского,17,55.853513,37.666606,307.9,1.0,0.0,0
точка интереса,609865,"Дзержинская (платформа, Москва)",55.85528,37.66306,,Проезд Шокальского,17,55.853513,37.666606,295.9,,,0
точка интереса,5912559,Лосиноостровский электротехнический завод,55.854,37.668,,Проезд Шокальского,17,55.853513,37.666606,102.5,,,0
авария,1361014,Наезд на пешехода,55.753908,37.728875,2024-02-19 15:00:00,Проезд Энтузиастов,50,55.753855,37.726089,174.4,1.0,0.0,0
авария,1407629,Столкновение,55.754192,37.730409,2024-07-09 12:40:00,Проезд Энтузиастов,50,55.753855,37.726089,272.9,1.0,0.0,0
авария,1593012,Столкновение,55.753535,37.727034,2025-11-16 04:49:00,Проезд Энтузиастов,50,55.753855,37.726089,69.0,2.0,0.0,0
точка интереса,1544851,Государственный научно-исследовательский институт органической химии и технологии,55.7544,37.7295,,Проезд Энтузиастов,50,55.753855,37.726089,221.9,,,0
точка интереса,5738640,Компрессор (завод),55.749,37.733,,Проезд Энтузиастов,50,55.753855,37.726089,691.7,,,0
точка интереса,1108826,ТЭЦ-11,55.75278,37.73028,,Проезд Энтузиастов,50,55.753855,37.726089,288.2,,,0
авария,1356889,Столкновение,55.7217,37.6636,2024-02-04 14:53:00,"Проспект Будённого, 24",12,55.723135,37.664043,162.0,1.0,0.0,0
авария,1398617,Наезд на велосипедиста,55.723376,37.663536,2024-06-18 16:05:00,"Проспект Будённого, 24",12,55.723135,37.664043,41.6,1.0,0.0,0
авария,1549795,Столкновение,55.722397,37.663558,2025-08-02 15:00:00,"Проспект Будённого, 24",12,55.723135,37.664043,87.5,1.0,0.0,0
точка интереса,6964388,Dominion Tower,55.72252,37.6683,,"Проспект Будённого, 24",12,55.723135,37.664043,275.2,,,0
точка интереса,20040,Амедиа,55.7201,37.6674,,"Проспект Будённого, 24",12,55.723135,37.664043,397.6,,,0
точка интереса,5907892,Подон,55.7236,37.6589,,"Проспект Будённого, 24",12,55.723135,37.664043,326.2,,,0
точка интереса,2503240,Симоновский Вал,55.723472,37.663667,,"Проспект Будённого, 24",12,55.723135,37.664043,44.3,,,0
точка интереса,1915768,Среда (продюсерская компания),55.72,37.6674,,"Проспект Будённого, 24",12,55.723135,37.664043,407.1,,,0
точка интереса,1122224,Фонд содействия реформированию жилищно-коммунального хозяйства,55.7225,37.6682,,"Проспект Будённого, 24",12,55.723135,37.664043,269.7,,,0
авария,1395664,Падение пассажира,55.781834,37.455815,2024-06-11 13:35:00,Проспект Маршала Жукова,28,55.780286,37.453807,213.0,1.0,0.0,0
авария,1448221,Столкновение,55.78327,37.456427,2024-10-10 21:00:00,Проспект Маршала Жукова,28,55.780286,37.453807,370.0,1.0,0.0,0
авария,1538359,Наезд на препятствие,55.78248,37.456083,2025-07-07 23:20:00,Проспект Маршала Жукова,28,55.780286,37.453807,282.4,1.0,0.0,0
авария,1563063,Наезд на препятствие,55.782637,37.456137,2025-09-01 21:45:00,Проспект Маршала Жукова,28,55.780286,37.453807,299.3,0.0,1.0,0
точка интереса,3339303,Континенталь (жилой комплекс),55.780156,37.449378,,Проспект Маршала Жукова,28,55.780286,37.453807,277.3,,,0
точка интереса,104246,Хорошёвский мост,55.77972,37.44667,,Проспект Маршала Жукова,28,55.780286,37.453807,450.7,,,0
точка интереса,7500805,Южный Октябрьский ручей,55.7813,37.4468,,Проспект Маршала Жукова,28,55.780286,37.453807,452.4,,,0
авария,1444811,Наезд на пешехода,55.816577,37.680756,2024-10-02 16:17:00,Проспект Мира,11;25,55.816704,37.680219,36.4,1.0,0.0,0
точка интереса,1351648,Мемориальный дом-музей академика С. П. Королёва,55.823328,37.631992,,Радужная улица,17,55.822138,37.632074,132.4,,,0
авария,1371945,Наезд на пешехода,55.792669,37.783109,2024-04-04 15:52:00,Районный центр «Первомайский»,12,55.792945,37.784441,88.7,1.0,0.0,0
авария,1379028,Столкновение,55.791704,37.783474,2024-04-27 01:20:00,Районный центр «Первомайский»,12,55.792945,37.784441,150.6,1.0,0.0,0
авария,1440291,Наезд на пешехода,55.824298,37.654438,2024-09-22 10:00:00,Районный центр «Первомайский»,11,55.824524,37.65362,56.9,1.0,0.0,0
авария,1480153,Наезд на пешехода,55.793766,37.784193,2025-01-06 13:55:00,Районный центр «Первомайский»,12,55.792945,37.784441,92.6,1.0,0.0,0
авария,1524227,Наезд на пешехода,55.824268,37.654545,2025-06-03 10:00:00,Районный центр «Первомайский»,11,55.824524,37.65362,64.4,1.0,0.0,0
авария,1557647,Наезд на пешехода,55.792952,37.783517,2025-08-20 20:25:00,Районный центр «Первомайский»,12,55.792945,37.784441,57.7,1.0,0.0,0
точка интереса,6518148,Арифметика добра,55.792,37.7846,,Районный центр «Первомайский»,12,55.792945,37.784441,105.5,,,0
точка интереса,5746457,Даунсайд Ап,55.792,37.7846,,Районный центр «Первомайский»,12,55.792945,37.784441,105.5,,,0
точка интереса,5820639,Спорт во благо,55.7912,37.7846,,Районный центр «Первомайский»,12,55.792945,37.784441,194.2,,,0
авария,1375729,Наезд на пешехода,55.78251,37.72336,2024-04-16 19:11:00,Ростокинский проезд,11,55.782353,37.72339,17.5,2.0,0.0,0
авария,1393700,Столкновение,55.782088,37.724444,2024-06-06 13:30:00,Ростокинский проезд,11,55.782353,37.72339,72.2,1.0,0.0,0
авария,1524218,Наезд на пешехода,55.781973,37.725431,2025-06-03 09:20:00,Ростокинский проезд,11,55.782353,37.72339,134.4,1.0,0.0,0
авария,1567840,Столкновение,55.801974,37.685755,2025-09-13 10:40:00,Ростокинский проезд,25,55.801189,37.68758,143.7,1.0,0.0,0
авария,1571930,Опрокидывание,55.799448,37.686024,2025-09-22 17:44:00,Ростокинский проезд,25,55.801189,37.68758,216.6,1.0,0.0,0
авария,1608350,Наезд на пешехода,55.782396,37.722405,2025-12-29 15:58:00,Ростокинский проезд,11,55.782353,37.72339,61.8,1.0,0.0,0
точка интереса,2972144,6-й Лучевой просек,55.80306,37.67972,,Ростокинский проезд,25,55.801189,37.68758,533.5,,,0
точка интереса,1303604,Базальт (предприятие),55.7834,37.72275,,Ростокинский проезд,11,55.782353,37.72339,123.1,,,0
точка интереса,7917642,Государственный институт по проектированию заводов основной химии,55.7826,37.7235,,Ростокинский проезд,11,55.782353,37.72339,28.3,,,0
точка интереса,3058034,Майский просек,55.798789,37.68194,,Ростокинский проезд,25,55.801189,37.68758,442.1,,,0
точка интереса,7927153,Машприборинторг,55.7826,37.7232,,Ростокинский проезд,11,55.782353,37.72339,29.9,,,0
точка интереса,5652620,Оленьи пруды,55.8016,37.6886,,Ростокинский проезд,25,55.801189,37.68758,78.4,,,0
точка интереса,128066,Семёновская (станция метро),55.78306,37.72222,,Ростокинский проезд,11,55.782353,37.72339,107.4,,,0
точка интереса,1716611,Современный музей каллиграфии в России,55.800556,37.675833,,Ростокинский проезд,25,55.801189,37.68758,737.6,,,0
точка интереса,2058713,Храм Тихона Задонского в Сокольниках,55.8018,37.6831,,Ростокинский проезд,25,55.801189,37.68758,288.2,,,0
точка интереса,637402,Центр эксплуатации объектов наземной космической инфраструктуры,55.786506,37.724513,,Ростокинский проезд,11,55.782353,37.72339,467.1,,,0
авария,1353814,Наезд на пешехода,55.7884,37.6798,2024-01-23 19:10:00,Самотёчная улица,7,55.78951,37.681635,168.5,1.0,0.0,0
авария,1358199,Наезд на пешехода,55.789472,37.681206,2024-02-09 09:59:00,Самотёчная улица,7,55.78951,37.681635,27.2,1.0,0.0,0
авария,1433589,Наезд на стоящее ТС,55.789472,37.681035,2024-09-07 14:43:00,Самотёчная улица,7,55.78951,37.681635,37.8,1.0,0.0,0
авария,1440893,Падение пассажира,55.788724,37.680155,2024-09-23 17:43:00,Самотёчная улица,7,55.78951,37.681635,127.3,1.0,0.0,1
авария,1451583,Наезд на пешехода,55.789267,37.680155,2024-10-19 13:00:00,Самотёчная улица,7,55.78951,37.681635,96.4,1.0,0.0,0
авария,1469052,Наезд на пешехода,55.790733,37.679812,2024-12-05 10:40:00,Самотёчная улица,7,55.78951,37.681635,177.5,1.0,0.0,0
авария,1479183,Наезд на пешехода,55.790781,37.678256,2025-01-02 16:25:00,Самотёчная улица,7,55.78951,37.681635,254.2,2.0,0.0,0
авария,1526348,Наезд на пешехода,55.790202,37.681582,2025-06-08 15:00:00,Самотёчная улица,7,55.78951,37.681635,77.1,1.0,0.0,0
авария,1575918,Падение пассажира,55.790033,37.68288,2025-10-02 11:44:00,Самотёчная улица,7,55.78951,37.681635,97.2,1.0,0.0,1
точка интереса,3473504,Биоэнергия (корпорация),55.7763,37.6272,,Самотёчная улица,50,55.778717,37.624727,310.1,,,0
точка интереса,928176,Дом-музей В. М. Васнецова,55.776736,37.626075,,Самотёчная улица,50,55.778717,37.624727,235.8,,,0
точка интереса,3693662,Европейская гимназия (Москва),55.7864,37.684,,Самотёчная улица,7,55.78951,37.681635,376.1,,,0
точка интереса,397083,Московская соборная мечеть,55.779167,37.626944,,Самотёчная улица,50,55.778717,37.624727,147.4,,,0
точка интереса,174160,"Олимпийский (спортивный комплекс, Москва)",55.78111,37.62639,,Самотёчная улица,50,55.778717,37.624727,285.7,,,0
точка интереса,1010394,Синергия (университет),55.7763,37.6274,,Самотёчная улица,50,55.778717,37.624727,316.5,,,0
точка интереса,3389654,Синодальный отдел по монастырям и монашеству,55.7766,37.6231,,Самотёчная улица,50,55.778717,37.624727,256.4,,,0
точка интереса,166603,"Сокольники (станция метро, Сокольническая линия)",55.789236,37.679661,,Самотёчная улица,7,55.78951,37.681635,127.1,,,0
точка интереса,3789224,Сокольническая площадь,55.790878,37.678753,,Самотёчная улица,7,55.78951,37.681635,235.8,,,0
точка интереса,5695212,Сокольническая пожарная каланча,55.789249,37.681756,,Самотёчная улица,7,55.78951,37.681635,29.9,,,0
точка интереса,816326,Автолайн,55.707801,37.608275,,"Севастопольский просп., 1",26,55.709622,37.606383,234.6,,,0
точка интереса,3478860,Голубятня (дача),55.709556,37.605,,"Севастопольский просп., 1",26,55.709622,37.606383,87.0,,,0
точка интереса,2988490,Промышленно-металлургический холдинг,55.7088,37.602,,"Севастопольский просп., 1",26,55.709622,37.606383,289.4,,,0
авария,1540007,Наезд на велосипедиста,55.88583,37.643409,2025-07-11 17:40:00,Северное Медведково,17,55.887278,37.643705,162.1,1.0,0.0,0
точка интереса,3195398,Школа № 1506,55.889722,37.650556,,Северное Медведково,17,55.887278,37.643705,506.3,,,0
точка интереса,3978886,Колесо имени 850-летия Москвы,55.82786,37.6402,,Северянинский путепровод,17,55.826251,37.643196,258.9,,,0
авария,1533760,Столкновение,55.795093,37.705314,2025-06-27 10:12:00,Селезнёвская улица,7,55.795007,37.703648,104.6,1.0,0.0,0
авария,1563284,Наезд на пешехода,55.795383,37.705808,2025-09-02 15:40:00,Селезнёвская улица,7,55.795007,37.703648,141.3,1.0,0.0,0
авария,1564911,Наезд на препятствие,55.795497,37.700561,2025-09-06 15:20:00,Селезнёвская улица,7,55.795007,37.703648,200.5,1.0,0.0,0
точка интереса,6012135,Делимобиль,55.79111,37.70583,,Селезнёвская улица,7,55.795007,37.703648,454.3,,,0
точка интереса,1560617,Матросский мост,55.795,37.70389,,Селезнёвская улица,7,55.795007,37.703648,15.1,,,0
точка интереса,191086,Московский технологический университет (МГУПИ),55.79389,37.70139,,Селезнёвская улица,7,55.795007,37.703648,188.0,,,0
точка интереса,757437,Оборонпром,55.7956,37.7013,,Селезнёвская улица,7,55.795007,37.703648,160.9,,,0
точка интереса,1024790,Правительственный вокзал,55.784,37.6443,,Селезнёвская улица,50,55.779675,37.643432,484.0,,,0
точка интереса,1436446,Преображенский метромост,55.79667,37.70194,,Селезнёвская улица,7,55.795007,37.703648,213.5,,,0
точка интереса,171221,Рособоронэкспорт,55.7958,37.7016,,Селезнёвская улица,7,55.795007,37.703648,155.5,,,0
точка интереса,6868505,Товарищество шёлковой мануфактуры,55.791,37.705,,Селезнёвская улица,7,55.795007,37.703648,453.5,,,0
точка интереса,870078,Трамвайное депо имени Русакова,55.79306,37.70417,,Селезнёвская улица,7,55.795007,37.703648,219.0,,,0
авария,1396324,Столкновение,55.844163,37.667205,2024-06-13 08:45:00,Сельскохозяйственная улица,17,55.845679,37.669155,208.0,1.0,0.0,0
авария,1404673,Опрокидывание,55.844934,37.667806,2024-07-02 16:30:00,Сельскохозяйственная улица,17,55.845679,37.669155,118.2,1.0,0.0,0
авария,1412235,Наезд на пешехода,55.845021,37.667931,2024-07-19 18:48:00,Сельскохозяйственная улица,17,55.845679,37.669155,105.8,1.0,0.0,0
авария,1412759,Опрокидывание,55.845452,37.669448,2024-07-20 22:20:00,Сельскохозяйственная улица,17,55.845679,37.669155,31.2,1.0,0.0,0
авария,1422653,Столкновение,55.842458,37.665446,2024-08-13 19:15:00,Сельскохозяйственная улица,17,55.845679,37.669155,426.5,1.0,0.0,0
авария,1436072,Столкновение,55.84538,37.669694,2024-09-13 08:17:00,Сельскохозяйственная улица,17,55.845679,37.669155,47.3,1.0,0.0,0
авария,1519572,Столкновение,55.844897,37.668217,2025-05-22 20:00:00,Сельскохозяйственная улица,17,55.845679,37.669155,104.9,1.0,0.0,0
авария,1524623,Наезд на пешехода,55.843584,37.665426,2025-06-04 11:20:00,Сельскохозяйственная улица,17,55.845679,37.669155,329.4,1.0,0.0,0
авария,1526328,Наезд на пешехода,55.845279,37.668157,2025-06-08 14:19:00,Сельскохозяйственная улица,17,55.845679,37.669155,76.6,1.0,0.0,1
авария,1537568,Столкновение,55.843928,37.66742,2025-07-06 05:10:00,Сельскохозяйственная улица,17,55.845679,37.669155,222.8,1.0,0.0,0
авария,1565035,Опрокидывание,55.844093,37.666417,2025-09-06 19:45:00,Сельскохозяйственная улица,17,55.845679,37.669155,245.6,1.0,0.0,0
авария,1594646,Падение пассажира,55.842933,37.665216,2025-11-20 14:00:00,Сельскохозяйственная улица,17,55.845679,37.669155,392.1,1.0,0.0,1
точка интереса,637140,"Ростокино (платформа, Ярославское направление МЖД)",55.844111,37.670694,,Сельскохозяйственная улица,17,55.845679,37.669155,199.1,,,0
авария,1371330,Наезд на пешехода,55.679427,37.571767,2024-04-02 08:20:00,Серпуховский Вал,26,55.677861,37.576586,348.7,1.0,0.0,0
авария,1382460,Наезд на пешехода,55.67757,37.575672,2024-05-07 10:20:00,Серпуховский Вал,26,55.677861,37.576586,65.8,1.0,0.0,0
авария,1456998,Наезд на препятствие,55.678419,37.575077,2024-11-02 02:35:00,Серпуховский Вал,26,55.677861,37.576586,113.1,1.0,0.0,0
авария,1523157,Наезд на пешехода,55.67828,37.575141,2025-05-31 15:55:00,Серпуховский Вал,26,55.677861,37.576586,101.9,2.0,0.0,0
авария,1540963,Столкновение,55.67853,37.574343,2025-07-13 17:28:00,Серпуховский Вал,26,55.677861,37.576586,159.1,1.0,0.0,0
авария,1590602,Наезд на велосипедиста,55.677901,37.576215,2025-11-09 19:29:00,Серпуховский Вал,26,55.677861,37.576586,23.7,1.0,0.0,0
точка интереса,1688209,Институт Китая и современной Азии РАН,55.6763,37.5713,,Серпуховский Вал,26,55.677861,37.576586,374.1,,,0
точка интереса,138343,Институт океанологии имени П. П. Ширшова РАН,55.676944,37.568889,,Серпуховский Вал,26,55.677861,37.576586,493.2,,,0
точка интереса,343398,Институт социально-экономических проблем народонаселения РАН,55.6763,37.5708,,Серпуховский Вал,26,55.677861,37.576586,402.2,,,0
точка интереса,343180,Институт экономики РАН,55.67638,37.57153,,Серпуховский Вал,26,55.677861,37.576586,357.2,,,0
точка интереса,191952,Научно-исследовательский институт системных исследований,55.677414,37.56986,,Серпуховский Вал,26,55.677861,37.576586,424.6,,,0
точка интереса,2533621,Паратайп,55.6748,37.5677,,Серпуховский Вал,26,55.677861,37.576586,652.9,,,0
точка интереса,630197,Физико-технологический институт РАН,55.6775,37.5697,,Серпуховский Вал,26,55.677861,37.576586,433.6,,,0
авария,1392017,Опрокидывание,55.614801,37.590752,2024-06-02 11:05:00,"Симферопольский бульвар, 20",1,55.614039,37.592185,123.6,1.0,0.0,0
авария,1417136,Столкновение,55.614632,37.592168,2024-07-31 12:45:00,"Симферопольский бульвар, 20",1,55.614039,37.592185,65.9,1.0,0.0,0
авария,1428590,Падение пассажира,55.613899,37.592243,2024-08-27 10:04:00,"Симферопольский бульвар, 20",1,55.614039,37.592185,16.0,1.0,0.0,1
авария,1429670,Столкновение,55.613165,37.591921,2024-08-29 17:40:00,"Симферопольский бульвар, 20",1,55.614039,37.592185,98.6,1.0,0.0,1
авария,1443911,Наезд на пешехода,55.616468,37.59308,2024-09-30 15:55:00,"Симферопольский бульвар, 20",1,55.614039,37.592185,275.9,1.0,0.0,0
авария,1551250,Опрокидывание,55.615625,37.59308,2025-08-06 00:06:00,"Симферопольский бульвар, 20",1,55.614039,37.592185,185.1,1.0,0.0,0
точка интереса,7424090,Арка южного входа ВДНХ,55.82667,37.63056,,Социальный фонд России,17,55.822124,37.631331,507.7,,,0
точка интереса,268404,Круговая кинопанорама,55.827097,37.629869,,Социальный фонд России,17,55.822124,37.631331,560.4,,,0
точка интереса,7348227,Павильон № 74 «Круговая панорама» на ВДНХ,55.82694,37.62972,,Социальный фонд России,17,55.822124,37.631331,544.9,,,0
авария,1349550,Наезд на препятствие,55.6974,37.6124,2024-01-09 10:05:00,Спортивная школа «Тринта»,26,55.69745,37.612038,23.4,2.0,0.0,0
авария,1366551,Наезд на пешехода,55.696847,37.611845,2024-03-13 20:19:00,Спортивная школа «Тринта»,26,55.69745,37.612038,68.2,1.0,0.0,0
авария,1410438,Столкновение,55.696829,37.61193,2024-07-15 17:00:00,Спортивная школа «Тринта»,26,55.69745,37.612038,69.4,1.0,0.0,0
авария,1417369,Наезд на препятствие,55.69793,37.610332,2024-08-01 00:06:00,Спортивная школа «Тринта»,26,55.69745,37.612038,119.5,1.0,0.0,0
авария,1429076,Столкновение,55.696182,37.611287,2024-08-28 12:00:00,Спортивная школа «Тринта»,26,55.69745,37.612038,148.7,1.0,0.0,0
авария,1458988,Столкновение,55.695408,37.610675,2024-11-07 17:20:00,Спортивная школа «Тринта»,26,55.69745,37.612038,242.6,1.0,0.0,0
авария,1493026,Столкновение,55.695348,37.610557,2025-02-23 10:43:00,Спортивная школа «Тринта»,26,55.69745,37.612038,251.5,1.0,0.0,0
авария,1521099,Столкновение,55.694961,37.609935,2025-05-26 15:00:00,Спортивная школа «Тринта»,26,55.69745,37.612038,306.6,1.0,0.0,0
авария,1545296,Столкновение,55.695493,37.610686,2025-07-23 14:45:00,Спортивная школа «Тринта»,26,55.69745,37.612038,233.5,1.0,0.0,0
авария,1550846,Наезд на пешехода,55.69529,37.610273,2025-08-05 00:47:00,Спортивная школа «Тринта»,26,55.69745,37.612038,264.4,0.0,1.0,0
авария,1572251,Наезд на пешехода,55.69623,37.611759,2025-09-23 14:10:00,Спортивная школа «Тринта»,26,55.69745,37.612038,136.8,1.0,0.0,0
точка интереса,7251750,"Верхние Котлы (платформа, Павелецкое направление МЖД)",55.69092,37.61662,,Спортивная школа «Тринта»,26,55.69745,37.612038,780.8,,,0
точка интереса,201992,Психиатрическая клиническая больница № 1 имени Н. А. Алексеева,55.6985,37.608,,Спортивная школа «Тринта»,26,55.69745,37.612038,278.7,,,0
точка интереса,10497573,"Труд (стадион, Москва)",55.695537,37.618356,,Спортивная школа «Тринта»,26,55.69745,37.612038,449.5,,,0
авария,1377622,Наезд на препятствие,55.792633,37.67773,2024-04-22 13:42:00,Станция Юных натуралистов,25,55.792708,37.681177,215.7,1.0,0.0,0
авария,1378971,Наезд на пешехода,55.792047,37.677977,2024-04-26 19:56:00,Станция Юных натуралистов,25,55.792708,37.681177,213.1,0.0,1.0,0
авария,1453443,Наезд на пешехода,55.794327,37.711934,2024-10-24 15:22:00,Станция Юных натуралистов,11,55.795411,37.714449,198.1,1.0,0.0,0
авария,1466106,Столкновение,55.794032,37.714509,2024-11-26 20:00:00,Станция Юных натуралистов,11,55.795411,37.714449,153.4,1.0,0.0,0
авария,1485073,Падение пассажира,55.793242,37.714573,2025-01-24 11:46:00,Станция Юных натуралистов,11,55.795411,37.714449,241.3,1.0,0.0,1
авария,1511935,Падение пассажира,55.795648,37.712781,2025-04-30 14:19:00,Станция Юных натуралистов,11,55.795411,37.714449,107.5,1.0,0.0,0
авария,1591123,Столкновение,55.795697,37.714219,2025-11-11 09:40:00,Станция Юных натуралистов,11,55.795411,37.714449,34.9,1.0,0.0,0
точка интереса,2048197,Positive Technologies,55.795,37.713,,Станция Юных натуралистов,11,55.795411,37.714449,101.4,,,0
точка интереса,7446053,Памятник Сергею Бухвостову,55.795528,37.71528,,Станция Юных натуралистов,11,55.795411,37.714449,53.6,,,0
точка интереса,4301349,Площадь Сокольническая Застава,55.792367,37.678622,,Станция Юных натуралистов,25,55.792708,37.681177,164.2,,,0
точка интереса,1329957,Преображенская старообрядческая община (Москва),55.79333,37.71694,,Станция Юных натуралистов,11,55.795411,37.714449,278.9,,,0
точка интереса,4461726,Российская государственная библиотека для молодёжи,55.795763,37.717566,,Станция Юных натуралистов,11,55.795411,37.714449,198.8,,,0
точка интереса,2887581,Сокольники (дворец спорта),55.793001,37.671508,,Станция Юных натуралистов,25,55.792708,37.681177,605.3,,,0
точка интереса,105193,Сокольники (район Москвы),55.79472,37.67639,,Станция Юных натуралистов,25,55.792708,37.681177,373.7,,,0
точка интереса,4338526,"Сокольники (станция метро, Большая кольцевая линия)",55.791,37.679,,Станция Юных натуралистов,25,55.792708,37.681177,233.6,,,0
точка интереса,7230889,Усадьба Горбунова,55.792545,37.713066,,Станция Юных натуралистов,11,55.795411,37.714449,330.2,,,0
точка интереса,1184468,Храм Воскресения Христова в Сокольниках,55.791056,37.676806,,Станция Юных натуралистов,25,55.792708,37.681177,329.2,,,0
точка интереса,1974371,Церковь Воздвижения Креста Господня на Преображенском кладбище,55.79333,37.71722,,Станция Юных натуралистов,11,55.795411,37.714449,289.0,,,0
авария,1383011,Столкновение,55.749156,37.699413,2024-05-08 22:27:00,Старообрядческая улица,12,55.748231,37.699459,102.9,1.0,0.0,0
авария,1493951,Падение пассажира,55.747719,37.699564,2025-02-27 06:39:00,Старообрядческая улица,12,55.748231,37.699459,57.3,1.0,0.0,0
авария,1538473,Столкновение,55.748703,37.703072,2025-07-08 09:33:00,Старообрядческая улица,12,55.748231,37.699459,232.1,1.0,0.0,0
авария,1564761,Столкновение,55.74848,37.699156,2025-09-06 09:30:00,Старообрядческая улица,12,55.748231,37.699459,33.5,1.0,0.0,0
авария,1569869,Столкновение,55.747876,37.69995,2025-09-17 22:00:00,Старообрядческая улица,12,55.748231,37.699459,50.1,1.0,0.0,0
точка интереса,693496,Всехсвятский единоверческий монастырь (Москва),55.74861,37.7,,Старообрядческая улица,12,55.748231,37.699459,54.1,,,0
точка интереса,146952,Росинтер,55.7453,37.706,,Старообрядческая улица,12,55.748231,37.699459,523.3,,,0
авария,1460356,Столкновение,55.648827,37.605375,2024-11-11 11:55:00,Сумской проезд,1,55.647675,37.60548,128.3,1.0,0.0,0
авария,1462917,Падение пассажира,55.648845,37.605461,2024-11-18 12:35:00,Сумской проезд,1,55.647675,37.60548,130.2,1.0,0.0,1
точка интереса,2008533,Московская городская организация КПРФ,55.6471,37.6039,,Сумской проезд,1,55.647675,37.60548,117.9,,,0
точка интереса,10183429,Союзагрохим,55.6476,37.6084,,Сумской проезд,1,55.647675,37.60548,183.4,,,0
авария,1361307,Столкновение,55.847566,37.672248,2024-02-20 16:00:00,Сухонская улица,17,55.84606,37.669592,235.7,1.0,0.0,0
авария,1380346,Столкновение,55.847036,37.670928,2024-04-30 14:10:00,Сухонская улица,17,55.84606,37.669592,136.9,1.0,0.0,0
авария,1500525,Столкновение,55.845865,37.669508,2025-03-23 12:29:00,Сухонская улица,17,55.84606,37.669592,22.3,1.0,0.0,0
авария,1520212,Столкновение,55.847669,37.670596,2025-05-24 12:15:00,Сухонская улица,17,55.84606,37.669592,189.6,1.0,0.0,0
авария,1528165,Наезд на стоящее ТС,55.845856,37.669973,2025-06-12 18:53:00,Сухонская улица,17,55.84606,37.669592,32.8,2.0,0.0,0
авария,1539377,Столкновение,55.847181,37.670692,2025-07-10 14:00:00,Сухонская улица,17,55.84606,37.669592,142.3,1.0,0.0,0
точка интереса,1339574,Северянинский путепровод,55.847072,37.671792,,Сухонская улица,17,55.84606,37.669592,177.6,,,0
авария,1482037,Столкновение,55.781183,37.608154,2025-01-13 20:00:00,Сцена «Мельников»,7,55.780181,37.610163,167.9,1.0,0.0,0
авария,1495093,Наезд на пешехода,55.780097,37.610493,2025-03-03 17:25:00,Сцена «Мельников»,7,55.780181,37.610163,22.7,1.0,0.0,0
авария,1578487,Наезд на пешехода,55.781171,37.609227,2025-10-08 17:58:00,Сцена «Мельников»,7,55.780181,37.610163,124.6,1.0,0.0,0
точка интереса,3912050,Антроповы Ямы,55.779799,37.609,,Сцена «Мельников»,7,55.780181,37.610163,84.2,,,0
точка интереса,2435157,Марс (конструкторское бюро),55.779503,37.607469,,Сцена «Мельников»,7,55.780181,37.610163,184.5,,,0
точка интереса,1662870,Мемориальный музей Юрия Сенкевича,55.780664,37.605422,,Сцена «Мельников»,7,55.780181,37.610163,301.2,,,0
точка интереса,7525640,Селезнёвские бани,55.78083,37.606806,,Сцена «Мельников»,7,55.780181,37.610163,221.9,,,0
авария,1392344,Столкновение,55.783887,37.674546,2024-06-03 01:30:00,Театр зверей имени Дурова,7,55.783985,37.674475,11.8,1.0,0.0,0
авария,1408196,Столкновение,55.783379,37.673578,2024-07-10 17:40:00,Театр зверей имени Дурова,7,55.783985,37.674475,87.7,1.0,0.0,0
авария,1416073,Столкновение,55.784954,37.675155,2024-07-28 17:27:00,Театр зверей имени Дурова,7,55.783985,37.674475,115.8,1.0,0.0,0
авария,1491359,Наезд на пешехода,55.785068,37.675273,2025-02-16 22:49:00,Театр зверей имени Дурова,7,55.783985,37.674475,130.3,1.0,0.0,0
авария,1503144,Столкновение,55.785153,37.675177,2025-04-02 00:21:00,Театр зверей имени Дурова,7,55.783985,37.674475,137.1,1.0,0.0,0
авария,1587063,Наезд на пешехода,55.783946,37.673943,2025-10-30 19:50:00,Театр зверей имени Дурова,7,55.783985,37.674475,33.5,1.0,0.0,0
авария,1591559,Наезд на пешехода,55.777623,37.617316,2025-11-12 13:21:00,Театр зверей имени Дурова,50,55.778824,37.61509,192.9,1.0,0.0,0
авария,1612157,Столкновение,55.783331,37.67301,2026-01-14 03:40:00,Театр зверей имени Дурова,7,55.783985,37.674475,117.0,3.0,0.0,0
точка интереса,181020,Бородино (компания),55.7844,37.674,,Театр зверей имени Дурова,7,55.783985,37.674475,54.8,,,0
точка интереса,10710135,Дом экспедиции Калинкинского мёдо-пивоваренного товарищества,55.785104,37.674758,,Театр зверей имени Дурова,7,55.783985,37.674475,125.6,,,0
точка интереса,10306572,Митьково (платформа),55.78556,37.67167,,Театр зверей имени Дурова,7,55.783985,37.674475,247.8,,,0
точка интереса,1873057,Москва II-Митьково,55.786528,37.66775,,Театр зверей имени Дурова,7,55.783985,37.674475,506.7,,,0
точка интереса,2353827,Музей истории ГУЛАГа,55.777072,37.613903,,Театр зверей имени Дурова,50,55.778824,37.61509,208.5,,,0
точка интереса,7101735,Показательные дома для рабочих на Русаковской улице,55.783095,37.671059,,Театр зверей имени Дурова,7,55.783985,37.674475,235.4,,,0
точка интереса,1005724,Российский университет медицины,55.7764,37.6158,,Театр зверей имени Дурова,50,55.778824,37.61509,273.2,,,0
точка интереса,5153838,Русаковский железнодорожный мост,55.7847,37.675372,,Театр зверей имени Дурова,7,55.783985,37.674475,97.3,,,0
точка интереса,1164520,Школа № 1525,55.7843,37.6698,,Театр зверей имени Дурова,7,55.783985,37.674475,294.4,,,0
авария,1399899,Столкновение,55.792928,37.785577,2024-06-21 16:56:00,Телерадиокомпания «МИР»,11,55.792954,37.785331,15.7,1.0,0.0,0
авария,1418868,Наезд на пешехода,55.793139,37.785662,2024-08-04 16:40:00,Телерадиокомпания «МИР»,11,55.792954,37.785331,29.2,1.0,0.0,0
авария,1451954,Столкновение,55.792946,37.785856,2024-10-20 13:50:00,Телерадиокомпания «МИР»,11,55.792954,37.785331,32.8,2.0,0.0,0
авария,1527022,Наезд на препятствие,55.791909,37.68714,2025-06-10 03:55:00,Телерадиокомпания «МИР»,7,55.79113,37.685679,125.9,1.0,0.0,0
точка интереса,4692586,Всероссийский центр уровня жизни,55.7953,37.7852,,Телерадиокомпания «МИР»,11,55.792954,37.785331,261.0,,,0
точка интереса,1270815,Дом культуры имени Русакова,55.791389,37.687222,,Телерадиокомпания «МИР»,7,55.79113,37.685679,100.7,,,0
точка интереса,7062749,Жар-птица (театр),55.7907,37.6833,,Телерадиокомпания «МИР»,7,55.79113,37.685679,156.2,,,0
точка интереса,7299646,Институт труда,55.795401,37.785122,,Телерадиокомпания «МИР»,11,55.792954,37.785331,272.4,,,0
точка интереса,7404810,Олимпийский центр имени братьев Знаменских,55.79028,37.68611,,Телерадиокомпания «МИР»,7,55.79113,37.685679,98.3,,,0
точка интереса,1640034,Сокольнический вагоноремонтно-строительный завод,55.78861,37.69194,,Телерадиокомпания «МИР»,7,55.79113,37.685679,481.4,,,0
точка интереса,2433269,Сцена «Мельников»,55.7913,37.6873,,Телерадиокомпания «МИР»,7,55.79113,37.685679,103.1,,,0
точка интереса,8082754,Школа № 1282,55.7898,37.6847,,Телерадиокомпания «МИР»,7,55.79113,37.685679,160.0,,,0
авария,1399908,Столкновение,55.757301,37.699167,2024-06-21 17:05:00,Тихвинский пер.,50,55.757244,37.699528,23.5,1.0,0.0,0
авария,1453383,Наезд на пешехода,55.756987,37.700636,2024-10-24 11:49:00,Тихвинский пер.,50,55.757244,37.699528,75.0,1.0,0.0,0
авария,1565488,Опрокидывание,55.756609,37.701227,2025-09-07 19:50:00,Тихвинский пер.,50,55.757244,37.699528,127.6,1.0,0.0,0
авария,1578672,Наезд на пешехода,55.757428,37.69936,2025-10-09 08:24:00,Тихвинский пер.,50,55.757244,37.699528,23.0,1.0,0.0,0
точка интереса,2026671,Всероссийский электротехнический институт,55.754748,37.702471,,Тихвинский пер.,50,55.757244,37.699528,333.0,,,0
точка интереса,2722393,Онланта,55.7539,37.6988,,Тихвинский пер.,50,55.757244,37.699528,374.6,,,0
точка интереса,3079147,Студенческий городок Лефортово,55.759732,37.70592,,Тихвинский пер.,50,55.757244,37.699528,486.3,,,0
точка интереса,3356057,Кофе Хауз,55.749,37.7305,,Товарная,12,55.753131,37.724632,588.1,,,0
точка интереса,3080984,Центрполиграф,55.7506,37.7252,,Товарная,12,55.753131,37.724632,283.6,,,0
авария,1505792,Столкновение,55.778938,37.640866,2025-04-11 19:40:00,Трамв. депо им. Русакова,7,55.779768,37.640692,93.0,1.0,0.0,0
авария,1510371,Столкновение,55.779711,37.64122,2025-04-25 14:48:00,Трамв. депо им. Русакова,7,55.779768,37.640692,33.6,1.0,0.0,1
точка интереса,10714844,Балкан (исторический район),55.777528,37.64125,,Трамв. депо им. Русакова,7,55.779768,37.640692,251.5,,,0
точка интереса,5718743,Дом поэта А. Н. Майкова,55.775,37.64056,,Трамв. депо им. Русакова,7,55.779768,37.640692,530.3,,,0
точка интереса,5708390,Набилковская богадельня,55.780256,37.639977,,Трамв. депо им. Русакова,7,55.779768,37.640692,70.3,,,0
точка интереса,7814743,Российская государственная библиотека для слепых,55.7804,37.6387,,Трамв. депо им. Русакова,7,55.779768,37.640692,143.0,,,0
точка интереса,423239,ЭМАльянс,55.7803,37.6398,,Трамв. депо им. Русакова,7,55.779768,37.640692,81.3,,,0
авария,1404345,Наезд на пешехода,55.825913,37.650189,2024-07-01 19:05:00,Ул. Короленко,25,55.825259,37.651686,118.5,1.0,0.0,0
авария,1474045,Наезд на пешехода,55.826021,37.650168,2024-12-19 10:00:00,Ул. Короленко,25,55.825259,37.651686,127.2,1.0,0.0,0
авария,1481231,Наезд на пешехода,55.826136,37.649674,2025-01-10 16:05:00,Ул. Короленко,25,55.825259,37.651686,159.1,1.0,0.0,0
авария,1509950,Столкновение,55.826323,37.652829,2025-04-24 09:10:00,Ул. Короленко,25,55.825259,37.651686,138.2,1.0,0.0,0
авария,1529695,Опрокидывание,55.826371,37.652646,2025-06-16 15:45:00,Ул. Короленко,25,55.825259,37.651686,137.4,1.0,0.0,0
ремонт,way/27619414,dormitory,55.825759,37.653234,,Ул. Короленко,25,55.825259,37.651686,111.5,,,0
точка интереса,2009465,Академия Государственной противопожарной службы МЧС России,55.82465,37.65171,,Ул. Короленко,25,55.825259,37.651686,67.8,,,0
точка интереса,606916,"Космос (гостиница, Москва)",55.822194,37.646972,,Ул. Короленко,25,55.825259,37.651686,450.4,,,0
авария,1365132,Наезд на пешехода,55.768671,37.680596,2024-03-07 18:28:00,Ул. Образцова,50,55.769677,37.67927,139.3,1.0,0.0,0
авария,1422626,Наезд на пешехода,55.769561,37.679254,2024-08-13 18:10:00,Ул. Образцова,50,55.769677,37.67927,12.9,2.0,0.0,0
авария,1523087,Наезд на пешехода,55.769379,37.67928,2025-05-31 12:35:00,Ул. Образцова,50,55.769677,37.67927,33.1,1.0,0.0,0
авария,1531185,Наезд на пешехода,55.768596,37.679352,2025-06-20 16:00:00,Ул. Образцова,50,55.769677,37.67927,120.3,1.0,0.0,0
точка интереса,7526424,Городская усадьба XVIII—XIX веков в Старокирочном переулке,55.769038,37.683957,,Ул. Образцова,50,55.769677,37.67927,301.7,,,0
точка интереса,8082733,Дом А. М. Нестерова,55.769126,37.684575,,Ул. Образцова,50,55.769677,37.67927,337.5,,,0
точка интереса,3288331,Дом Анны Монс,55.7683,37.681728,,Ул. Образцова,50,55.769677,37.67927,217.0,,,0
точка интереса,8081476,Дом № 23 по Денисовскому переулку,55.767195,37.677838,,Ул. Образцова,50,55.769677,37.67927,290.2,,,0
точка интереса,744393,Идущие вместе,55.7671,37.6773,,Ул. Образцова,50,55.769677,37.67927,311.9,,,0
точка интереса,3986761,Кукуй (ручей),55.7667,37.6752,,Ул. Образцова,50,55.769677,37.67927,417.6,,,0
точка интереса,662226,Лефортовская площадь,55.76861,37.685,,Ул. Образцова,50,55.769677,37.67927,377.5,,,0
точка интереса,2462421,Лефортовский дворец,55.767972,37.684889,,Ул. Образцова,50,55.769677,37.67927,399.3,,,0
точка интереса,159079,Обрушение Басманного рынка,55.7693,37.68,,Ул. Образцова,50,55.769677,37.67927,62.0,,,0
точка интереса,4803219,Российский государственный архив фонодокументов,55.768029,37.684745,,Ул. Образцова,50,55.769677,37.67927,388.4,,,0
точка интереса,2676465,Российский государственный военно-исторический архив,55.768029,37.684745,,Ул. Образцова,50,55.769677,37.67927,388.4,,,0
точка интереса,4520219,Центральная универсальная научная библиотека имени Н. А. Некрасова,55.76713,37.67856,,Ул. Образцова,50,55.769677,37.67927,286.7,,,0
авария,1511862,Столкновение,55.805496,37.452972,2025-04-30 10:00:00,Ул. Рогова,28,55.805437,37.452024,59.6,1.0,0.0,0
точка интереса,62167,Национальный исследовательский центр эпидемиологии и микробиологии имени Н. Ф. Гамалеи,55.801501,37.457573,,Ул. Рогова,28,55.805437,37.452024,558.5,,,0
точка интереса,8883451,Площадь Академика Вершиловой,55.801475,37.456253,,Ул. Рогова,28,55.805437,37.452024,513.8,,,0
точка интереса,3407191,"Щукино (бывшая деревня, Москва)",55.806678,37.452575,,Ул. Рогова,28,55.805437,37.452024,142.2,,,0
точка интереса,8860348,Военный городок (Щукино),55.80551,37.465206,,Улица Академика Зильбера,28,55.809997,37.464986,499.2,,,0
точка интереса,8915699,Детский сад № 333 (Москва),55.804842,37.466346,,Улица Академика Зильбера,28,55.809997,37.464986,579.5,,,0
точка интереса,3567302,Курчатовская школа,55.805058,37.470231,,Улица Академика Зильбера,28,55.809997,37.464986,639.6,,,0
точка интереса,36831,Покровское-Стрешнево (усадьба),55.81577,37.47152,,Улица Академика Зильбера,28,55.809997,37.464986,760.7,,,0
точка интереса,5606931,Храм Покрова Пресвятой Богородицы в Покровском-Стрешневе,55.814764,37.4717,,Улица Академика Зильбера,28,55.809997,37.464986,675.9,,,0
точка интереса,5851977,Щукинский лесопарк,55.806405,37.472768,,Улица Академика Зильбера,28,55.809997,37.464986,629.3,,,0
авария,1494110,Столкновение,55.810422,37.475975,2025-02-27 16:11:00,Улица Академика Курчатова,28,55.810571,37.481047,317.3,1.0,0.0,0
авария,1542785,Падение пассажира,55.810301,37.473925,2025-07-17 19:44:00,Улица Академика Курчатова,28,55.810571,37.481047,446.0,1.0,0.0,1
точка интереса,7752970,2-й Волоколамский путепровод,55.81333,37.474016,,Улица Академика Курчатова,28,55.810571,37.481047,535.8,,,0
точка интереса,5280144,Всероссийский центр медицины катастроф «Защита»,55.8072,37.4796,,Улица Академика Курчатова,28,55.810571,37.481047,385.6,,,0
точка интереса,6344712,Крымский клуб,55.8099,37.475,,Улица Академика Курчатова,28,55.810571,37.481047,385.1,,,0
точка интереса,556801,Покровское-Стрешнево (платформа),55.81417,37.47639,,Улица Академика Курчатова,28,55.810571,37.481047,494.8,,,0
точка интереса,956761,Олений мост (Москва),55.80639,37.70194,,"Улица Бориса Галушкина, 17",11;25,55.807998,37.697606,324.5,,,0
точка интереса,7646801,Стадион академии имени Черенкова,55.8049,37.6985,,"Улица Бориса Галушкина, 17",11;25,55.807998,37.697606,349.0,,,0
авария,1368485,Столкновение,55.725177,37.663407,2024-03-21 19:35:00,Улица Буракова,12,55.724565,37.664026,78.3,1.0,0.0,0
авария,1425066,Столкновение,55.727328,37.662817,2024-08-19 09:34:00,Улица Буракова,12,55.724565,37.664026,316.4,1.0,0.0,0
авария,1432594,Столкновение,55.726874,37.662892,2024-09-05 09:50:00,Улица Буракова,12,55.724565,37.664026,266.4,1.0,0.0,0
авария,1456015,Наезд на пешехода,55.724881,37.66344,2024-10-30 20:00:00,Улица Буракова,12,55.724565,37.664026,50.8,1.0,0.0,0
авария,1483930,Столкновение,55.724973,37.663429,2025-01-20 10:15:00,Улица Буракова,12,55.724565,37.664026,58.8,1.0,0.0,0
точка интереса,3629831,Лидер (оператор денежных переводов),55.7255,37.6541,,Улица Буракова,12,55.724565,37.664026,630.2,,,0
авария,1383642,Опрокидывание,55.683343,37.590559,2024-05-10 21:05:00,Улица Вавилова,26,55.680604,37.587453,361.5,1.0,0.0,0
авария,1402651,Опрокидывание,55.683162,37.59014,2024-06-28 06:30:00,Улица Вавилова,26,55.680604,37.587453,330.6,1.0,0.0,0
авария,1444609,Наезд на пешехода,55.682564,37.588259,2024-10-02 08:15:00,Улица Вавилова,26,55.680604,37.587453,223.7,1.0,0.0,0
авария,1455862,Наезд на пешехода,55.682723,37.590594,2024-10-30 14:15:00,Улица Вавилова,26,55.680604,37.587453,307.1,1.0,0.0,0
точка интереса,76907,Московский театр Кирилла Королёва,55.6807,37.5913,,Улица Вавилова,26,55.680604,37.587453,241.4,,,0
авария,1351131,Падение пассажира,55.7282,37.6111,2024-01-14 16:57:00,Улица Винокурова,26,55.725357,37.611447,316.9,1.0,0.0,0
авария,1375682,Столкновение,55.727654,37.609924,2024-04-16 16:46:00,Улица Винокурова,26,55.725357,37.611447,272.7,2.0,0.0,0
авария,1489065,Столкновение,55.727599,37.612178,2025-02-07 23:00:00,Улица Винокурова,26,55.725357,37.611447,253.5,3.0,0.0,0
авария,1609258,Наезд на препятствие,55.728119,37.611276,2026-01-01 07:00:00,Улица Винокурова,26,55.725357,37.611447,307.3,3.0,0.0,0
точка интереса,5913306,Богадельня имени С. А. и А. П. Тарасовых,55.72583,37.61083,,Улица Винокурова,26,55.725357,37.611447,65.3,,,0
точка интереса,8606282,Здание бывшего городского мещанского училища (Москва),55.7271,37.6067,,Улица Винокурова,26,55.725357,37.611447,354.9,,,0
точка интереса,789669,МИСиС,55.7284,37.6096,,Улица Винокурова,26,55.725357,37.611447,357.6,,,0
точка интереса,1550483,Морозовская больница,55.726667,37.617778,,Улица Винокурова,26,55.725357,37.611447,422.3,,,0
точка интереса,1072770,Московская горная академия,55.727,37.607,,Улица Винокурова,26,55.725357,37.611447,333.1,,,0
точка интереса,95516,Московский государственный горный университет,55.727167,37.607,,Улица Винокурова,26,55.725357,37.611447,343.6,,,0
точка интереса,177160,Пенсионный фонд Российской Федерации,55.726,37.611,,Улица Винокурова,26,55.725357,37.611447,76.8,,,0
точка интереса,2659696,Посольство Уругвая в России,55.727583,37.616,,Улица Винокурова,26,55.725357,37.611447,377.6,,,0
точка интереса,2657880,Посольство Черногории в России,55.727583,37.616,,Улица Винокурова,26,55.725357,37.611447,377.6,,,0
точка интереса,5682789,Российская государственная детская библиотека,55.728611,37.612778,,Улица Винокурова,26,55.725357,37.611447,371.3,,,0
точка интереса,699989,Трамвайное депо имени Апакова,55.72639,37.61333,,Улица Винокурова,26,55.725357,37.611447,164.6,,,0
авария,1349319,Наезд на пешехода,55.7885,37.6099,2024-01-08 12:15:00,Улица Гиляровского,50,55.787085,37.608739,173.3,0.0,1.0,0
авария,1351905,Наезд на пешехода,55.7747,37.6549,2024-01-16 21:07:00,Улица Гиляровского,7,55.775291,37.655643,80.5,1.0,0.0,0
авария,1372279,Наезд на пешехода,55.775758,37.655983,2024-04-05 18:46:00,Улица Гиляровского,7,55.775291,37.655643,56.1,1.0,0.0,0
авария,1400850,Наезд на стоящее ТС,55.788247,37.610772,2024-06-23 18:40:00,Улица Гиляровского,50,55.787085,37.608739,181.2,1.0,0.0,0
авария,1415756,Опрокидывание,55.788145,37.610879,2024-07-27 22:50:00,Улица Гиляровского,50,55.787085,37.608739,178.3,1.0,0.0,0
авария,1506581,Наезд на пешехода,55.787222,37.611554,2025-04-14 14:05:00,Улица Гиляровского,50,55.787085,37.608739,176.6,1.0,0.0,0
авария,1600192,Наезд на пешехода,55.774286,37.654009,2025-12-06 18:45:00,Улица Гиляровского,7,55.775291,37.655643,151.4,1.0,0.0,0
авария,1606576,Наезд на пешехода,55.775511,37.655725,2025-12-24 22:36:00,Улица Гиляровского,7,55.775291,37.655643,25.0,1.0,0.0,0
точка интереса,548011,Fratria,55.773,37.656,,Улица Гиляровского,7,55.775291,37.655643,255.7,,,0
точка интереса,591766,Бахметьевский гараж,55.78917,37.60778,,Улица Гиляровского,50,55.787085,37.608739,239.5,,,0
точка интереса,1343861,Гараж (музей),55.78917,37.60778,,Улица Гиляровского,50,55.787085,37.608739,239.5,,,0
точка интереса,1323215,Еврейский музей и центр толерантности,55.78917,37.60778,,Улица Гиляровского,50,55.787085,37.608739,239.5,,,0
точка интереса,370710,Казанский вокзал,55.77361,37.65556,,Улица Гиляровского,7,55.775291,37.655643,187.0,,,0
точка интереса,230331,"Комсомольская (станция метро, Кольцевая линия)",55.776486,37.656169,,Улица Гиляровского,7,55.775291,37.655643,136.9,,,0
точка интереса,733929,Комсомольская площадь (Москва),55.775,37.65417,,Улица Гиляровского,7,55.775291,37.655643,97.6,,,0
точка интереса,366555,Ленинградский вокзал,55.77625,37.655306,,Улица Гиляровского,7,55.775291,37.655643,108.7,,,0
точка интереса,622730,Москва-Пассажирская-Казанская,55.77333,37.65639,,Улица Гиляровского,7,55.775291,37.655643,223.0,,,0
точка интереса,509702,Москва-Пассажирская-Ярославская,55.77639,37.65722,,Улица Гиляровского,7,55.775291,37.655643,157.0,,,0
точка интереса,7659690,Московский институт инженеров путей сообщения императора Николая II,55.787778,37.608056,,Улица Гиляровского,50,55.787085,37.608739,88.1,,,0
точка интереса,3195838,Московско-Тверская пригородная пассажирская компания,55.7718,37.6615,,Улица Гиляровского,7,55.775291,37.655643,533.7,,,0
точка интереса,7418472,Музей детских театров,55.789,37.6179,,Улица Гиляровского,50,55.787085,37.608739,611.0,,,0
точка интереса,3628456,Памятник Ленину на Казанском вокзале,55.77333,37.65639,,Улица Гиляровского,7,55.775291,37.655643,223.0,,,0
точка интереса,7567879,Памятник Павлу Мельникову,55.775,37.65417,,Улица Гиляровского,7,55.775291,37.655643,97.6,,,0
точка интереса,7467048,Памятник создателям российских железных дорог,55.772942,37.654621,,Улица Гиляровского,7,55.775291,37.655643,268.9,,,0
точка интереса,8067625,Первый дом Российского железнодорожного студенческого кооперативного товарищества,55.787523,37.60955,,Улица Гиляровского,50,55.787085,37.608739,70.3,,,0
точка интереса,7780971,Российская академия путей сообщения,55.785823,37.611879,,Улица Гиляровского,50,55.787085,37.608739,241.3,,,0
точка интереса,100975,Российский университет транспорта,55.787778,37.608056,,Улица Гиляровского,50,55.787085,37.608739,88.1,,,0
точка интереса,5711401,Центральный дом культуры железнодорожников,55.775388,37.657817,,Улица Гиляровского,7,55.775291,37.655643,136.4,,,0
точка интереса,5986567,Шереметьевский тоннель,55.79306,37.61639,,Улица Гиляровского,50,55.787085,37.608739,818.6,,,0
точка интереса,1598192,Школа Марьина Роща имени В. Ф. Орлова,55.789042,37.615886,,Улица Гиляровского,50,55.787085,37.608739,497.0,,,0
авария,1396869,Падение пассажира,55.718064,37.608883,2024-06-14 15:22:00,Улица Дмитрия Ульянова,26,55.717844,37.608738,26.1,1.0,0.0,1
авария,1413774,Наезд на пешехода,55.720161,37.609935,2024-07-23 13:30:00,Улица Дмитрия Ульянова,26,55.717844,37.608738,268.3,1.0,0.0,0
авария,1456658,Падение пассажира,55.719376,37.609355,2024-11-01 11:45:00,Улица Дмитрия Ульянова,26,55.717844,37.608738,174.6,1.0,0.0,1
авария,1470151,Столкновение,55.72111,37.610096,2024-12-08 15:00:00,Улица Дмитрия Ульянова,26,55.717844,37.608738,373.0,1.0,0.0,0
точка интереса,5745613,ГПЗ-2,55.72,37.612,,Улица Дмитрия Ульянова,26,55.717844,37.608738,315.0,,,0
точка интереса,8093773,Дом Кушашниковых,55.71963,37.605826,,Улица Дмитрия Ульянова,26,55.717844,37.608738,269.6,,,0
точка интереса,606499,Интурист,55.7205,37.6096,,Улица Дмитрия Ульянова,26,55.717844,37.608738,300.2,,,0
точка интереса,4912707,НПФ Сбербанка,55.720556,37.61,,Улица Дмитрия Ульянова,26,55.717844,37.608738,311.7,,,0
точка интереса,9297733,Особняк Гектора Симоно,55.720698,37.608709,,Улица Дмитрия Ульянова,26,55.717844,37.608738,317.3,,,0
точка интереса,5902973,Русская зима (скульптура),55.719488,37.615823,,Улица Дмитрия Ульянова,26,55.717844,37.608738,479.9,,,0
точка интереса,2249506,Храм Ризоположения на Донской,55.72,37.60444,,Улица Дмитрия Ульянова,26,55.717844,37.608738,360.4,,,0
точка интереса,137206,Шаболовская,55.71861,37.60778,,Улица Дмитрия Ульянова,26,55.717844,37.608738,104.1,,,0
точка интереса,151527,Шуховская башня,55.71722,37.61139,,Улица Дмитрия Ульянова,26,55.717844,37.608738,180.1,,,0
авария,1404341,Опрокидывание,55.838699,37.661004,2024-07-01 19:00:00,Улица Докукина,17,55.838864,37.660689,26.9,1.0,0.0,0
авария,1421094,Опрокидывание,55.838922,37.660875,2024-08-10 00:30:00,Улица Докукина,17,55.838864,37.660689,13.3,1.0,0.0,0
авария,1493848,Наезд на пешехода,55.836157,37.657678,2025-02-26 16:30:00,Улица Докукина,17,55.838864,37.660689,354.9,1.0,0.0,0
авария,1510135,Столкновение,55.838633,37.660897,2025-04-24 18:00:00,Улица Докукина,17,55.838864,37.660689,28.8,1.0,0.0,0
авария,1515285,Наезд на пешехода,55.837447,37.660757,2025-05-10 14:08:00,Улица Докукина,17,55.838864,37.660689,157.6,0.0,1.0,0
авария,1526802,Наезд на пешехода,55.837326,37.65966,2025-06-09 15:50:00,Улица Докукина,17,55.838864,37.660689,182.7,1.0,0.0,0
авария,1542656,Наезд на пешехода,55.835913,37.658487,2025-07-17 15:00:00,Улица Докукина,17,55.838864,37.660689,355.8,1.0,0.0,0
авария,1552481,Наезд на велосипедиста,55.837283,37.661208,2025-08-08 21:20:00,Улица Докукина,17,55.838864,37.660689,178.8,1.0,0.0,0
авария,1607202,Столкновение,55.837296,37.655708,2025-12-26 14:00:00,Улица Докукина,17,55.838864,37.660689,356.5,1.0,0.0,0
авария,1611659,Наезд на пешехода,55.835996,37.659148,2026-01-11 20:40:00,Улица Докукина,17,55.838864,37.660689,333.1,1.0,0.0,0
точка интереса,3714726,Форатек,55.8349,37.6628,,Улица Докукина,17,55.838864,37.660689,460.1,,,0
авария,1357694,Наезд на пешехода,55.796704,37.716161,2024-02-07 13:51:00,Улица Достоевского,7,55.796609,37.714409,110.0,1.0,0.0,0
авария,1365402,Столкновение,55.77542,37.650779,2024-03-08 20:40:00,Улица Достоевского,50,55.77536,37.650991,14.8,1.0,0.0,0
авария,1407787,Опрокидывание,55.773284,37.652495,2024-07-09 18:20:00,Улица Достоевского,50,55.77536,37.650991,249.3,1.0,0.0,0
авария,1415720,Столкновение,55.773994,37.652988,2024-07-27 21:26:00,Улица Достоевского,50,55.77536,37.650991,196.7,1.0,0.0,0
авария,1428577,Наезд на велосипедиста,55.774594,37.651155,2024-08-27 09:13:00,Улица Достоевского,50,55.77536,37.650991,85.8,1.0,0.0,0
авария,1453782,Столкновение,55.774298,37.649664,2024-10-25 12:30:00,Улица Достоевского,50,55.77536,37.650991,144.3,1.0,0.0,0
авария,1519682,Наезд на пешехода,55.775276,37.653279,2025-05-23 08:44:00,Улица Достоевского,50,55.77536,37.650991,143.4,1.0,0.0,0
авария,1528237,Наезд на велосипедиста,55.796312,37.714348,2025-06-12 21:20:00,Улица Достоевского,7,55.796609,37.714409,33.3,1.0,0.0,0
ремонт,way/1189573972,apartments,55.796908,37.713203,,Улица Достоевского,7,55.796609,37.714409,82.4,,,0
ремонт,way/1189573994,apartments,55.796634,37.711544,,Улица Достоевского,7,55.796609,37.714409,179.1,,,0
ремонт,way/1189573938,footway,55.79694,37.712728,,Улица Достоевского,7,55.796609,37.714409,111.3,,,0
ремонт,way/1189573939,footway,55.796839,37.712661,,Улица Достоевского,7,55.796609,37.714409,112.2,,,0
ремонт,way/1189573943,footway,55.796747,37.71203,,Улица Достоевского,7,55.796609,37.714409,149.5,,,0
ремонт,way/1189573948,footway,55.79677,37.712585,,Улица Достоевского,7,55.796609,37.714409,115.4,,,0
ремонт,way/1189573955,footway,55.796193,37.712362,,Улица Достоевского,7,55.796609,37.714409,136.0,,,0
ремонт,way/1189573958,footway,55.797089,37.712552,,Улица Достоевского,7,55.796609,37.714409,127.7,,,0
ремонт,way/1189573965,footway,55.796924,37.71225,,Улица Достоевского,7,55.796609,37.714409,139.4,,,0
ремонт,way/1189573970,footway,55.79632,37.71257,,Улица Достоевского,7,55.796609,37.714409,119.3,,,0
ремонт,way/1189573975,footway,55.796732,37.712153,,Улица Достоевского,7,55.796609,37.714409,141.6,,,0
ремонт,way/1189573977,footway,55.796406,37.713648,,Улица Достоевского,7,55.796609,37.714409,52.6,,,0
ремонт,way/1189573980,footway,55.796544,37.713361,,Улица Достоевского,7,55.796609,37.714409,65.9,,,0
ремонт,way/1189573981,footway,55.797056,37.712904,,Улица Достоевского,7,55.796609,37.714409,106.4,,,0
ремонт,way/1189573983,footway,55.796307,37.713041,,Улица Достоевского,7,55.796609,37.714409,91.8,,,0
ремонт,way/1189573988,footway,55.797313,37.712456,,Улица Достоевского,7,55.796609,37.714409,145.0,,,0
ремонт,way/1189573997,footway,55.796482,37.712911,,Улица Достоевского,7,55.796609,37.714409,94.7,,,0
ремонт,way/1189574007,footway,55.797098,37.71219,,Улица Достоевского,7,55.796609,37.714409,148.9,,,0
ремонт,way/1189574013,footway,55.796589,37.713684,,Улица Достоевского,7,55.796609,37.714409,45.4,,,0
ремонт,way/1189574015,footway,55.796559,37.71267,,Улица Достоевского,7,55.796609,37.714409,108.8,,,0
ремонт,way/1189574018,footway,55.796188,37.712613,,Улица Достоевского,7,55.796609,37.714409,121.6,,,0
ремонт,way/1189574022,footway,55.796118,37.711919,,Улица Достоевского,7,55.796609,37.714409,164.9,,,0
ремонт,way/1189574023,footway,55.797182,37.712996,,Улица Достоевского,7,55.796609,37.714409,108.9,,,0
ремонт,way/1189574028,footway,55.797226,37.713185,,Улица Достоевского,7,55.796609,37.714409,102.7,,,0
ремонт,way/1189573950,service,55.797175,37.712238,,Улица Достоевского,7,55.796609,37.714409,149.5,,,0
ремонт,way/1189573964,service,55.797234,37.713235,,Улица Достоевского,7,55.796609,37.714409,101.0,,,0
ремонт,way/1189573999,service,55.796784,37.712424,,Улица Достоевского,7,55.796609,37.714409,125.6,,,0
точка интереса,2299199,"Большевичка (швейная фабрика, Москва)",55.77333,37.65222,,Улица Достоевского,50,55.77536,37.650991,238.5,,,0
точка интереса,309017,Гута (группа компаний),55.7729,37.6501,,Улица Достоевского,50,55.77536,37.650991,279.2,,,0
точка интереса,6564953,Гута-банк,55.7728,37.6505,,Улица Достоевского,50,55.77536,37.650991,286.3,,,0
точка интереса,8080309,Дом акционерного общества «Оргаметалл»,55.77215,37.6517,,Улица Достоевского,50,55.77536,37.650991,359.7,,,0
точка интереса,8838530,Каланчёвский путепровод,55.77417,37.65278,,Улица Достоевского,50,55.77536,37.650991,173.3,,,0
точка интереса,7783,Красносельский район (Москва),55.775,37.65,,Улица Достоевского,50,55.77536,37.650991,73.8,,,0
точка интереса,507152,Международный банк экономического сотрудничества,55.7743,37.648,,Улица Достоевского,50,55.77536,37.650991,221.1,,,0
точка интереса,4550278,Научно-исследовательский институт дальней радиосвязи,55.7961,37.7116,,Улица Достоевского,7,55.796609,37.714409,184.5,,,0
точка интереса,2427207,Преображенская площадь (Москва),55.796095,37.714434,,Улица Достоевского,7,55.796609,37.714409,57.2,,,0
точка интереса,170776,Преображенская площадь (станция метро),55.79611,37.71556,,Улица Достоевского,7,55.796609,37.714409,90.9,,,0
авария,1445387,Столкновение,55.752206,37.720281,2024-10-03 22:45:00,Улица Ибрагимова,12,55.752769,37.722583,157.1,1.0,0.0,0
авария,1533245,Падение пассажира,55.752924,37.723253,2025-06-25 20:02:00,Улица Ибрагимова,12,55.752769,37.722583,45.3,1.0,0.0,1
ремонт,way/149702486,footway,55.752195,37.720221,,Улица Ибрагимова,12,55.752769,37.722583,161.0,,,0
ремонт,way/235020863,footway,55.752615,37.720946,,Улица Ибрагимова,12,55.752769,37.722583,103.8,,,0
ремонт,way/1009378423,footway,55.752131,37.721091,,Улица Ибрагимова,12,55.752769,37.722583,117.3,,,0
ремонт,way/1009378424,footway,55.752536,37.720807,,Улица Ибрагимова,12,55.752769,37.722583,114.1,,,0
ремонт,way/35670571,unclassified,55.752605,37.721205,,Улица Ибрагимова,12,55.752769,37.722583,88.1,,,0
ремонт,way/93642218,unclassified,55.752464,37.720212,,Улица Ибрагимова,12,55.752769,37.722583,152.2,,,0
точка интереса,395439,Авиамоторная (платформа),55.750358,37.721972,,Улица Ибрагимова,12,55.752769,37.722583,270.8,,,0
точка интереса,4159124,Дом культуры «Компрессор»,55.751959,37.722226,,Улица Ибрагимова,12,55.752769,37.722583,92.8,,,0
авария,1442433,Столкновение,55.689228,37.597082,2024-09-27 15:15:00,Улица Ивана Бабушкина,26,55.687128,37.594602,280.5,1.0,0.0,0
авария,1451108,Наезд на стоящее ТС,55.688236,37.595901,2024-10-18 09:29:00,Улица Ивана Бабушкина,26,55.687128,37.594602,147.7,1.0,0.0,0
авария,1471994,Наезд на пешехода,55.68885,37.596305,2024-12-13 16:50:00,Улица Ивана Бабушкина,26,55.687128,37.594602,219.3,1.0,0.0,0
авария,1521397,Столкновение,55.689444,37.597229,2025-05-27 10:01:00,Улица Ивана Бабушкина,26,55.687128,37.594602,305.7,1.0,0.0,1
авария,1593819,Столкновение,55.687728,37.595353,2025-11-18 11:05:00,Улица Ивана Бабушкина,26,55.687128,37.594602,81.7,1.0,0.0,0
точка интереса,714653,Дом аспиранта и стажёра МГУ,55.690167,37.595167,,Улица Ивана Бабушкина,26,55.687128,37.594602,339.8,,,0
точка интереса,3395606,Храм Живоначальной Троицы в Старых Черёмушках,55.691387,37.593627,,Улица Ивана Бабушкина,26,55.687128,37.594602,477.5,,,0
авария,1425342,Наезд на пешехода,55.792253,37.777723,2024-08-19 19:30:00,Улица Измайловский Вал,11,55.79264,37.781598,246.0,1.0,0.0,0
авария,1537162,Столкновение,55.792741,37.782991,2025-07-05 11:03:00,Улица Измайловский Вал,11,55.79264,37.781598,87.8,1.0,0.0,0
точка интереса,127258,Измайловская,55.78778,37.78167,,Улица Измайловский Вал,11,55.79264,37.781598,540.4,,,0
авария,1575984,Наезд на пешехода,55.684177,37.560269,2025-10-02 14:34:00,Улица Лестева,26,55.68185,37.564968,392.1,1.0,0.0,0
точка интереса,5278363,Новатор (фотоклуб),55.6872,37.5682,,Улица Лестева,26,55.68185,37.564968,628.5,,,0
авария,1353231,Столкновение,55.761938,37.685831,2024-01-21 15:13:00,Улица Лефортовский Вал,50,55.760838,37.689151,241.1,1.0,0.0,0
авария,1384961,Наезд на велосипедиста,55.761929,37.685867,2024-05-15 08:57:00,Улица Лефортовский Вал,50,55.760838,37.689151,238.6,1.0,0.0,0
авария,1446406,Наезд на препятствие,55.762046,37.686839,2024-10-06 09:30:00,Улица Лефортовский Вал,50,55.760838,37.689151,197.4,1.0,0.0,0
точка интереса,4548845,Коалиция в защиту Москвы,55.7612,37.689,,Улица Лефортовский Вал,50,55.760838,37.689151,41.4,,,0
точка интереса,2968508,Красноказарменная площадь,55.75917,37.685694,,Улица Лефортовский Вал,50,55.760838,37.689151,284.9,,,0
точка интереса,7014377,Красные казармы (Москва),55.76092,37.688117,,Улица Лефортовский Вал,50,55.760838,37.689151,65.3,,,0
точка интереса,70668,Лефортово (район Москвы),55.765,37.69139,,Улица Лефортовский Вал,50,55.760838,37.689151,483.6,,,0
точка интереса,1555062,Лефортовский мост,55.76194,37.68583,,Улица Лефортовский Вал,50,55.760838,37.689151,241.2,,,0
точка интереса,693111,Лефортовский парк,55.765,37.69083,,Улица Лефортовский Вал,50,55.760838,37.689151,474.6,,,0
точка интереса,777279,Лефортовский тоннель,55.76349,37.69257,,Улица Лефортовский Вал,50,55.760838,37.689151,364.3,,,0
точка интереса,7063024,Новолефортовский мост,55.76056,37.68444,,Улица Лефортовский Вал,50,55.760838,37.689151,296.3,,,0
точка интереса,7467279,Памятник Петру I и Лефорту,55.761383,37.686924,,Улица Лефортовский Вал,50,55.760838,37.689151,151.9,,,0
авария,1367744,Наезд на пешехода,55.789001,37.45427,2024-03-18 19:49:00,Улица Маршала Тухачевского,28,55.787833,37.454154,130.0,1.0,0.0,0
авария,1424700,Столкновение,55.789104,37.45339,2024-08-18 13:40:00,Улица Маршала Тухачевского,28,55.787833,37.454154,149.1,1.0,0.0,0
авария,1436831,Наезд на велосипедиста,55.789641,37.454506,2024-09-14 17:02:00,Улица Маршала Тухачевского,28,55.787833,37.454154,202.2,1.0,0.0,0
авария,1459077,Столкновение,55.790353,37.454442,2024-11-07 20:40:00,Улица Маршала Тухачевского,28,55.787833,37.454154,280.8,1.0,0.0,0
авария,1475608,Наезд на пешехода,55.789013,37.454334,2024-12-23 16:50:00,Улица Маршала Тухачевского,28,55.787833,37.454154,131.7,1.0,0.0,0
авария,1486577,Наезд на пешехода,55.788935,37.454292,2025-01-29 19:00:00,Улица Маршала Тухачевского,28,55.787833,37.454154,122.8,1.0,0.0,0
авария,1504496,Наезд на пешехода,55.788971,37.45427,2025-04-06 20:35:00,Улица Маршала Тухачевского,28,55.787833,37.454154,126.7,1.0,0.0,0
точка интереса,3388487,ВНИИНМ,55.792,37.462,,Улица Маршала Тухачевского,28,55.787833,37.454154,674.7,,,0
точка интереса,7276428,Октябрь (стадион),55.791517,37.451178,,Улица Маршала Тухачевского,28,55.787833,37.454154,449.9,,,0
точка интереса,7278011,Серебряный Бор (станция метро),55.789309,37.451327,,Улица Маршала Тухачевского,28,55.787833,37.454154,241.2,,,0
авария,1381727,Столкновение,55.871705,37.649964,2024-05-04 20:05:00,Улица Молодцова,17,55.871565,37.650389,30.7,1.0,0.0,0
авария,1598766,Падение пассажира,55.87185,37.649481,2025-12-02 12:50:00,Улица Молодцова,17,55.871565,37.650389,64.9,1.0,0.0,0
авария,1606249,Наезд на пешехода,55.871407,37.644587,2025-12-23 22:20:00,Улица Молодцова,17,55.871565,37.650389,362.4,1.0,0.0,1
точка интереса,1380725,"Раево (Москва, север)",55.877222,37.6495,,Улица Молодцова,17,55.871565,37.650389,631.5,,,0
авария,1358976,Наезд на велосипедиста,55.753679,37.710453,2024-02-12 07:40:00,Улица Палиха,50,55.753997,37.709273,81.9,1.0,0.0,0
авария,1362644,Столкновение,55.75357,37.710389,2024-02-26 14:48:00,Улица Палиха,50,55.753997,37.709273,84.4,1.0,0.0,1
авария,1456887,Наезд на пешехода,55.809692,37.704542,2024-11-01 19:30:00,Улица Палиха,7,55.808886,37.705577,110.5,1.0,0.0,0
авария,1587747,Наезд на пешехода,55.754349,37.709831,2025-11-01 14:10:00,Улица Палиха,50,55.753997,37.709273,52.5,1.0,0.0,0
авария,1614335,Наезд на пешехода,55.809276,37.704928,2026-01-23 17:25:00,Улица Палиха,7,55.808886,37.705577,59.3,1.0,0.0,0
точка интереса,6931266,Ассоциация документальной электросвязи,55.7553,37.712,,Улица Палиха,50,55.753997,37.709273,223.9,,,0
точка интереса,141320,Богородское (район Москвы),55.811011,37.706,,Улица Палиха,7,55.808886,37.705577,237.7,,,0
точка интереса,1695956,Всероссийский научно-исследовательский институт по переработке нефти,55.75791,37.715669,,Улица Палиха,50,55.753997,37.709273,591.2,,,0
точка интереса,183200,Московский технический университет связи и информатики,55.75528,37.71194,,Улица Палиха,50,55.753997,37.709273,219.6,,,0
точка интереса,911588,Спартаковец (стадион),55.80972,37.71306,,Улица Палиха,7,55.808886,37.705577,476.7,,,0
авария,1350545,Наезд на пешехода,55.8012,37.4505,2024-01-12 13:20:00,Улица Панфилова,28,55.805327,37.451684,464.8,1.0,0.0,0
авария,1429216,Столкновение,55.801203,37.450494,2024-08-28 17:50:00,Улица Панфилова,28,55.805327,37.451684,464.5,1.0,0.0,0
авария,1549309,Падение пассажира,55.801637,37.450333,2025-08-01 15:30:00,Улица Панфилова,28,55.805327,37.451684,418.9,2.0,0.0,1
авария,1571348,Наезд на велосипедиста,55.805303,37.44985,2025-09-21 14:01:00,Улица Панфилова,28,55.805327,37.451684,114.6,1.0,0.0,0
точка интереса,3510471,Алые паруса (жилой комплекс),55.80639,37.44944,,Улица Панфилова,28,55.805327,37.451684,183.4,,,0
точка интереса,712731,Строгинский мост,55.80528,37.44528,,Улица Панфилова,28,55.805327,37.451684,400.2,,,0
авария,1370086,Наезд на пешехода,55.793302,37.794932,2024-03-28 15:10:00,Улица Преображенский Вал,11,55.793205,37.795844,58.0,1.0,0.0,0
авария,1402576,Наезд на пешехода,55.793,37.791445,2024-06-27 21:00:00,Улица Преображенский Вал,11,55.793205,37.795844,276.0,1.0,0.0,0
точка интереса,1398519,Измайловская школа № 1508,55.79361,37.79556,,Улица Преображенский Вал,11,55.793205,37.795844,48.4,,,0
точка интереса,88484,Каспийский трубопроводный консорциум,55.79,37.7937,,Улица Преображенский Вал,11,55.793205,37.795844,380.8,,,0
авария,1354689,Наезд на пешехода,55.8514,37.6714,2024-01-26 21:10:00,Улица Сергея Эйзенштейна,17,55.853161,37.667243,325.1,1.0,0.0,0
авария,1428768,Наезд на пешехода,55.850707,37.670431,2024-08-27 17:18:00,Улица Сергея Эйзенштейна,17,55.853161,37.667243,337.7,1.0,0.0,0
авария,1459364,Столкновение,55.851276,37.670231,2024-11-08 17:40:00,Улица Сергея Эйзенштейна,17,55.853161,37.667243,280.6,1.0,0.0,0
авария,1566077,Столкновение,55.851378,37.670027,2025-09-09 09:45:00,Улица Сергея Эйзенштейна,17,55.853161,37.667243,263.6,1.0,0.0,0
авария,1573476,Столкновение,55.850277,37.671282,2025-09-26 10:30:00,Улица Сергея Эйзенштейна,17,55.853161,37.667243,407.9,1.0,0.0,0
точка интереса,872239,Московский издательско-полиграфический колледж имени Ивана Фёдорова,55.853,37.6775,,Улица Сергея Эйзенштейна,17,55.853161,37.667243,640.5,,,0
авария,1409172,Опрокидывание,55.88308,37.6399,2024-07-12 20:20:00,Улица Тихомирова,17,55.88039,37.637703,329.0,1.0,0.0,0
авария,1538535,Наезд на пешехода,55.881997,37.639664,2025-07-08 12:05:00,Улица Тихомирова,17,55.88039,37.637703,216.5,0.0,1.0,0
авария,1591677,Наезд на пешехода,55.882056,37.639112,2025-11-12 18:20:00,Улица Тихомирова,17,55.88039,37.637703,205.0,1.0,0.0,0
авария,1397387,Наезд на пешехода,55.782232,37.6686,2024-06-15 16:50:00,Улица Хромова,7,55.781087,37.669333,135.3,1.0,0.0,0
авария,1465733,Наезд на пешехода,55.780272,37.667538,2024-11-25 18:51:00,Улица Хромова,7,55.781087,37.669333,144.3,0.0,1.0,0
авария,1492759,Наезд на стоящее ТС,55.780549,37.671423,2025-02-22 03:30:00,Улица Хромова,7,55.781087,37.669333,143.7,1.0,0.0,0
авария,1501577,Наезд на пешехода,55.781798,37.670467,2025-03-27 16:55:00,Улица Хромова,7,55.781087,37.669333,106.2,1.0,0.0,0
авария,1506782,Наезд на пешехода,55.781575,37.670038,2025-04-15 08:11:00,Улица Хромова,7,55.781087,37.669333,69.9,1.0,0.0,0
авария,1518661,Столкновение,55.781316,37.669898,2025-05-20 13:40:00,Улица Хромова,7,55.781087,37.669333,43.5,1.0,0.0,0
авария,1569172,Наезд на пешехода,55.781454,37.670263,2025-09-16 10:39:00,Улица Хромова,7,55.781087,37.669333,71.0,0.0,1.0,0
авария,1594320,Падение пассажира,55.781774,37.670499,2025-11-19 15:53:00,Улица Хромова,7,55.781087,37.669333,105.6,1.0,0.0,1
авария,1615233,Падение пассажира,55.781422,37.670091,2026-01-27 16:10:00,Улица Хромова,7,55.781087,37.669333,60.3,1.0,0.0,1
точка интереса,1294643,Крымский поход на Русь (1571),55.783333,37.666667,,Улица Хромова,7,55.781087,37.669333,300.3,,,0
точка интереса,7013342,Русаковская эстакада,55.77972,37.67278,,Улица Хромова,7,55.781087,37.669333,263.7,,,0
точка интереса,2093548,Храм Всех Святых в Красном Селе,55.784278,37.667639,,Улица Хромова,7,55.781087,37.669333,370.3,,,0
авария,1352543,Столкновение,55.871097,37.638334,2024-01-18 21:15:00,Улица Цандера,17,55.87187,37.637828,91.6,1.0,0.0,0
авария,1364724,Столкновение,55.871194,37.638195,2024-03-06 09:20:00,Улица Цандера,17,55.87187,37.637828,78.6,2.0,0.0,0
авария,1374316,Наезд на пешехода,55.870893,37.637894,2024-04-12 13:45:00,Улица Цандера,17,55.87187,37.637828,108.7,1.0,0.0,0
авария,1397053,Наезд на пешехода,55.871061,37.640995,2024-06-14 21:48:00,Улица Цандера,17,55.87187,37.637828,217.1,0.0,1.0,1
авария,1440019,Наезд на пешехода,55.871218,37.639117,2024-09-21 17:15:00,Улица Цандера,17,55.87187,37.637828,108.3,1.0,0.0,0
авария,1476026,Наезд на пешехода,55.87135,37.641435,2024-12-24 19:20:00,Улица Цандера,17,55.87187,37.637828,232.4,1.0,0.0,0
авария,1479930,Падение пассажира,55.822062,37.63352,2025-01-05 15:00:00,Улица Цандера,11;25,55.822066,37.633164,22.3,1.0,0.0,1
авария,1498011,Столкновение,55.821785,37.635548,2025-03-13 23:12:00,Улица Цандера,11;25,55.822066,37.633164,152.2,1.0,0.0,0
авария,1512040,Падение пассажира,55.871147,37.639246,2025-04-30 18:10:00,Улица Цандера,17,55.87187,37.637828,119.6,1.0,0.0,0
авария,1531550,Наезд на пешехода,55.870646,37.637454,2025-06-21 15:00:00,Улица Цандера,17,55.87187,37.637828,138.1,1.0,0.0,0
авария,1532611,Падение пассажира,55.822924,37.636982,2025-06-24 10:27:00,Улица Цандера,11;25,55.822066,37.633164,256.9,1.0,0.0,0
авария,1541016,Наезд на пешехода,55.871784,37.637669,2025-07-13 19:05:00,Улица Цандера,17,55.87187,37.637828,13.8,1.0,0.0,0
авария,1558623,Столкновение,55.821298,37.635514,2025-08-23 00:20:00,Улица Цандера,11;25,55.822066,37.633164,169.9,2.0,0.0,0
авария,1569008,Наезд на пешехода,55.871236,37.637551,2025-09-15 20:00:00,Улица Цандера,17,55.87187,37.637828,72.6,1.0,0.0,0
авария,1595222,Наезд на пешехода,55.871094,37.641346,2025-11-21 22:26:00,Улица Цандера,17,55.87187,37.637828,235.8,1.0,1.0,1
авария,1598957,Столкновение,55.821479,37.635815,2025-12-03 00:10:00,Улица Цандера,11;25,55.822066,37.633164,178.0,1.0,0.0,0
авария,1614247,Наезд на пешехода,55.87023,37.638617,2026-01-23 12:15:00,Улица Цандера,17,55.87187,37.637828,188.9,1.0,0.0,0
точка интереса,8934396,Медведково (село),55.86611,37.64361,,Улица Цандера,17,55.87187,37.637828,735.1,,,0
точка интереса,7538084,Памятник Сергею Королёву (Москва),55.820611,37.639333,,Улица Цандера,11;25,55.822066,37.633164,418.0,,,0
авария,1408631,Столкновение,55.722004,37.610364,2024-07-11 17:50:00,Улица Шверника,26,55.724658,37.611212,299.8,1.0,0.0,0
точка интереса,2782529,АМТ-Груп,55.7208,37.614,,Улица Шверника,26,55.724658,37.611212,463.1,,,0
точка интереса,2052558,Голицынская больница,55.72556,37.60389,,Улица Шверника,26,55.724658,37.611212,469.4,,,0
точка интереса,2061893,Городская клиническая больница № 1 (Москва),55.723971,37.602346,,Улица Шверника,26,55.724658,37.611212,560.4,,,0
точка интереса,7943113,Дело (группа компаний),55.7237,37.6078,,Улица Шверника,26,55.724658,37.611212,238.7,,,0
точка интереса,6542160,Дом академиков (Москва),55.723278,37.603917,,Улица Шверника,26,55.724658,37.611212,481.9,,,0
точка интереса,6541461,"Ленинский, 11",55.723278,37.603917,,Улица Шверника,26,55.724658,37.611212,481.9,,,0
точка интереса,9269476,"Музей предпринимателей, меценатов и благотворителей",55.724657,37.608926,,Улица Шверника,26,55.724658,37.611212,143.1,,,0
точка интереса,2267650,Национальная экологическая компания,55.7241,37.6084,,Улица Шверника,26,55.724658,37.611212,186.7,,,0
точка интереса,7711750,Памятник Сергею Спасокукоцкому,55.725145,37.604729,,Улица Шверника,26,55.724658,37.611212,409.6,,,0
точка интереса,1716482,Ударница,55.724,37.614,,Улица Шверника,26,55.724658,37.611212,189.3,,,0
точка интереса,3124930,Храм Троицы Живоначальной на Шаболовке,55.722997,37.611325,,Улица Шверника,26,55.724658,37.611212,184.8,,,0
точка интереса,3937345,Шаболовский пивоваренный завод,55.724,37.614,,Улица Шверника,26,55.724658,37.611212,189.3,,,0
авария,1403913,Столкновение,55.779112,37.664994,2024-06-30 19:25:00,Улица Щепкина,7,55.779214,37.665645,42.3,1.0,0.0,0
авария,1411365,Столкновение,55.77842,37.66402,2024-07-17 18:34:00,Улица Щепкина,7,55.779214,37.665645,134.6,1.0,0.0,0
авария,1499399,Столкновение,55.779131,37.665617,2025-03-19 10:20:00,Улица Щепкина,7,55.779214,37.665645,9.4,1.0,0.0,0
авария,1533026,Наезд на пешехода,55.778999,37.667056,2025-06-25 11:01:00,Улица Щепкина,7,55.779214,37.665645,91.4,1.0,0.0,0
авария,1557539,Падение пассажира,55.779151,37.665653,2025-08-20 17:08:00,Улица Щепкина,7,55.779214,37.665645,7.0,1.0,0.0,1
авария,1600415,Наезд на велосипедиста,55.778564,37.663686,2025-12-07 14:41:00,Улица Щепкина,7,55.779214,37.665645,142.2,0.0,1.0,0
точка интереса,8479172,Всероссийский научно-исследовательский институт геофизических методов разведки,55.7788,37.6667,,Улица Щепкина,7,55.779214,37.665645,80.4,,,0
точка интереса,552492,"Достоевская (станция метро, Люблинско-Дмитровская линия)",55.78167,37.61389,,Улица Щепкина,50,55.782698,37.610843,222.2,,,0
точка интереса,166600,Красносельская (станция метро),55.779978,37.666036,,Улица Щепкина,7,55.779214,37.665645,88.4,,,0
авария,1357962,Наезд на пешехода,55.794002,37.454613,2024-02-08 11:00:00,Университет «РОСБИОТЕХ»,28,55.796643,37.45247,322.8,1.0,0.0,0
авария,1504907,Наезд на пешехода,55.793302,37.45427,2025-04-08 11:40:00,Университет «РОСБИОТЕХ»,28,55.796643,37.45247,388.2,2.0,0.0,0
авария,1575231,Столкновение,55.793374,37.454807,2025-09-30 13:00:00,Университет «РОСБИОТЕХ»,28,55.796643,37.45247,391.8,1.0,0.0,0
авария,1379161,Столкновение,55.883682,37.641338,2024-04-27 12:50:00,Усадьба Останкино,17,55.887288,37.643608,425.2,2.0,0.0,0
авария,1434866,Наезд на велосипедиста,55.885686,37.642486,2024-09-10 12:00:00,Усадьба Останкино,17,55.887288,37.643608,191.4,1.0,0.0,0
авария,1526072,Падение пассажира,55.888382,37.642849,2025-06-07 19:30:00,Усадьба Останкино,17,55.887288,37.643608,130.5,1.0,0.0,0
авария,1531451,Падение пассажира,55.886165,37.643178,2025-06-21 11:00:00,Усадьба Останкино,17,55.887288,37.643608,127.7,1.0,0.0,1
авария,1560957,Наезд на пешехода,55.888178,37.642201,2025-08-28 13:31:00,Усадьба Останкино,17,55.887288,37.643608,132.3,1.0,0.0,0
авария,1576282,Наезд на пешехода,55.821344,37.617458,2025-10-03 09:30:00,Усадьба Останкино,11;25,55.822106,37.61914,135.0,1.0,0.0,0
авария,1592779,Наезд на велосипедиста,55.883889,37.64156,2025-11-15 16:30:00,Усадьба Останкино,17,55.887288,37.643608,398.9,1.0,0.0,0
точка интереса,376904,Протек,55.8858,37.6403,,Усадьба Останкино,17,55.887288,37.643608,264.4,,,0
авария,1573264,Падение пассажира,55.688814,37.543691,2025-09-25 18:50:00,Фабрика «Ударница»,26,55.688476,37.544034,43.3,2.0,0.0,0
авария,1574821,Наезд на пешехода,55.687894,37.543603,2025-09-29 11:59:00,Фабрика «Ударница»,26,55.688476,37.544034,70.1,1.0,0.0,0
авария,1588541,Столкновение,55.689591,37.542676,2025-11-03 18:17:00,Фабрика «Ударница»,26,55.688476,37.544034,150.4,1.0,0.0,0
авария,1614274,Падение пассажира,55.688883,37.543545,2026-01-23 13:45:00,Фабрика «Ударница»,26,55.688476,37.544034,54.7,1.0,0.0,1
точка интереса,2785478,Геофизический центр РАН,55.6931,37.5463,,Фабрика «Ударница»,26,55.688476,37.544034,533.4,,,0
точка интереса,6543297,Дом преподавателей МГУ,55.6912,37.5433,,Фабрика «Ударница»,26,55.688476,37.544034,306.4,,,0
точка интереса,769861,Прогресс Сцена Армена Джигарханяна,55.68972,37.54056,,Фабрика «Ударница»,26,55.688476,37.544034,258.0,,,0
точка интереса,8411327,Профсоюз журналистов и работников СМИ,55.689,37.5408,,Фабрика «Ударница»,26,55.688476,37.544034,210.9,,,0
точка интереса,3516850,Школа № 1533 «ЛИТ»,55.6923,37.5437,,Фабрика «Ударница»,26,55.688476,37.544034,425.7,,,0
авария,1439687,Столкновение,55.784712,37.744528,2024-09-20 22:28:00,Фортунатовская ул.,11,55.78448,37.745857,87.0,1.0,0.0,0
авария,1453714,Столкновение,55.783307,37.745236,2024-10-25 09:10:00,Фортунатовская ул.,11,55.78448,37.745857,136.1,1.0,0.0,0
авария,1484270,Падение пассажира,55.783548,37.74588,2025-01-21 12:08:00,Фортунатовская ул.,11,55.78448,37.745857,103.6,1.0,0.0,1
авария,1581767,Столкновение,55.785243,37.744174,2025-10-16 21:21:00,Фортунатовская ул.,11,55.78448,37.745857,135.2,5.0,0.0,0
авария,1616147,Столкновение,55.784978,37.744507,2026-01-30 20:40:00,Фортунатовская ул.,11,55.78448,37.745857,101.0,1.0,0.0,0
авария,1379959,Столкновение,55.756142,37.735537,2024-04-29 13:02:00,Фортунатовская улица,12,55.75522,37.735176,105.0,1.0,0.0,0
авария,1539011,Столкновение,55.754476,37.732683,2025-07-09 16:20:00,Фортунатовская улица,12,55.75522,37.735176,176.6,1.0,0.0,0
авария,1610944,Столкновение,55.755333,37.736127,2026-01-08 11:00:00,Фортунатовская улица,12,55.75522,37.735176,60.8,1.0,0.0,0
точка интереса,4157167,Владимирский путепровод,55.754708,37.733128,,Фортунатовская улица,12,55.75522,37.735176,140.2,,,0
авария,1401714,Наезд на пешехода,55.654451,37.606974,2024-06-25 19:05:00,Футбольная школа Чертаново,1,55.654657,37.60532,106.3,1.0,0.0,0
авария,1492250,Наезд на пешехода,55.656787,37.604184,2025-02-20 08:15:00,Футбольная школа Чертаново,1,55.654657,37.60532,247.4,1.0,0.0,0
авария,1576094,Наезд на пешехода,55.656466,37.60736,2025-10-02 18:15:00,Футбольная школа Чертаново,1,55.654657,37.60532,238.4,1.0,0.0,0
авария,1578588,Наезд на пешехода,55.654165,37.605694,2025-10-08 21:50:00,Футбольная школа Чертаново,1,55.654657,37.60532,59.5,1.0,0.0,0
точка интереса,1950122,Газфонд,55.656111,37.607222,,Футбольная школа Чертаново,1,55.654657,37.60532,201.0,,,0
точка интереса,2248046,Лидер (управляющая компания),55.6559,37.6073,,Футбольная школа Чертаново,1,55.654657,37.60532,185.9,,,0
точка интереса,4342717,НИИМосстрой,55.6562,37.608,,Футбольная школа Чертаново,1,55.654657,37.60532,240.3,,,0
точка интереса,6292239,Центральный государственный архив Московской области,55.655443,37.598754,,Футбольная школа Чертаново,1,55.654657,37.60532,421.1,,,0
авария,1485776,Наезд на пешехода,55.793109,37.787883,2025-01-27 08:41:00,ЦНИИТМАШ,12,55.792993,37.786615,80.3,1.0,0.0,0
авария,1490363,Падение пассажира,55.793175,37.79093,2025-02-13 12:57:00,ЦНИИТМАШ,12,55.792993,37.786615,270.5,1.0,0.0,0
авария,1499468,Наезд на пешехода,55.792952,37.787508,2025-03-19 15:08:00,ЦНИИТМАШ,12,55.792993,37.786615,56.0,1.0,0.0,0
авария,1507185,Столкновение,55.793091,37.786639,2025-04-16 11:30:00,ЦНИИТМАШ,12,55.792993,37.786615,11.0,1.0,0.0,0
авария,1553958,Падение пассажира,55.793,37.787583,2025-08-12 14:19:00,ЦНИИТМАШ,12,55.792993,37.786615,60.5,1.0,0.0,1
точка интереса,90545,Измайлово (исторический район),55.788,37.79,,ЦНИИТМАШ,12,55.792993,37.786615,594.2,,,0
точка интереса,7587,Измайлово (район Москвы),55.79139,37.78861,,ЦНИИТМАШ,12,55.792993,37.786615,217.6,,,0
авария,1416363,Наезд на препятствие,55.707128,37.611194,2024-07-29 13:00:00,Центр детского творчества,26,55.704967,37.611848,243.8,1.0,0.0,0
точка интереса,5228362,Школа № 547,55.709,37.6197,,Центр детского творчества,26,55.704967,37.611848,665.7,,,0
авария,1349917,Наезд на велосипедиста,55.6817,37.5668,2024-01-10 14:30:00,Центр здоровья детей,26,55.681466,37.565962,58.6,1.0,0.0,0
авария,1368558,Столкновение,55.681099,37.566612,2024-03-22 07:35:00,Центр здоровья детей,26,55.681466,37.565962,57.7,1.0,0.0,0
авария,1375601,Наезд на пешехода,55.680401,37.566265,2024-04-16 12:15:00,Центр здоровья детей,26,55.681466,37.565962,120.0,1.0,0.0,0
авария,1438204,Столкновение,55.680349,37.565399,2024-09-17 16:10:00,Центр здоровья детей,26,55.681466,37.565962,129.2,1.0,0.0,0
авария,1455522,Наезд на пешехода,55.680124,37.565788,2024-10-29 17:40:00,Центр здоровья детей,26,55.681466,37.565962,149.6,1.0,0.0,0
авария,1491015,Столкновение,55.682193,37.567719,2025-02-15 17:20:00,Центр здоровья детей,26,55.681466,37.565962,136.6,1.0,0.0,0
авария,1510468,Наезд на пешехода,55.681919,37.566928,2025-04-25 19:15:00,Центр здоровья детей,26,55.681466,37.565962,78.7,2.0,0.0,0
авария,1587564,Столкновение,55.681235,37.566627,2025-10-31 23:20:00,Центр здоровья детей,26,55.681466,37.565962,49.0,1.0,0.0,0
авария,1595475,Наезд на пешехода,55.68217,37.566912,2025-11-22 17:30:00,Центр здоровья детей,26,55.681466,37.565962,98.3,1.0,0.0,0
авария,1612967,Столкновение,55.681196,37.566676,2026-01-17 19:50:00,Центр здоровья детей,26,55.681466,37.565962,53.9,1.0,0.0,0
ремонт,way/740690173,office,55.681461,37.569842,,Центр здоровья детей,26,55.681466,37.565962,243.2,,,0
точка интереса,5419231,Институт научной информации по общественным наукам РАН,55.676222,37.563861,,Центр здоровья детей,26,55.681466,37.565962,597.8,,,0
точка интереса,5267810,Национальный комитет по исследованию БРИКС,55.6809,37.5696,,Центр здоровья детей,26,55.681466,37.565962,236.6,,,0
точка интереса,1539795,Площадь Иосипа Броз Тито,55.67806,37.56333,,Центр здоровья детей,26,55.681466,37.565962,413.1,,,0
точка интереса,5407106,Пожар в библиотеке Института научной информации по общественным наукам РАН,55.676389,37.563889,,Центр здоровья детей,26,55.681466,37.565962,579.3,,,0
точка интереса,153355,"Профсоюзная (станция метро, Москва)",55.67806,37.56278,,Центр здоровья детей,26,55.681466,37.565962,428.1,,,0
точка интереса,466074,Российская ассоциация политической науки,55.6761,37.5639,,Центр здоровья детей,26,55.681466,37.565962,610.5,,,0
точка интереса,1326949,Русский мир (фонд),55.681,37.57,,Центр здоровья детей,26,55.681466,37.565962,258.4,,,0
точка интереса,144869,Сибур,55.68,37.5695,,Центр здоровья детей,26,55.681466,37.565962,275.3,,,0
точка интереса,4266596,Центральная научная медицинская библиотека,55.675083,37.565167,,Центр здоровья детей,26,55.681466,37.565962,711.5,,,0
точка интереса,3556800,Школа № 1534,55.685,37.574167,,Центр здоровья детей,26,55.681466,37.565962,647.2,,,0
авария,1359011,Наезд на пешехода,55.71097,37.604138,2024-02-12 09:07:00,Черемушки,26,55.710323,37.6063,153.4,1.0,0.0,0
авария,1363403,Наезд на пешехода,55.711555,37.607274,2024-02-29 19:28:00,Черемушки,26,55.710323,37.6063,150.0,1.0,0.0,0
авария,1368044,Наезд на велосипедиста,55.710836,37.606094,2024-03-19 23:01:00,Черемушки,26,55.710323,37.6063,58.5,1.0,0.0,0
авария,1459983,Столкновение,55.712668,37.606813,2024-11-10 10:50:00,Черемушки,26,55.710323,37.6063,262.8,1.0,0.0,0
авария,1471429,Наезд на пешехода,55.710298,37.606169,2024-12-12 08:50:00,Черемушки,26,55.710323,37.6063,8.7,1.0,0.0,0
точка интереса,2901169,Донская площадь,55.713239,37.599558,,Черемушки,26,55.710323,37.6063,532.5,,,0
точка интереса,3565728,Мемориал белым воинам в Донском монастыре (Москва),55.713761,37.603067,,Черемушки,26,55.710323,37.6063,432.7,,,0
точка интереса,2677439,Новое Донское кладбище,55.712144,37.602275,,Черемушки,26,55.710323,37.6063,323.4,,,0
точка интереса,2189279,Серпуховский Вал,55.71139,37.61361,,Черемушки,26,55.710323,37.6063,473.0,,,0
точка интереса,7260356,Хавско-Шаболовский жилмассив,55.712889,37.610056,,Черемушки,26,55.710323,37.6063,369.8,,,0
точка интереса,237197,Храм Тихвинской иконы Божией Матери на Хавской улице,55.71203,37.61414,,Черемушки,26,55.710323,37.6063,526.5,,,0
авария,1528024,Столкновение,55.621314,37.594711,2025-06-12 13:10:00,Черноморский бульв.,1,55.620923,37.594254,52.1,1.0,0.0,0
точка интереса,7314218,РСБ-Групп,55.6221,37.6022,,Черноморский бульв.,1,55.620923,37.594254,515.8,,,0
авария,1374393,Столкновение,55.631418,37.601416,2024-04-12 17:00:00,Чертаново Центральное,1,55.632267,37.601847,98.2,1.0,0.0,0
авария,1423111,Столкновение,55.63117,37.600987,2024-08-14 20:40:00,Чертаново Центральное,1,55.632267,37.601847,133.4,1.0,0.0,0
авария,1442685,Наезд на пешехода,55.630394,37.598627,2024-09-27 21:30:00,Чертаново Центральное,1,55.632267,37.601847,290.2,1.0,0.0,0
авария,1443971,Наезд на велосипедиста,55.633065,37.602232,2024-09-30 17:34:00,Чертаново Центральное,1,55.632267,37.601847,92.0,1.0,0.0,0
авария,1445958,Наезд на стоящее ТС,55.630156,37.600207,2024-10-05 10:00:00,Чертаново Центральное,1,55.632267,37.601847,256.3,1.0,0.0,0
авария,1525829,Падение пассажира,55.631933,37.60132,2025-06-07 10:22:00,Чертаново Центральное,1,55.632267,37.601847,49.7,1.0,0.0,1
точка интереса,2993999,Чертаново (центр образования),55.630556,37.605,,Чертаново Центральное,1,55.632267,37.601847,274.5,,,0
точка интереса,141385,Чертаново Северное,55.63333,37.6,,Чертаново Центральное,1,55.632267,37.601847,165.6,,,0
авария,1371622,Наезд на пешехода,55.645392,37.605521,2024-04-03 12:50:00,"Чертановская ул., 28",1,55.645877,37.605589,54.0,1.0,0.0,0
авария,1539139,Столкновение,55.645373,37.605242,2025-07-09 21:00:00,"Чертановская ул., 28",1,55.645877,37.605589,60.1,1.0,0.0,0
авария,1609589,Наезд на пешехода,55.645406,37.60707,2026-01-02 17:00:00,"Чертановская ул., 28",1,55.645877,37.605589,106.7,2.0,0.0,0
точка интереса,7753813,Волхонка-ЗИЛ,55.645,37.6,,"Чертановская ул., 28",1,55.645877,37.605589,364.0,,,0
авария,1352163,Наезд на стоящее ТС,55.626142,37.596427,2024-01-17 16:45:00,"Чертановская ул., 44",1,55.625939,37.596632,26.0,1.0,0.0,0
авария,1361580,Столкновение,55.623526,37.595719,2024-02-21 22:08:00,"Чертановская ул., 44",1,55.625939,37.596632,274.4,2.0,0.0,0
авария,1482059,Наезд на препятствие,55.625246,37.596599,2025-01-13 22:35:00,"Чертановская ул., 44",1,55.625939,37.596632,77.1,2.0,1.0,0
авария,1491663,Наезд на пешехода,55.62517,37.596527,2025-02-18 08:00:00,"Чертановская ул., 44",1,55.625939,37.596632,85.8,1.0,0.0,0
авария,1524523,Столкновение,55.625319,37.59602,2025-06-04 00:20:00,"Чертановская ул., 44",1,55.625939,37.596632,79.0,1.0,0.0,0
авария,1556809,Столкновение,55.623519,37.595161,2025-08-18 21:15:00,"Чертановская ул., 44",1,55.625939,37.596632,284.5,1.0,0.0,0
авария,1594055,Столкновение,55.625161,37.595891,2025-11-18 20:28:00,"Чертановская ул., 44",1,55.625939,37.596632,98.3,3.0,0.0,0
авария,1612977,Наезд на пешехода,55.624779,37.598273,2026-01-17 20:45:00,"Чертановская ул., 44",1,55.625939,37.596632,165.1,1.0,0.0,0
точка интереса,8720987,Арена Чертаново,55.6257,37.5898,,"Чертановская ул., 44",1,55.625939,37.596632,429.8,,,0
авария,1484334,Наезд на пешехода,55.611899,37.591567,2025-01-21 16:33:00,"Чертановская улица, 53",1,55.612264,37.591738,42.0,3.0,0.0,1
авария,1517442,Падение пассажира,55.613147,37.591889,2025-05-17 10:01:00,"Чертановская улица, 53",1,55.612264,37.591738,98.6,1.0,0.0,1
авария,1590560,Падение пассажира,55.612281,37.593992,2025-11-09 17:35:00,"Чертановская улица, 53",1,55.612264,37.591738,141.6,1.0,0.0,0
точка интереса,705133,Институт социологии РАН,55.67675,37.576472,,Черёмушкинский рынок,26,55.677485,37.577588,107.6,,,0
точка интереса,5062871,Новочерёмушкинский пруд,55.6759,37.576,,Черёмушкинский рынок,26,55.677485,37.577588,202.4,,,0
точка интереса,3547491,Полимедиа,55.6751,37.5811,,Черёмушкинский рынок,26,55.677485,37.577588,344.7,,,0
точка интереса,1440045,Российское общество социологов,55.6767,37.5763,,Черёмушкинский рынок,26,55.677485,37.577588,118.9,,,0
точка интереса,4020805,Шаболово,55.67583,37.57556,,Черёмушкинский рынок,26,55.677485,37.577588,223.7,,,0
авария,1378441,Столкновение,55.79253,37.776618,2024-04-25 08:40:00,Шарикоподшипниковская ул.,12,55.791023,37.773889,239.1,1.0,0.0,0
авария,1409685,Наезд на пешехода,55.791993,37.777627,2024-07-13 23:50:00,Шарикоподшипниковская ул.,12,55.791023,37.773889,257.4,1.0,0.0,0
авария,1487468,Наезд на пешехода,55.791474,37.775524,2025-02-01 21:37:00,Шарикоподшипниковская ул.,12,55.791023,37.773889,113.8,1.0,0.0,0
точка интереса,3824568,АльпИндустрия,55.7915,37.7769,,Шарикоподшипниковская ул.,12,55.791023,37.773889,195.6,,,0
точка интереса,1538618,Измайловская площадь,55.79333,37.77611,,Шарикоподшипниковская ул.,12,55.791023,37.773889,291.7,,,0
точка интереса,123341,Первомайская (закрытая станция метро),55.78944,37.77444,,Шарикоподшипниковская ул.,12,55.791023,37.773889,179.4,,,0
авария,1516765,Наезд на пешехода,55.659081,37.608114,2025-05-15 14:40:00,Школьный парк,1,55.658783,37.608489,40.7,1.0,0.0,1
точка интереса,1349423,ВНИИНС,55.662,37.6024,,Школьный парк,1,55.658783,37.608489,523.3,,,0
точка интереса,7500446,Москворецкий рынок,55.656831,37.607424,,Школьный парк,1,55.658783,37.608489,227.1,,,0
точка интереса,3383929,Красный богатырь (завод),55.815,37.691,,Ярославская улица,11;25,55.81382,37.689842,149.9,,,0
