{
  "type": "FeatureCollection",
  "name": "Moscow tram routes",
  "source": "https://data.mos.ru/opendata/3221",
  "downloaded_at": "2026-09-23T19:27:08.344417+00:00",
  "features": [
    {
      "type": "Feature",
      "geometry": {
        "type": "MultiLineString",
        "coordinates": [
          [
            [
              37.5360166,
              55.6927356
            ],
            [
              37.5357785,
              55.6926111
            ],
            [
              37.5356874,
              55.6925057
            ],
            [
              37.5356744,
              55.6924353
            ],
            [
              37.535694,
              55.6923655
            ],
            [
              37.5357449,
              55.6923009
            ],
            [
              37.5358237,
              55.6922459
            ],
            [
              37.5362208,
              55.692045
            ],
            [
              37.5363499,
              55.6920146
            ],
            [
              37.5364546,
              55.6920092
            ],
            [
              37.5365912,
              55.6920262
            ],
            [
              37.536701,
              55.6920605
            ],
            [
              37.5371337,
              55.6922803
            ],
            [
              37.5372754,
              55.6922951
            ],
            [
              37.5374306,
              55.6922596
            ],
            [
              37.5395388,
              55.6910596
            ],
            [
              37.5421696,
              55.6895349
            ],
            [
              37.5445965,
              55.6880916
            ],
            [
              37.5474215,
              55.6865371
            ],
            [
              37.5516184,
              55.684136
            ],
            [
              37.5517389,
              55.6840868
            ],
            [
              37.5518707,
              55.6840647
            ],
            [
              37.5520429,
              55.684062
            ],
            [
              37.5522104,
              55.6840845
            ],
            [
              37.5523619,
              55.6841308
            ],
            [
              37.552505,
              55.6842123
            ],
            [
              37.5538945,
              55.6853733
            ],
            [
              37.560117,
              55.6904729
            ],
            [
              37.5614635,
              55.691555
            ],
            [
              37.5616732,
              55.6916932
            ],
            [
              37.5665044,
              55.6944543
            ],
            [
              37.5776496,
              55.7007603
            ],
            [
              37.5835294,
              55.7041192
            ],
            [
              37.5866983,
              55.705897
            ],
            [
              37.5934712,
              55.7097503
            ],
            [
              37.5935936,
              55.709805
            ],
            [
              37.5938027,
              55.7098443
            ],
            [
              37.5973494,
              55.7099796
            ],
            [
              37.5999171,
              55.7103906
            ],
            [
              37.6015889,
              55.7105879
            ],
            [
              37.6059273,
              55.7112274
            ],
            [
              37.6062584,
              55.7112975
            ],
            [
              37.6065268,
              55.7114296
            ],
            [
              37.6067064,
              55.7114981
            ],
            [
              37.6069043,
              55.7115479
            ],
            [
              37.607139,
              55.7115798
            ],
            [
              37.6209434,
              55.7111996
            ],
            [
              37.6211362,
              55.7112289
            ],
            [
              37.621449,
              55.7113612
            ],
            [
              37.6216758,
              55.7113955
            ],
            [
              37.6269635,
              55.7114842
            ],
            [
              37.6323773,
              55.7116207
            ],
            [
              37.6326348,
              55.711648
            ],
            [
              37.6328714,
              55.7117369
            ],
            [
              37.6329729,
              55.7118148
            ],
            [
              37.6330192,
              55.711874
            ],
            [
              37.6330644,
              55.7119792
            ],
            [
              37.6330758,
              55.7120502
            ],
            [
              37.6331281,
              55.7131066
            ],
            [
              37.6332952,
              55.7144533
            ],
            [
              37.6333036,
              55.7145951
            ],
            [
              37.6332183,
              55.7157709
            ],
            [
              37.6332315,
              55.7159125
            ],
            [
              37.6354571,
              55.7211066
            ],
            [
              37.635899,
              55.7220521
            ],
            [
              37.6364468,
              55.7233283
            ],
            [
              37.6365357,
              55.7238377
            ],
            [
              37.6372856,
              55.726283
            ],
            [
              37.6373363,
              55.7265126
            ],
            [
              37.6373513,
              55.7267427
            ],
            [
              37.6372611,
              55.7279147
            ],
            [
              37.6372213,
              55.7280986
            ],
            [
              37.6371797,
              55.728192
            ],
            [
              37.6369875,
              55.7284626
            ],
            [
              37.6368911,
              55.7286951
            ],
            [
              37.6368411,
              55.7289049
            ],
            [
              37.6366797,
              55.7299706
            ],
            [
              37.6365953,
              55.7301842
            ],
            [
              37.6363042,
              55.7305698
            ],
            [
              37.6360265,
              55.7309005
            ],
            [
              37.6353107,
              55.7316958
            ],
            [
              37.6343243,
              55.7333344
            ],
            [
              37.6339347,
              55.7339414
            ],
            [
              37.633462,
              55.7345718
            ],
            [
              37.6330641,
              55.7350784
            ],
            [
              37.6315696,
              55.7366101
            ],
            [
              37.6314258,
              55.7368175
            ],
            [
              37.6310728,
              55.7374068
            ],
            [
              37.6304491,
              55.7384958
            ],
            [
              37.6302382,
              55.7389236
            ],
            [
              37.6301378,
              55.739187
            ],
            [
              37.6297299,
              55.740697
            ],
            [
              37.6297081,
              55.7408513
            ],
            [
              37.6297158,
              55.7418
            ],
            [
              37.6297436,
              55.7420092
            ],
            [
              37.6297952,
              55.7421154
            ],
            [
              37.6298758,
              55.7422122
            ],
            [
              37.6300498,
              55.7423411
            ],
            [
              37.63099,
              55.7427944
            ],
            [
              37.6316446,
              55.743077
            ],
            [
              37.63275,
              55.7433682
            ],
            [
              37.6337277,
              55.7438675
            ],
            [
              37.6358775,
              55.745165
            ],
            [
              37.6374212,
              55.7461274
            ],
            [
              37.637877,
              55.7464353
            ],
            [
              37.6396619,
              55.7477053
            ],
            [
              37.6411649,
              55.7488151
            ],
            [
              37.6413099,
              55.7489936
            ],
            [
              37.6415324,
              55.7494246
            ],
            [
              37.6422457,
              55.7502535
            ],
            [
              37.6423154,
              55.7503135
            ],
            [
              37.6429328,
              55.750574
            ],
            [
              37.6435975,
              55.7507198
            ],
            [
              37.6440692,
              55.7507871
            ],
            [
              37.6446228,
              55.7507584
            ],
            [
              37.6450858,
              55.7508417
            ],
            [
              37.6452871,
              55.7509031
            ],
            [
              37.645909,
              55.7511955
            ],
            [
              37.6461879,
              55.751481
            ],
            [
              37.6474389,
              55.7529069
            ],
            [
              37.6476024,
              55.7531738
            ],
            [
              37.6484134,
              55.7546634
            ],
            [
              37.6485552,
              55.7549636
            ],
            [
              37.6486422,
              55.7552001
            ],
            [
              37.6487072,
              55.7554879
            ],
            [
              37.6487335,
              55.7556878
            ],
            [
              37.6487201,
              55.7558209
            ],
            [
              37.6486707,
              55.755979
            ],
            [
              37.6485749,
              55.756162
            ],
            [
              37.6483087,
              55.7564771
            ],
            [
              37.6478454,
              55.7569589
            ],
            [
              37.6471288,
              55.7577898
            ],
            [
              37.6467446,
              55.7585573
            ],
            [
              37.646184,
              55.7594667
            ],
            [
              37.6459735,
              55.7600649
            ],
            [
              37.6459672,
              55.760261
            ],
            [
              37.6460009,
              55.7605118
            ],
            [
              37.6459731,
              55.7606264
            ],
            [
              37.6459139,
              55.7607372
            ],
            [
              37.6456282,
              55.7610311
            ],
            [
              37.6443478,
              55.7622331
            ],
            [
              37.644117,
              55.7623901
            ],
            [
              37.6432315,
              55.762871
            ],
            [
              37.641639,
              55.7636806
            ],
            [
              37.6394587,
              55.7646883
            ],
            [
              37.6369082,
              55.7658197
            ],
            [
              37.6368143,
              55.7658858
            ],
            [
              37.63676,
              55.7659685
            ],
            [
              37.6367581,
              55.7660414
            ],
            [
              37.6368127,
              55.7661187
            ],
            [
              37.6372572,
              55.7663939
            ],
            [
              37.6419495,
              55.7690947
            ],
            [
              37.6428743,
              55.7696726
            ],
            [
              37.6476705,
              55.7731973
            ],
            [
              37.647975,
              55.7733959
            ],
            [
              37.6483146,
              55.7735755
            ],
            [
              37.6488763,
              55.7738031
            ],
            [
              37.6513922,
              55.7746057
            ],
            [
              37.6515737,
              55.7746329
            ],
            [
              37.6517155,
              55.7746339
            ],
            [
              37.6524086,
              55.7745111
            ],
            [
              37.6527244,
              55.7745007
            ],
            [
              37.6535046,
              55.7747046
            ],
            [
              37.6542272,
              55.7749992
            ],
            [
              37.6567264,
              55.7755123
            ],
            [
              37.657925,
              55.7758875
            ],
            [
              37.6588473,
              55.7762147
            ],
            [
              37.6593097,
              55.7764172
            ],
            [
              37.6615644,
              55.7774698
            ],
            [
              37.6626382,
              55.777944
            ],
            [
              37.6658443,
              55.7792977
            ],
            [
              37.6666058,
              55.7796338
            ],
            [
              37.6683763,
              55.7805335
            ],
            [
              37.6701984,
              55.7814929
            ],
            [
              37.6747304,
              55.7841392
            ],
            [
              37.6750136,
              55.7843598
            ],
            [
              37.6751601,
              55.7845066
            ],
            [
              37.6756352,
              55.7851888
            ],
            [
              37.6759883,
              55.785515
            ],
            [
              37.67628,
              55.785755
            ],
            [
              37.6767288,
              55.7860636
            ],
            [
              37.6801106,
              55.7886977
            ],
            [
              37.6805655,
              55.7890219
            ],
            [
              37.6807571,
              55.7891353
            ],
            [
              37.6812951,
              55.7893843
            ],
            [
              37.6891238,
              55.7924194
            ],
            [
              37.6914067,
              55.7933539
            ],
            [
              37.6916719,
              55.7934221
            ],
            [
              37.6944412,
              55.7938245
            ],
            [
              37.7001676,
              55.7945776
            ],
            [
              37.7050891,
              55.795185
            ],
            [
              37.7056377,
              55.7952204
            ],
            [
              37.7061987,
              55.7952345
            ],
            [
              37.7099301,
              55.7951774
            ],
            [
              37.7104752,
              55.795192
            ],
            [
              37.7110452,
              55.7952343
            ],
            [
              37.7119193,
              55.7953762
            ],
            [
              37.7254247,
              55.7977551
            ],
            [
              37.7287558,
              55.7983269
            ],
            [
              37.7288969,
              55.7983738
            ],
            [
              37.728982,
              55.798424
            ],
            [
              37.729044,
              55.7984839
            ],
            [
              37.7290794,
              55.7985503
            ],
            [
              37.7290821,
              55.7986426
            ],
            [
              37.7276148,
              55.8013859
            ],
            [
              37.7270568,
              55.8024521
            ],
            [
              37.7268646,
              55.8028651
            ],
            [
              37.7268703,
              55.8029086
            ],
            [
              37.7269055,
              55.802963
            ],
            [
              37.7270311,
              55.8030345
            ],
            [
              37.7285692,
              55.803336
            ],
            [
              37.7286882,
              55.8034068
            ],
            [
              37.7287225,
              55.8034519
            ],
            [
              37.7287375,
              55.8035166
            ],
            [
              37.7286146,
              55.8038218
            ],
            [
              37.7284019,
              55.8042658
            ],
            [
              37.726598,
              55.8077038
            ],
            [
              37.7265888,
              55.8078233
            ],
            [
              37.7266106,
              55.8079212
            ],
            [
              37.7266934,
              55.8080614
            ],
            [
              37.7267801,
              55.8081471
            ],
            [
              37.7272202,
              55.8084228
            ],
            [
              37.7282744,
              55.8090392
            ],
            [
              37.730931,
              55.8105772
            ],
            [
              37.7320769,
              55.811222
            ],
            [
              37.7355791,
              55.8132622
            ],
            [
              37.738897,
              55.8151491
            ],
            [
              37.7422135,
              55.8170654
            ],
            [
              37.7425077,
              55.8172165
            ],
            [
              37.7467806,
              55.8190598
            ],
            [
              37.7477319,
              55.8194438
            ],
            [
              37.751144,
              55.8207492
            ],
            [
              37.7516768,
              55.8209885
            ],
            [
              37.7542817,
              55.8223136
            ],
            [
              37.7551391,
              55.822814
            ],
            [
              37.75643,
              55.8235142
            ],
            [
              37.7583703,
              55.8244904
            ],
            [
              37.7646142,
              55.8275254
            ],
            [
              37.7660419,
              55.8282287
            ],
            [
              37.7663244,
              55.8283879
            ],
            [
              37.7668758,
              55.8285993
            ],
            [
              37.7675834,
              55.8289306
            ],
            [
              37.7677952,
              55.8290926
            ],
            [
              37.7682329,
              55.829309
            ],
            [
              37.7682832,
              55.8293784
            ],
            [
              37.768272,
              55.8294532
            ],
            [
              37.7682017,
              55.8295169
            ],
            [
              37.7677932,
              55.8297337
            ],
            [
              37.7676914,
              55.8297612
            ],
            [
              37.7675727,
              55.8297642
            ],
            [
              37.7674288,
              55.8297284
            ],
            [
              37.7665425,
              55.8292901
            ],
            [
              37.7664461,
              55.8292233
            ],
            [
              37.7663913,
              55.8291436
            ],
            [
              37.7663217,
              55.8285958
            ],
            [
              37.7662825,
              55.828502
            ],
            [
              37.7661762,
              55.8283706
            ],
            [
              37.7659557,
              55.8282239
            ],
            [
              37.7645725,
              55.8275526
            ]
          ],
          [
            [
              37.766367,
              55.8289703
            ],
            [
              37.7663313,
              55.8286437
            ],
            [
              37.7663053,
              55.8285485
            ],
            [
              37.7662532,
              55.8284567
            ],
            [
              37.7661762,
              55.8283706
            ],
            [
              37.7660183,
              55.8282568
            ],
            [
              37.7583282,
              55.8245174
            ],
            [
              37.75676,
              55.8237328
            ],
            [
              37.7550939,
              55.8228393
            ],
            [
              37.7541748,
              55.822306
            ],
            [
              37.7516117,
              55.8210044
            ],
            [
              37.751085,
              55.8207682
            ],
            [
              37.7476953,
              55.8194732
            ],
            [
              37.7467426,
              55.8190886
            ],
            [
              37.7425851,
              55.8172968
            ],
            [
              37.7421545,
              55.8170816
            ],
            [
              37.7388516,
              55.8151743
            ],
            [
              37.7355419,
              55.8132922
            ],
            [
              37.7320315,
              55.8112473
            ],
            [
              37.7308855,
              55.8106025
            ],
            [
              37.727174,
              55.8084476
            ],
            [
              37.726724,
              55.8081655
            ],
            [
              37.7265977,
              55.8080282
            ],
            [
              37.7265467,
              55.8079291
            ],
            [
              37.7265232,
              55.8077751
            ],
            [
              37.7265476,
              55.8076705
            ],
            [
              37.7283405,
              55.8042561
            ],
            [
              37.7285528,
              55.8038129
            ],
            [
              37.7286738,
              55.8035157
            ],
            [
              37.7286613,
              55.803462
            ],
            [
              37.7286201,
              55.8034132
            ],
            [
              37.7284922,
              55.8033532
            ],
            [
              37.7269987,
              55.8030655
            ],
            [
              37.7269028,
              55.8030226
            ],
            [
              37.7268491,
              55.8029805
            ],
            [
              37.7268143,
              55.8029325
            ],
            [
              37.7268005,
              55.802864
            ],
            [
              37.7269955,
              55.8024423
            ],
            [
              37.7275536,
              55.8013757
            ],
            [
              37.7289584,
              55.7987566
            ],
            [
              37.7290082,
              55.7986408
            ],
            [
              37.7289928,
              55.7985503
            ],
            [
              37.7289326,
              55.7984708
            ],
            [
              37.7288192,
              55.7983982
            ],
            [
              37.7287135,
              55.79836
            ],
            [
              37.7119004,
              55.7954105
            ],
            [
              37.711032,
              55.7952694
            ],
            [
              37.7104706,
              55.7952278
            ],
            [
              37.7099294,
              55.7952133
            ],
            [
              37.7061977,
              55.7952705
            ],
            [
              37.7056332,
              55.7952563
            ],
            [
              37.7050788,
              55.7952204
            ],
            [
              37.7001537,
              55.7946127
            ],
            [
              37.6944261,
              55.7938594
            ],
            [
              37.6916538,
              55.7934566
            ],
            [
              37.6913724,
              55.7933842
            ],
            [
              37.6890872,
              55.7924489
            ],
            [
              37.6812587,
              55.7894138
            ],
            [
              37.6807124,
              55.789161
            ],
            [
              37.6805178,
              55.7890457
            ],
            [
              37.6800592,
              55.788719
            ],
            [
              37.6766722,
              55.7860808
            ],
            [
              37.6763731,
              55.7858671
            ],
            [
              37.6759514,
              55.7855267
            ],
            [
              37.6756585,
              55.7852683
            ],
            [
              37.6755272,
              55.7851176
            ],
            [
              37.6751873,
              55.7845996
            ],
            [
              37.675108,
              55.7845058
            ],
            [
              37.6749597,
              55.7843653
            ],
            [
              37.6747028,
              55.784163
            ],
            [
              37.6738183,
              55.7836333
            ],
            [
              37.6701543,
              55.7815195
            ],
            [
              37.6683331,
              55.7805599
            ],
            [
              37.6665667,
              55.7796636
            ],
            [
              37.6658071,
              55.7793267
            ],
            [
              37.6625992,
              55.7779724
            ],
            [
              37.6615247,
              55.7774978
            ],
            [
              37.6592697,
              55.7764451
            ],
            [
              37.6588097,
              55.7762437
            ],
            [
              37.6577835,
              55.7758812
            ],
            [
              37.6570561,
              55.7756401
            ],
            [
              37.6566562,
              55.775524
            ],
            [
              37.6543214,
              55.7750427
            ],
            [
              37.6536116,
              55.7747953
            ],
            [
              37.6533076,
              55.7747059
            ],
            [
              37.6526031,
              55.7745341
            ],
            [
              37.6524697,
              55.7745313
            ],
            [
              37.6517252,
              55.7746668
            ],
            [
              37.6515071,
              55.774668
            ],
            [
              37.6513584,
              55.7746452
            ],
            [
              37.6488694,
              55.7738552
            ],
            [
              37.6481615,
              55.773557
            ],
            [
              37.647817,
              55.7733677
            ],
            [
              37.6473893,
              55.773075
            ],
            [
              37.6463637,
              55.7723304
            ],
            [
              37.6444739,
              55.770922
            ],
            [
              37.6426368,
              55.7695968
            ],
            [
              37.6418669,
              55.7691181
            ],
            [
              37.6382495,
              55.7670184
            ],
            [
              37.6372357,
              55.7664455
            ],
            [
              37.6364457,
              55.7659711
            ],
            [
              37.6364023,
              55.7659154
            ],
            [
              37.6363931,
              55.7658447
            ],
            [
              37.6364264,
              55.7657768
            ],
            [
              37.6364889,
              55.7657256
            ],
            [
              37.6370722,
              55.76547
            ],
            [
              37.6371604,
              55.7654123
            ],
            [
              37.6373287,
              55.765254
            ],
            [
              37.6383172,
              55.764752
            ],
            [
              37.6390062,
              55.7643216
            ],
            [
              37.6404594,
              55.7635725
            ],
            [
              37.6416467,
              55.7629312
            ],
            [
              37.6425143,
              55.7623218
            ],
            [
              37.6433082,
              55.7617
            ],
            [
              37.6434408,
              55.7615696
            ],
            [
              37.6442627,
              55.760602
            ],
            [
              37.6446585,
              55.7601065
            ],
            [
              37.6448265,
              55.7599443
            ],
            [
              37.6450442,
              55.7596838
            ],
            [
              37.6454977,
              55.7590853
            ],
            [
              37.6463245,
              55.7578504
            ],
            [
              37.6475711,
              55.7566543
            ],
            [
              37.6480385,
              55.7560637
            ],
            [
              37.648138,
              55.7559148
            ],
            [
              37.6482118,
              55.7557698
            ],
            [
              37.6482505,
              55.7555396
            ],
            [
              37.6481128,
              55.7551103
            ],
            [
              37.6477202,
              55.7542886
            ],
            [
              37.6472897,
              55.7535659
            ],
            [
              37.6470522,
              55.7531941
            ],
            [
              37.6466221,
              55.75258
            ],
            [
              37.6457435,
              55.7513956
            ],
            [
              37.6455163,
              55.7512536
            ],
            [
              37.6451168,
              55.7510528
            ],
            [
              37.6449782,
              55.7509992
            ],
            [
              37.6435358,
              55.7507438
            ],
            [
              37.6429682,
              55.7506252
            ],
            [
              37.6427196,
              55.7505345
            ],
            [
              37.6422677,
              55.7503376
            ],
            [
              37.6421889,
              55.7502698
            ],
            [
              37.6414736,
              55.7494385
            ],
            [
              37.6412491,
              55.7490043
            ],
            [
              37.6411414,
              55.748862
            ],
            [
              37.6396121,
              55.7477277
            ],
            [
              37.6378281,
              55.7464583
            ],
            [
              37.637374,
              55.7461515
            ],
            [
              37.6345894,
              55.744426
            ],
            [
              37.6336816,
              55.7438923
            ],
            [
              37.6327281,
              55.7434078
            ],
            [
              37.6326009,
              55.7433612
            ],
            [
              37.6318501,
              55.7431743
            ],
            [
              37.6315396,
              55.7430822
            ],
            [
              37.6302191,
              55.7424802
            ],
            [
              37.6300854,
              55.7424143
            ],
            [
              37.6298761,
              55.7422788
            ],
            [
              37.6297358,
              55.7421284
            ],
            [
              37.6296809,
              55.7420157
            ],
            [
              37.6296521,
              55.7418006
            ],
            [
              37.6296444,
              55.7408499
            ],
            [
              37.6296666,
              55.7406932
            ],
            [
              37.630076,
              55.7391901
            ],
            [
              37.6301762,
              55.7389153
            ],
            [
              37.6303881,
              55.7384856
            ],
            [
              37.6310124,
              55.7373954
            ],
            [
              37.6313656,
              55.7368056
            ],
            [
              37.6315118,
              55.736595
            ],
            [
              37.6330059,
              55.7350638
            ],
            [
              37.6334033,
              55.7345578
            ],
            [
              37.6338748,
              55.7339291
            ],
            [
              37.6342639,
              55.733323
            ],
            [
              37.6352688,
              55.731662
            ],
            [
              37.6360878,
              55.7307538
            ],
            [
              37.6365342,
              55.7301741
            ],
            [
              37.6366162,
              55.7299629
            ],
            [
              37.6367778,
              55.728901
            ],
            [
              37.6368284,
              55.7286888
            ],
            [
              37.6369178,
              55.7284676
            ],
            [
              37.637123,
              55.7281821
            ],
            [
              37.6371848,
              55.728001
            ],
            [
              37.6371975,
              55.7279131
            ],
            [
              37.6372876,
              55.7267426
            ],
            [
              37.6372728,
              55.7265155
            ],
            [
              37.6372226,
              55.7262882
            ],
            [
              37.6364871,
              55.7238685
            ],
            [
              37.6363865,
              55.723335
            ],
            [
              37.6358373,
              55.7220609
            ],
            [
              37.6353956,
              55.7211158
            ],
            [
              37.6331676,
              55.715914
            ],
            [
              37.6331547,
              55.7157678
            ],
            [
              37.6332399,
              55.7145948
            ],
            [
              37.6332316,
              55.7144553
            ],
            [
              37.6330646,
              55.713109
            ],
            [
              37.6330084,
              55.7120428
            ],
            [
              37.6329716,
              55.7119087
            ],
            [
              37.6329108,
              55.7118294
            ],
            [
              37.6328187,
              55.711761
            ],
            [
              37.6326065,
              55.7116838
            ],
            [
              37.6323569,
              55.7116574
            ],
            [
              37.6279846,
              55.7115421
            ],
            [
              37.621684,
              55.7114257
            ],
            [
              37.6215042,
              55.7114363
            ],
            [
              37.6212077,
              55.7115395
            ],
            [
              37.6210213,
              55.7115678
            ],
            [
              37.6067257,
              55.7119593
            ],
            [
              37.6065594,
              55.7119296
            ],
            [
              37.6064417,
              55.7118568
            ],
            [
              37.6063051,
              55.711516
            ],
            [
              37.6061972,
              55.7113929
            ],
            [
              37.6060213,
              55.711298
            ],
            [
              37.6057263,
              55.7112276
            ],
            [
              37.6010888,
              55.7105559
            ],
            [
              37.599915,
              55.7104277
            ],
            [
              37.5973375,
              55.710015
            ],
            [
              37.5937646,
              55.7098782
            ],
            [
              37.5935691,
              55.709844
            ],
            [
              37.5924639,
              55.7092319
            ],
            [
              37.5866557,
              55.7059239
            ],
            [
              37.583495,
              55.7041479
            ],
            [
              37.5751047,
              55.6993665
            ],
            [
              37.5664624,
              55.6944811
            ],
            [
              37.5621589,
              55.6920324
            ],
            [
              37.5615762,
              55.6916834
            ],
            [
              37.5613487,
              55.6915227
            ],
            [
              37.5600646,
              55.6904932
            ],
            [
              37.5538456,
              55.6853969
            ],
            [
              37.5524524,
              55.6842325
            ],
            [
              37.5523245,
              55.68416
            ],
            [
              37.5521877,
              55.6841181
            ],
            [
              37.5520363,
              55.6840977
            ],
            [
              37.5518794,
              55.6841003
            ],
            [
              37.5517667,
              55.6841192
            ],
            [
              37.5516631,
              55.6841616
            ],
            [
              37.5474663,
              55.6865626
            ],
            [
              37.5446357,
              55.6881174
            ],
            [
              37.5422155,
              55.6895597
            ],
            [
              37.5395842,
              55.6910847
            ],
            [
              37.5374136,
              55.6923232
            ],
            [
              37.5365838,
              55.6927805
            ],
            [
              37.5363891,
              55.6928308
            ],
            [
              37.5361784,
              55.692809
            ],
            [
              37.5357785,
              55.6926111
            ],
            [
              37.535714,
              55.6925505
            ],
            [
              37.5356795,
              55.6924825
            ],
            [
              37.5356838,
              55.6923884
            ],
            [
              37.5357683,
              55.6922813
            ],
            [
              37.5362512,
              55.692035
            ],
            [
              37.5364194,
              55.6920093
            ],
            [
              37.5365581,
              55.6920194
            ],
            [
              37.536701,
              55.6920605
            ],
            [
              37.5368702,
              55.6921427
            ]
          ]
        ]
      },
      "properties": {
        "ID": 3733,
        "RouteNumber": "т1",
        "RouteName": "Метро «Университет» - Метрогородок",
        "TrackOfFollowing": "Метро «Университет» - Метро «Университет» - Драмтеатр - Ленинский проспект - Центр здоровья детей - Черёмушкинский рынок - Университетская клиника РУДН - Дарвиновский музей - Ул. Губкина - Улица Ляпунова - Ул. Бардина - Просп. 60 - летия Октября - Метро «Ленинский проспект» (южный вход) - Метро «Ленинский проспект» (северный вход) - Ул. Орджоникидзе - Донской монастырь - Серпуховский Вал - Хавская ул. - Даниловский рынок - Метро «Тульская» - Свято - Данилов монастырь - Улица Даниловский Вал - 1 - й Павловский переулок - Дубининская улица, 57 - Жуков проезд - Стремянный переулок - Павелецкий вокзал - Метро «Павелецкая» - Вишняковский переулок - Метро «Третьяковская» - Метро «Новокузнецкая» - Комиссариатский мост - Яузские Ворота - Воронцово Поле - Казарменный переулок - Покровские Ворота - Большой Харитоньевский переулок - Метро «Чистые пруды» - ЛУКОЙЛ Москва - Проспект Академика Сахарова - Улица Маши Порываевой - МЦД Площадь трёх вокзалов - Метро «Комсомольская» - Метро «Красносельская» - Леснорядская улица - МЦД Митьково - Метро «Сокольники» - Клуб Русакова - Сцена «Мельников» - М. Остроумовская ул. - Трамвайное депо имени Русакова - Преображенская площадь - Метро «Преображенская площадь» - Зельев пер. - Халтуринская улица - Черкизово - Просторная ул. - Районный центр «Янтарь» - Метро «Бульвар Рокоссовского» - Плодоовощной комбинат - Тагильская улица - Консультативно - диагностический центр - Монтажная ул. - Детские ясли - сад - Метрогородок - Метрогородок",
        "ReverseTrackOfFollowing": "Метрогородок - Детские ясли - сад - Монтажная ул. - Консультативно - диагностический центр - Тагильская ул. - Плодоовощной комбинат - Метро «Бульвар Рокоссовского» - Районный центр «Янтарь» - Просторная ул. - Черкизово - Халтуринская улица - Зельев переулок - Метро «Преображенская площадь» - Преображенская площадь - Трамв. депо им. Русакова - Малая Остроумовская улица - Клуб Русакова - Сцена «Мельников» - Метро «Сокольники» - МЦД Митьково - Леснорядская улица - Метро «Красносельская» - Метро «Комсомольская» - МЦД Площадь трёх вокзалов - Улица Маши Порываевой - Проспект Академика Сахарова - ЛУКОЙЛ Москва - Метро «Чистые пруды» - Б. Харитоньевский пер. - Покровские Ворота - Казарменный переулок - Воронцово Поле - Яузские Ворота - Комиссариатский мост - Метро «Новокузнецкая» - Метро «Третьяковская» - Вишняковский переулок - Метро «Павелецкая» - Павелецкий вокзал - Стремянный переулок - Жуков проезд - Дубининская улица, 57 - 1 - й Павловский переулок - Улица Даниловский Вал - Свято - Данилов монастырь - Метро «Тульская» - Даниловский рынок - Хавская ул. - Серпуховский Вал - Донской монастырь - Улица Орджоникидзе - Метро «Ленинский проспект» (северный вход) - Метро «Ленинский проспект» (южный вход) - Просп. 60 - летия Октября - Ул. Бардина - Ул. Ляпунова - Ул. Губкина - Дарвиновский музей - Университетская клиника РУДН - Черёмушкинский рынок - Центр здоровья детей - Ленинский проспект - Драмтеатр - Метро «Университет» - Метро «Университет»",
        "TypeOfTransport": "Трамвай",
        "CarrierName": "ГУП Мосгортранс",
        "global_id": 5102384704
      }
    },
    {
      "type": "Feature",
      "geometry": {
        "type": "MultiLineString",
        "coordinates": [
          [
            [
              37.6043898,
              55.643775
            ],
            [
              37.6044025,
              55.6435449
            ],
            [
              37.6044211,
              55.6434794
            ],
            [
              37.6045059,
              55.6434009
            ],
            [
              37.6046445,
              55.6433528
            ],
            [
              37.6052462,
              55.6433414
            ],
            [
              37.6053608,
              55.6433513
            ],
            [
              37.6055288,
              55.6434139
            ],
            [
              37.60559,
              55.6434696
            ],
            [
              37.6056177,
              55.6435333
            ],
            [
              37.6056217,
              55.6441607
            ],
            [
              37.6055918,
              55.6457495
            ],
            [
              37.6054321,
              55.652067
            ],
            [
              37.6053988,
              55.6542359
            ],
            [
              37.605315,
              55.6564275
            ],
            [
              37.6053257,
              55.656529
            ],
            [
              37.6053943,
              55.6566677
            ],
            [
              37.6054856,
              55.6567652
            ],
            [
              37.6058461,
              55.6570699
            ],
            [
              37.6132768,
              55.6631943
            ],
            [
              37.6143164,
              55.6640311
            ],
            [
              37.6144506,
              55.6641049
            ],
            [
              37.6146582,
              55.6641528
            ],
            [
              37.6148454,
              55.6641531
            ],
            [
              37.6174076,
              55.663892
            ],
            [
              37.6208349,
              55.6634679
            ],
            [
              37.621268,
              55.6634297
            ],
            [
              37.6214651,
              55.6634279
            ],
            [
              37.6220236,
              55.6634707
            ],
            [
              37.6226774,
              55.6636269
            ],
            [
              37.6233065,
              55.6638223
            ],
            [
              37.6235395,
              55.6639417
            ],
            [
              37.6237012,
              55.6640451
            ],
            [
              37.6238017,
              55.6641248
            ],
            [
              37.6239797,
              55.6643431
            ],
            [
              37.6240586,
              55.6645128
            ],
            [
              37.6240817,
              55.6646639
            ],
            [
              37.6240537,
              55.6659284
            ],
            [
              37.6240037,
              55.666526
            ],
            [
              37.6239101,
              55.6673413
            ],
            [
              37.6239149,
              55.6674385
            ],
            [
              37.623956,
              55.6675522
            ],
            [
              37.6257508,
              55.6696588
            ],
            [
              37.62587,
              55.6698203
            ],
            [
              37.6272266,
              55.6718733
            ],
            [
              37.6273746,
              55.6721341
            ],
            [
              37.6275591,
              55.6725835
            ],
            [
              37.6276128,
              55.6728612
            ],
            [
              37.6276256,
              55.6730842
            ],
            [
              37.6275997,
              55.6734152
            ],
            [
              37.6275558,
              55.6736708
            ],
            [
              37.6275036,
              55.6738566
            ],
            [
              37.6274243,
              55.6740541
            ],
            [
              37.627306,
              55.6742886
            ],
            [
              37.626682,
              55.6752104
            ],
            [
              37.6265675,
              55.675457
            ],
            [
              37.6255286,
              55.6783082
            ],
            [
              37.624598,
              55.680952
            ],
            [
              37.6244724,
              55.6814502
            ],
            [
              37.6243086,
              55.6819724
            ],
            [
              37.6227301,
              55.6883288
            ],
            [
              37.6224009,
              55.6898703
            ],
            [
              37.6222417,
              55.6904735
            ],
            [
              37.6221757,
              55.6907839
            ],
            [
              37.6221608,
              55.6912342
            ],
            [
              37.6218359,
              55.6928906
            ],
            [
              37.6213922,
              55.6953439
            ],
            [
              37.6212454,
              55.6960558
            ],
            [
              37.6208068,
              55.6984948
            ],
            [
              37.6207414,
              55.6990202
            ],
            [
              37.6207433,
              55.6991875
            ],
            [
              37.6207648,
              55.6993074
            ],
            [
              37.6209305,
              55.699731
            ],
            [
              37.621394,
              55.7006085
            ],
            [
              37.6216063,
              55.7010718
            ],
            [
              37.6220182,
              55.702144
            ],
            [
              37.6221121,
              55.7024908
            ],
            [
              37.6220963,
              55.7026818
            ],
            [
              37.622043,
              55.702905
            ],
            [
              37.6220746,
              55.7032724
            ],
            [
              37.6221575,
              55.7036719
            ],
            [
              37.6222444,
              55.7038538
            ],
            [
              37.6224444,
              55.7040623
            ],
            [
              37.6226725,
              55.7042353
            ],
            [
              37.6229019,
              55.7043724
            ],
            [
              37.6238797,
              55.7048956
            ],
            [
              37.6246577,
              55.7054032
            ],
            [
              37.6248096,
              55.7055349
            ],
            [
              37.6248956,
              55.7056827
            ],
            [
              37.624911,
              55.7058435
            ],
            [
              37.6246944,
              55.7066275
            ],
            [
              37.6245932,
              55.7071383
            ],
            [
              37.6244378,
              55.7080979
            ],
            [
              37.6244425,
              55.708222
            ],
            [
              37.6247385,
              55.7097713
            ],
            [
              37.6247836,
              55.710106
            ],
            [
              37.6247554,
              55.7103437
            ],
            [
              37.6245725,
              55.7112708
            ],
            [
              37.6245796,
              55.7113239
            ],
            [
              37.624606,
              55.711361
            ],
            [
              37.6246657,
              55.7114022
            ],
            [
              37.6247468,
              55.7114293
            ],
            [
              37.6250519,
              55.7114501
            ],
            [
              37.6279873,
              55.7115062
            ],
            [
              37.6324683,
              55.7116251
            ],
            [
              37.6326348,
              55.711648
            ],
            [
              37.6327852,
              55.7116944
            ],
            [
              37.6329431,
              55.7117872
            ],
            [
              37.6330192,
              55.711874
            ],
            [
              37.6330644,
              55.7119792
            ],
            [
              37.6330758,
              55.7120502
            ],
            [
              37.6331281,
              55.7131066
            ],
            [
              37.6333036,
              55.7145951
            ],
            [
              37.6332183,
              55.7157709
            ],
            [
              37.6332315,
              55.7159125
            ],
            [
              37.6354571,
              55.7211066
            ],
            [
              37.635899,
              55.7220521
            ],
            [
              37.6364306,
              55.7232805
            ],
            [
              37.6365357,
              55.7238377
            ],
            [
              37.6372856,
              55.726283
            ],
            [
              37.6373363,
              55.7265126
            ],
            [
              37.6373513,
              55.7267427
            ],
            [
              37.6372483,
              55.7280039
            ],
            [
              37.6371797,
              55.728192
            ],
            [
              37.6369875,
              55.7284626
            ],
            [
              37.6368911,
              55.7286951
            ],
            [
              37.6368411,
              55.7289049
            ],
            [
              37.6366797,
              55.7299706
            ],
            [
              37.6365953,
              55.7301842
            ],
            [
              37.6363042,
              55.7305698
            ],
            [
              37.6360265,
              55.7309005
            ],
            [
              37.6353107,
              55.7316958
            ],
            [
              37.6343243,
              55.7333344
            ],
            [
              37.6339347,
              55.7339414
            ],
            [
              37.633462,
              55.7345718
            ],
            [
              37.6330641,
              55.7350784
            ],
            [
              37.6316777,
              55.7364923
            ],
            [
              37.6314795,
              55.7367336
            ],
            [
              37.6306966,
              55.7380488
            ],
            [
              37.6304491,
              55.7384958
            ],
            [
              37.6302382,
              55.7389236
            ],
            [
              37.6301378,
              55.739187
            ],
            [
              37.6297299,
              55.740697
            ],
            [
              37.6297081,
              55.7408513
            ],
            [
              37.6297158,
              55.7418
            ],
            [
              37.6297286,
              55.7419585
            ],
            [
              37.6297627,
              55.742062
            ],
            [
              37.6298758,
              55.7422122
            ],
            [
              37.6300498,
              55.7423411
            ],
            [
              37.63099,
              55.7427944
            ],
            [
              37.6316446,
              55.743077
            ],
            [
              37.63275,
              55.7433682
            ],
            [
              37.6337277,
              55.7438675
            ],
            [
              37.6358775,
              55.745165
            ],
            [
              37.6374212,
              55.7461274
            ],
            [
              37.637877,
              55.7464353
            ],
            [
              37.6396619,
              55.7477053
            ],
            [
              37.6411649,
              55.7488151
            ],
            [
              37.6413099,
              55.7489936
            ],
            [
              37.6415324,
              55.7494246
            ],
            [
              37.6422457,
              55.7502535
            ],
            [
              37.6423154,
              55.7503135
            ],
            [
              37.6429328,
              55.750574
            ],
            [
              37.6435975,
              55.7507198
            ],
            [
              37.6440692,
              55.7507871
            ],
            [
              37.6446228,
              55.7507584
            ],
            [
              37.6450858,
              55.7508417
            ],
            [
              37.6452871,
              55.7509031
            ],
            [
              37.645909,
              55.7511955
            ],
            [
              37.6461879,
              55.751481
            ],
            [
              37.6474389,
              55.7529069
            ],
            [
              37.6476024,
              55.7531738
            ],
            [
              37.6484134,
              55.7546634
            ],
            [
              37.6485552,
              55.7549636
            ],
            [
              37.6486422,
              55.7552001
            ],
            [
              37.6487072,
              55.7554879
            ],
            [
              37.6487338,
              55.7557521
            ],
            [
              37.6486315,
              55.7560702
            ],
            [
              37.6485749,
              55.756162
            ],
            [
              37.6483087,
              55.7564771
            ],
            [
              37.6478454,
              55.7569589
            ],
            [
              37.6471589,
              55.7577498
            ],
            [
              37.6470988,
              55.7578396
            ],
            [
              37.6467446,
              55.7585573
            ],
            [
              37.646184,
              55.7594667
            ],
            [
              37.6461218,
              55.7596183
            ],
            [
              37.6459735,
              55.7600649
            ],
            [
              37.6459672,
              55.760261
            ],
            [
              37.6460009,
              55.7605118
            ],
            [
              37.6459473,
              55.7606825
            ],
            [
              37.6458246,
              55.7608415
            ],
            [
              37.6444799,
              55.7621136
            ],
            [
              37.6442921,
              55.7622791
            ],
            [
              37.6440114,
              55.7624492
            ],
            [
              37.6432315,
              55.762871
            ],
            [
              37.641639,
              55.7636806
            ],
            [
              37.6394587,
              55.7646883
            ],
            [
              37.6369082,
              55.7658197
            ],
            [
              37.6368414,
              55.7658619
            ],
            [
              37.6367822,
              55.7659242
            ],
            [
              37.6367546,
              55.7659892
            ],
            [
              37.6367618,
              55.7660517
            ],
            [
              37.6368349,
              55.7661355
            ],
            [
              37.6372572,
              55.7663939
            ],
            [
              37.6419495,
              55.7690947
            ],
            [
              37.6428743,
              55.7696726
            ],
            [
              37.6476705,
              55.7731973
            ],
            [
              37.647975,
              55.7733959
            ],
            [
              37.6483146,
              55.7735755
            ],
            [
              37.6488763,
              55.7738031
            ],
            [
              37.6513922,
              55.7746057
            ],
            [
              37.6515737,
              55.7746329
            ],
            [
              37.6517155,
              55.7746339
            ],
            [
              37.6524086,
              55.7745111
            ],
            [
              37.6527244,
              55.7745007
            ],
            [
              37.6535046,
              55.7747046
            ],
            [
              37.6542272,
              55.7749992
            ],
            [
              37.6567264,
              55.7755123
            ],
            [
              37.657925,
              55.7758875
            ],
            [
              37.6588473,
              55.7762147
            ],
            [
              37.6593097,
              55.7764172
            ],
            [
              37.6615644,
              55.7774698
            ],
            [
              37.6626382,
              55.777944
            ],
            [
              37.6658443,
              55.7792977
            ],
            [
              37.6660003,
              55.7793456
            ],
            [
              37.6661895,
              55.7793491
            ],
            [
              37.6663797,
              55.7792918
            ],
            [
              37.6675176,
              55.7785626
            ],
            [
              37.6691184,
              55.7774215
            ],
            [
              37.669434,
              55.7771424
            ],
            [
              37.6703615,
              55.7763741
            ],
            [
              37.6707441,
              55.7760826
            ],
            [
              37.6708468,
              55.7760368
            ],
            [
              37.6710275,
              55.7760241
            ],
            [
              37.6711852,
              55.7760686
            ],
            [
              37.6721902,
              55.7764891
            ],
            [
              37.673833,
              55.7772565
            ],
            [
              37.6739556,
              55.7772823
            ],
            [
              37.6740629,
              55.7772698
            ],
            [
              37.6775672,
              55.7755798
            ],
            [
              37.6777032,
              55.7754925
            ],
            [
              37.6778038,
              55.775361
            ],
            [
              37.6784224,
              55.7732458
            ],
            [
              37.678459,
              55.7729811
            ],
            [
              37.6788254,
              55.7713928
            ],
            [
              37.6792657,
              55.7696976
            ],
            [
              37.6796349,
              55.7679388
            ],
            [
              37.6800027,
              55.7658855
            ],
            [
              37.6802706,
              55.764018
            ],
            [
              37.6802678,
              55.7637185
            ],
            [
              37.6801298,
              55.7631689
            ],
            [
              37.6801465,
              55.7631101
            ],
            [
              37.6801978,
              55.7630581
            ],
            [
              37.6802962,
              55.7630134
            ],
            [
              37.6804262,
              55.7629912
            ],
            [
              37.6835026,
              55.7627164
            ],
            [
              37.6839129,
              55.7626496
            ],
            [
              37.6842898,
              55.7625487
            ],
            [
              37.693633,
              55.759178
            ],
            [
              37.7053194,
              55.7553431
            ],
            [
              37.7080394,
              55.7544327
            ],
            [
              37.7117274,
              55.7531293
            ],
            [
              37.7119928,
              55.7530019
            ],
            [
              37.7120957,
              55.7529223
            ],
            [
              37.7121753,
              55.7528345
            ],
            [
              37.7131808,
              55.7511727
            ],
            [
              37.7132495,
              55.7511007
            ],
            [
              37.7133222,
              55.7510554
            ],
            [
              37.7134393,
              55.7510146
            ],
            [
              37.7135705,
              55.7509963
            ],
            [
              37.7137494,
              55.7510083
            ],
            [
              37.7149153,
              55.7512401
            ],
            [
              37.7154162,
              55.7513909
            ],
            [
              37.7157561,
              55.7514642
            ],
            [
              37.716521,
              55.751608
            ],
            [
              37.717306,
              55.751712
            ],
            [
              37.7176571,
              55.7517737
            ],
            [
              37.7355092,
              55.7552471
            ],
            [
              37.7407,
              55.7562733
            ],
            [
              37.7412946,
              55.756444
            ],
            [
              37.7449026,
              55.7571466
            ],
            [
              37.7451514,
              55.7572266
            ],
            [
              37.7457503,
              55.7574956
            ],
            [
              37.7466056,
              55.757651
            ],
            [
              37.7466927,
              55.7576792
            ],
            [
              37.7467824,
              55.7577355
            ],
            [
              37.7468565,
              55.757822
            ],
            [
              37.7469093,
              55.7579564
            ],
            [
              37.7470095,
              55.7589224
            ],
            [
              37.7470512,
              55.7591057
            ],
            [
              37.7471097,
              55.7592325
            ],
            [
              37.7471555,
              55.7592889
            ],
            [
              37.7472278,
              55.7593356
            ],
            [
              37.7473548,
              55.7593764
            ],
            [
              37.7476222,
              55.7593865
            ],
            [
              37.7479554,
              55.7593713
            ],
            [
              37.7481219,
              55.7593291
            ],
            [
              37.7482331,
              55.7592692
            ],
            [
              37.7482857,
              55.7592112
            ],
            [
              37.7483069,
              55.7591471
            ],
            [
              37.7483091,
              55.7587032
            ],
            [
              37.748328,
              55.7586009
            ],
            [
              37.7484266,
              55.7584995
            ],
            [
              37.7486367,
              55.7583994
            ],
            [
              37.7489082,
              55.7583496
            ],
            [
              37.7504147,
              55.7582835
            ],
            [
              37.75067,
              55.7582791
            ],
            [
              37.7510755,
              55.7583001
            ],
            [
              37.7555369,
              55.7591587
            ],
            [
              37.7676104,
              55.7615403
            ],
            [
              37.772467,
              55.762457
            ],
            [
              37.7814847,
              55.7642097
            ],
            [
              37.7817499,
              55.7642874
            ],
            [
              37.7819543,
              55.7643894
            ],
            [
              37.7827695,
              55.7649895
            ],
            [
              37.7829338,
              55.7650933
            ],
            [
              37.7830968,
              55.7651261
            ],
            [
              37.7834874,
              55.7650945
            ],
            [
              37.7837244,
              55.7650418
            ],
            [
              37.7839244,
              55.7649655
            ],
            [
              37.784092,
              55.7648579
            ],
            [
              37.7841746,
              55.7647602
            ],
            [
              37.7861247,
              55.7615094
            ],
            [
              37.7876734,
              55.7589938
            ],
            [
              37.7894313,
              55.7559782
            ],
            [
              37.7908912,
              55.7534096
            ],
            [
              37.7915072,
              55.7523567
            ],
            [
              37.7915997,
              55.7522243
            ],
            [
              37.7917416,
              55.7521395
            ],
            [
              37.791971,
              55.752099
            ],
            [
              37.7922398,
              55.7521218
            ],
            [
              37.8004076,
              55.7536873
            ],
            [
              37.8007748,
              55.753737
            ],
            [
              37.8013383,
              55.7537492
            ],
            [
              37.8019541,
              55.7536838
            ],
            [
              37.8189961,
              55.7512259
            ],
            [
              37.8190887,
              55.7511911
            ],
            [
              37.8191278,
              55.7511518
            ],
            [
              37.8191354,
              55.751098
            ],
            [
              37.8175429,
              55.7473133
            ],
            [
              37.8170909,
              55.7461825
            ],
            [
              37.8166881,
              55.7453827
            ],
            [
              37.8166482,
              55.745334
            ],
            [
              37.816573,
              55.7452858
            ],
            [
              37.8159883,
              55.7450822
            ],
            [
              37.8159096,
              55.7450427
            ],
            [
              37.815841,
              55.7449844
            ]
          ],
          [
            [
              37.8167044,
              55.7454176
            ],
            [
              37.816658,
              55.7453433
            ],
            [
              37.816573,
              55.7452858
            ],
            [
              37.8159883,
              55.7450822
            ],
            [
              37.8158872,
              55.7450274
            ],
            [
              37.8157704,
              55.7448983
            ],
            [
              37.8157703,
              55.7448403
            ],
            [
              37.8158009,
              55.7447733
            ],
            [
              37.8158896,
              55.7446938
            ],
            [
              37.8160239,
              55.7446487
            ],
            [
              37.816184,
              55.7446469
            ],
            [
              37.8163468,
              55.7446903
            ],
            [
              37.8164568,
              55.7447707
            ],
            [
              37.8165383,
              55.7449357
            ],
            [
              37.8166999,
              55.7451026
            ],
            [
              37.8167596,
              55.7451917
            ],
            [
              37.8169239,
              55.7455818
            ],
            [
              37.8169456,
              55.7457579
            ],
            [
              37.8169908,
              55.7458768
            ],
            [
              37.819194,
              55.7510845
            ],
            [
              37.8191995,
              55.7511306
            ],
            [
              37.8191792,
              55.7511769
            ],
            [
              37.8190877,
              55.7512415
            ],
            [
              37.8190121,
              55.7512629
            ],
            [
              37.8019697,
              55.7537186
            ],
            [
              37.8013433,
              55.753785
            ],
            [
              37.8009569,
              55.7537852
            ],
            [
              37.8003891,
              55.7537217
            ],
            [
              37.7922208,
              55.7521561
            ],
            [
              37.7919137,
              55.7521385
            ],
            [
              37.791802,
              55.752161
            ],
            [
              37.791708,
              55.7522018
            ],
            [
              37.791629,
              55.7522731
            ],
            [
              37.7909518,
              55.7534207
            ],
            [
              37.7894919,
              55.7559892
            ],
            [
              37.7877338,
              55.7590053
            ],
            [
              37.786185,
              55.761521
            ],
            [
              37.7842346,
              55.7647725
            ],
            [
              37.7841458,
              55.7648771
            ],
            [
              37.783965,
              55.7649931
            ],
            [
              37.7837546,
              55.7650734
            ],
            [
              37.7835036,
              55.7651292
            ],
            [
              37.783095,
              55.765162
            ],
            [
              37.7828949,
              55.7651218
            ],
            [
              37.7827198,
              55.765012
            ],
            [
              37.7819068,
              55.7644134
            ],
            [
              37.7817116,
              55.7643162
            ],
            [
              37.7814729,
              55.7642454
            ],
            [
              37.7724466,
              55.762491
            ],
            [
              37.7675896,
              55.7615742
            ],
            [
              37.7555162,
              55.7591927
            ],
            [
              37.7511123,
              55.7583447
            ],
            [
              37.7509214,
              55.7583242
            ],
            [
              37.7504182,
              55.7583194
            ],
            [
              37.7489146,
              55.7583854
            ],
            [
              37.7486679,
              55.7584308
            ],
            [
              37.7484763,
              55.7585221
            ],
            [
              37.7483897,
              55.7586101
            ],
            [
              37.7483728,
              55.7587047
            ],
            [
              37.7483703,
              55.7591503
            ],
            [
              37.7483449,
              55.7592244
            ],
            [
              37.7482832,
              55.7592914
            ],
            [
              37.7481101,
              55.7593761
            ],
            [
              37.7479632,
              55.759407
            ],
            [
              37.74749,
              55.7594236
            ],
            [
              37.7473316,
              55.7594098
            ],
            [
              37.7472176,
              55.7593767
            ],
            [
              37.7471036,
              55.7593098
            ],
            [
              37.7470485,
              55.7592426
            ],
            [
              37.7469885,
              55.7591119
            ],
            [
              37.7469459,
              55.7589247
            ],
            [
              37.7468459,
              55.7579607
            ],
            [
              37.7467957,
              55.7578328
            ],
            [
              37.7467292,
              55.7577554
            ],
            [
              37.7466749,
              55.7577179
            ],
            [
              37.7465815,
              55.7576843
            ],
            [
              37.7457176,
              55.7575264
            ],
            [
              37.7451151,
              55.7572561
            ],
            [
              37.7448764,
              55.7571794
            ],
            [
              37.7412725,
              55.7564792
            ],
            [
              37.7406792,
              55.7563072
            ],
            [
              37.7354883,
              55.755281
            ],
            [
              37.7176375,
              55.751807
            ],
            [
              37.7172898,
              55.7517458
            ],
            [
              37.7165031,
              55.7516415
            ],
            [
              37.7157358,
              55.7514973
            ],
            [
              37.7153906,
              55.7514228
            ],
            [
              37.7148934,
              55.7512729
            ],
            [
              37.7137231,
              55.7510412
            ],
            [
              37.7135761,
              55.7510321
            ],
            [
              37.7134619,
              55.7510482
            ],
            [
              37.7133622,
              55.7510834
            ],
            [
              37.7132411,
              55.7511844
            ],
            [
              37.7122499,
              55.7528259
            ],
            [
              37.7121952,
              55.7528956
            ],
            [
              37.7120411,
              55.7530253
            ],
            [
              37.711762,
              55.7531594
            ],
            [
              37.7080726,
              55.7544634
            ],
            [
              37.7053517,
              55.755374
            ],
            [
              37.6936664,
              55.7592086
            ],
            [
              37.6843218,
              55.7625797
            ],
            [
              37.6839357,
              55.7626832
            ],
            [
              37.683516,
              55.7627515
            ],
            [
              37.680416,
              55.7630283
            ],
            [
              37.6803252,
              55.7630446
            ],
            [
              37.6802488,
              55.7630786
            ],
            [
              37.6802085,
              55.7631184
            ],
            [
              37.6801948,
              55.7631636
            ],
            [
              37.6803323,
              55.7637298
            ],
            [
              37.6803341,
              55.7640211
            ],
            [
              37.6800661,
              55.7658887
            ],
            [
              37.6796983,
              55.7679427
            ],
            [
              37.6793289,
              55.7697023
            ],
            [
              37.6788885,
              55.7713977
            ],
            [
              37.6785222,
              55.7729725
            ],
            [
              37.6784904,
              55.7732236
            ],
            [
              37.6778658,
              55.7753693
            ],
            [
              37.6778313,
              55.775431
            ],
            [
              37.6777571,
              55.7755117
            ],
            [
              37.6776096,
              55.7756066
            ],
            [
              37.6740945,
              55.777301
            ],
            [
              37.6739486,
              55.777318
            ],
            [
              37.6737972,
              55.7772862
            ],
            [
              37.6725469,
              55.7766953
            ],
            [
              37.671271,
              55.7761451
            ],
            [
              37.6710498,
              55.7760664
            ],
            [
              37.6708688,
              55.776073
            ],
            [
              37.6708006,
              55.7761006
            ],
            [
              37.6704136,
              55.7763949
            ],
            [
              37.669169,
              55.7774433
            ],
            [
              37.6672794,
              55.7787812
            ],
            [
              37.6664005,
              55.7793295
            ],
            [
              37.6662029,
              55.7793842
            ],
            [
              37.6659829,
              55.7793802
            ],
            [
              37.6658469,
              55.7793438
            ],
            [
              37.6625992,
              55.7779724
            ],
            [
              37.6615247,
              55.7774978
            ],
            [
              37.6592697,
              55.7764451
            ],
            [
              37.6588097,
              55.7762437
            ],
            [
              37.6570561,
              55.7756401
            ],
            [
              37.6564457,
              55.775478
            ],
            [
              37.6543214,
              55.7750427
            ],
            [
              37.6536116,
              55.7747953
            ],
            [
              37.6533076,
              55.7747059
            ],
            [
              37.6525913,
              55.774532
            ],
            [
              37.6524697,
              55.7745313
            ],
            [
              37.6517252,
              55.7746668
            ],
            [
              37.6515071,
              55.774668
            ],
            [
              37.6513584,
              55.7746452
            ],
            [
              37.6488694,
              55.7738552
            ],
            [
              37.6481615,
              55.773557
            ],
            [
              37.647817,
              55.7733677
            ],
            [
              37.6473893,
              55.773075
            ],
            [
              37.6463637,
              55.7723304
            ],
            [
              37.6444739,
              55.770922
            ],
            [
              37.6426368,
              55.7695968
            ],
            [
              37.6418669,
              55.7691181
            ],
            [
              37.6410426,
              55.7686357
            ],
            [
              37.6372357,
              55.7664455
            ],
            [
              37.6366048,
              55.7660569
            ],
            [
              37.6364784,
              55.7659955
            ],
            [
              37.6363982,
              55.7659055
            ],
            [
              37.6363916,
              55.7658548
            ],
            [
              37.6364066,
              55.7658059
            ],
            [
              37.6364889,
              55.7657256
            ],
            [
              37.6370722,
              55.76547
            ],
            [
              37.6371604,
              55.7654123
            ],
            [
              37.6373287,
              55.765254
            ],
            [
              37.6383172,
              55.764752
            ],
            [
              37.6390062,
              55.7643216
            ],
            [
              37.6404594,
              55.7635725
            ],
            [
              37.6416467,
              55.7629312
            ],
            [
              37.6425143,
              55.7623218
            ],
            [
              37.6433082,
              55.7617
            ],
            [
              37.6434408,
              55.7615696
            ],
            [
              37.6442627,
              55.760602
            ],
            [
              37.6446585,
              55.7601065
            ],
            [
              37.6448265,
              55.7599443
            ],
            [
              37.6450442,
              55.7596838
            ],
            [
              37.6454977,
              55.7590853
            ],
            [
              37.6463245,
              55.7578504
            ],
            [
              37.6475711,
              55.7566543
            ],
            [
              37.6480385,
              55.7560637
            ],
            [
              37.648138,
              55.7559148
            ],
            [
              37.6482118,
              55.7557698
            ],
            [
              37.6482313,
              55.755695
            ],
            [
              37.6482518,
              55.7555796
            ],
            [
              37.6482422,
              55.7554989
            ],
            [
              37.6481128,
              55.7551103
            ],
            [
              37.6477202,
              55.7542886
            ],
            [
              37.6472897,
              55.7535659
            ],
            [
              37.6470522,
              55.7531941
            ],
            [
              37.6466221,
              55.75258
            ],
            [
              37.6457435,
              55.7513956
            ],
            [
              37.6455163,
              55.7512536
            ],
            [
              37.6451168,
              55.7510528
            ],
            [
              37.6449782,
              55.7509992
            ],
            [
              37.6435358,
              55.7507438
            ],
            [
              37.6429682,
              55.7506252
            ],
            [
              37.6427196,
              55.7505345
            ],
            [
              37.6422677,
              55.7503376
            ],
            [
              37.6421889,
              55.7502698
            ],
            [
              37.6414736,
              55.7494385
            ],
            [
              37.6412491,
              55.7490043
            ],
            [
              37.6411414,
              55.748862
            ],
            [
              37.6396121,
              55.7477277
            ],
            [
              37.6378281,
              55.7464583
            ],
            [
              37.637374,
              55.7461515
            ],
            [
              37.6345894,
              55.744426
            ],
            [
              37.6336816,
              55.7438923
            ],
            [
              37.6326663,
              55.743383
            ],
            [
              37.6316132,
              55.7431083
            ],
            [
              37.6309499,
              55.7428223
            ],
            [
              37.6300026,
              55.7423652
            ],
            [
              37.6298206,
              55.7422302
            ],
            [
              37.6297011,
              55.7420715
            ],
            [
              37.6296653,
              55.741963
            ],
            [
              37.6296521,
              55.7418006
            ],
            [
              37.6296444,
              55.7408499
            ],
            [
              37.6296666,
              55.7406932
            ],
            [
              37.630076,
              55.7391901
            ],
            [
              37.6301762,
              55.7389153
            ],
            [
              37.6303881,
              55.7384856
            ],
            [
              37.630636,
              55.7380378
            ],
            [
              37.6314201,
              55.7367206
            ],
            [
              37.6316221,
              55.7364748
            ],
            [
              37.6330059,
              55.7350638
            ],
            [
              37.6334033,
              55.7345578
            ],
            [
              37.6338748,
              55.7339291
            ],
            [
              37.6342639,
              55.733323
            ],
            [
              37.6352688,
              55.731662
            ],
            [
              37.6360878,
              55.7307538
            ],
            [
              37.6365342,
              55.7301741
            ],
            [
              37.6366162,
              55.7299629
            ],
            [
              37.6367778,
              55.728901
            ],
            [
              37.6368284,
              55.7286888
            ],
            [
              37.6369178,
              55.7284676
            ],
            [
              37.637123,
              55.7281821
            ],
            [
              37.6371848,
              55.728001
            ],
            [
              37.6372876,
              55.7267426
            ],
            [
              37.6372728,
              55.7265155
            ],
            [
              37.6372226,
              55.7262882
            ],
            [
              37.6364871,
              55.7238685
            ],
            [
              37.6363712,
              55.7232947
            ],
            [
              37.6358373,
              55.7220609
            ],
            [
              37.6353956,
              55.7211158
            ],
            [
              37.6331676,
              55.715914
            ],
            [
              37.6331547,
              55.7157678
            ],
            [
              37.6332399,
              55.7145948
            ],
            [
              37.6330646,
              55.713109
            ],
            [
              37.6330146,
              55.7120987
            ],
            [
              37.6329716,
              55.7119087
            ],
            [
              37.6328837,
              55.7118051
            ],
            [
              37.6327814,
              55.7117415
            ],
            [
              37.6326534,
              55.7116949
            ],
            [
              37.6324515,
              55.7116624
            ],
            [
              37.6300171,
              55.7115907
            ],
            [
              37.6249856,
              55.7114828
            ],
            [
              37.6247233,
              55.7114632
            ],
            [
              37.6246264,
              55.7114304
            ],
            [
              37.6245492,
              55.7113772
            ],
            [
              37.6245125,
              55.7113181
            ],
            [
              37.624509,
              55.7112688
            ],
            [
              37.6247136,
              55.7101865
            ],
            [
              37.6247164,
              55.710044
            ],
            [
              37.6243791,
              55.708225
            ],
            [
              37.6243742,
              55.7080956
            ],
            [
              37.6245298,
              55.707135
            ],
            [
              37.6246314,
              55.7066226
            ],
            [
              37.624848,
              55.7058372
            ],
            [
              37.624833,
              55.7056894
            ],
            [
              37.6247508,
              55.7055488
            ],
            [
              37.6246075,
              55.7054253
            ],
            [
              37.6238644,
              55.7049315
            ],
            [
              37.6228573,
              55.704398
            ],
            [
              37.6226239,
              55.7042585
            ],
            [
              37.6223908,
              55.7040817
            ],
            [
              37.6221853,
              55.7038672
            ],
            [
              37.6220948,
              55.7036778
            ],
            [
              37.6220112,
              55.7032755
            ],
            [
              37.6219795,
              55.7029028
            ],
            [
              37.6220524,
              55.7025505
            ],
            [
              37.6220499,
              55.7024868
            ],
            [
              37.6219786,
              55.7022296
            ],
            [
              37.6215575,
              55.701112
            ],
            [
              37.6213287,
              55.7006127
            ],
            [
              37.620878,
              55.6997577
            ],
            [
              37.6207018,
              55.6993126
            ],
            [
              37.6206767,
              55.6990659
            ],
            [
              37.6207434,
              55.6984916
            ],
            [
              37.6211821,
              55.696052
            ],
            [
              37.6213304,
              55.6953296
            ],
            [
              37.6217727,
              55.6928869
            ],
            [
              37.6220976,
              55.69123
            ],
            [
              37.6221124,
              55.6907806
            ],
            [
              37.6221787,
              55.6904688
            ],
            [
              37.6223608,
              55.6898026
            ],
            [
              37.6226671,
              55.6883241
            ],
            [
              37.6230612,
              55.6867901
            ],
            [
              37.6240853,
              55.6826205
            ],
            [
              37.624265,
              55.6819413
            ],
            [
              37.6244103,
              55.6814682
            ],
            [
              37.6245355,
              55.6809455
            ],
            [
              37.6254664,
              55.6783007
            ],
            [
              37.6265054,
              55.6754492
            ],
            [
              37.6266219,
              55.6751986
            ],
            [
              37.6272461,
              55.6742766
            ],
            [
              37.6274414,
              55.673849
            ],
            [
              37.627493,
              55.6736652
            ],
            [
              37.6275364,
              55.6734117
            ],
            [
              37.627562,
              55.6730833
            ],
            [
              37.6275493,
              55.6728626
            ],
            [
              37.6274962,
              55.6725888
            ],
            [
              37.6273141,
              55.672145
            ],
            [
              37.627166,
              55.6718842
            ],
            [
              37.6258104,
              55.6698329
            ],
            [
              37.6256921,
              55.6696726
            ],
            [
              37.6239338,
              55.6676232
            ],
            [
              37.6238682,
              55.667503
            ],
            [
              37.6238465,
              55.6673404
            ],
            [
              37.6239402,
              55.666524
            ],
            [
              37.6239902,
              55.6659273
            ],
            [
              37.6240182,
              55.6646649
            ],
            [
              37.6239959,
              55.6645185
            ],
            [
              37.6239197,
              55.6643549
            ],
            [
              37.623745,
              55.6641412
            ],
            [
              37.6236516,
              55.6640676
            ],
            [
              37.6234945,
              55.663967
            ],
            [
              37.6232682,
              55.663851
            ],
            [
              37.6226496,
              55.6636592
            ],
            [
              37.6220043,
              55.663505
            ],
            [
              37.621466,
              55.6634639
            ],
            [
              37.6212759,
              55.6634654
            ],
            [
              37.6208489,
              55.663503
            ],
            [
              37.61742,
              55.6639273
            ],
            [
              37.614839,
              55.6641901
            ],
            [
              37.6146126,
              55.6641864
            ],
            [
              37.6143961,
              55.6641296
            ],
            [
              37.6142721,
              55.664059
            ],
            [
              37.6131466,
              55.663149
            ],
            [
              37.6057936,
              55.6570901
            ],
            [
              37.6054318,
              55.6567843
            ],
            [
              37.6053411,
              55.6566895
            ],
            [
              37.6052809,
              55.6565872
            ],
            [
              37.6052516,
              55.6564267
            ],
            [
              37.6053352,
              55.6542354
            ],
            [
              37.6053685,
              55.6520668
            ],
            [
              37.6055496,
              55.6445744
            ],
            [
              37.6055092,
              55.6444922
            ],
            [
              37.6054678,
              55.6444511
            ],
            [
              37.6053155,
              55.644384
            ],
            [
              37.6051215,
              55.6443601
            ],
            [
              37.6047008,
              55.6443574
            ],
            [
              37.6045587,
              55.644328
            ],
            [
              37.6044664,
              55.6442835
            ],
            [
              37.6044156,
              55.6442407
            ],
            [
              37.6043804,
              55.6441858
            ],
            [
              37.6043714,
              55.6441365
            ],
            [
              37.6044025,
              55.6435449
            ],
            [
              37.6044137,
              55.6434943
            ],
            [
              37.6044553,
              55.6434373
            ],
            [
              37.6045475,
              55.6433808
            ],
            [
              37.6046708,
              55.6433485
            ],
            [
              37.6052029,
              55.6433415
            ]
          ]
        ]
      },
      "properties": {
        "ID": 3734,
        "RouteNumber": "т2",
        "RouteName": "Метро «Чертановская» - МЦД Новогиреево",
        "TrackOfFollowing": "Метро «Чертановская» - Черноморский бульв. - Симферопольский бульвар, 20 - Метро «Каховская» - Болотниковская улица - Фруктовая улица - Нахимовский проспект - Симферопольский бульвар - Хлебозаводский пр. - 1 - й Нагатинский пр. - Нижние Котлы - Платформа Нагатинская - Метро «Нагатинская» - МЦК Верхние Котлы - Стадион «Труд» - Даниловская мануфактура - Платформа Тульская - Метро «Тульская» - Метро «Тульская» - Свято - Данилов монастырь - Улица Даниловский Вал - 1 - й Павловский переулок - Дубининская улица, 57 - Жуков проезд - Стремянный переулок - Павелецкий вокзал - Метро «Павелецкая» - Вишняковский переулок - Метро «Третьяковская» - Метро «Новокузнецкая» - Комиссариатский мост - Яузские Ворота - Воронцово Поле - Казарменный переулок - Покровские Ворота - Большой Харитоньевский переулок - Метро «Чистые пруды» - ЛУКОЙЛ Москва - Проспект Академика Сахарова - Улица Маши Порываевой - МЦД Площадь трёх вокзалов - Метро «Комсомольская» - Метро «Красносельская» - Нижняя Красносельская улица - Ольховская улица - Поликлиника - Басманный двор - Метро «Бауманская» - Аптекарский переулок - Денисовский переулок - МГТУ имени Н.Э. Баумана - Лефортовская наб. - Лефортовский мост - 1 - й Краснокурсантский проезд - Улица Лефортовский Вал - МЭИ - Метро «Авиамоторная» - Метро «Авиамоторная» - Дом культуры «Компрессор» - Улица Буракова - Проспект Будённого - МЦК Шоссе Энтузиастов - Метро «Шоссе Энтузиастов» - Улица Плеханова - Главная аллея - Кинотеатр «Слава» - 2 - я Владимирская улица - 3 - я Владимирская улица - МФЦ Перово - Улица Металлургов - Федеративный проспект - Перово Поле - Новогиреевская ул., 37 - Мартеновская ул. - Зеленый просп., 65 - Метро «Новогиреево» - Метро «Новогиреево» - Улица Алексея Дикого - МЦД Новогиреево",
        "ReverseTrackOfFollowing": "МЦД Новогиреево - МЦД Новогиреево - Улица Алексея Дикого - Метро «Новогиреево» - Метро «Новогиреево» - Зелёный проспект, 65 - Мартеновская ул. - Новогиреевская улица, 37 - Перово Поле - Федеративный проспект - Улица Металлургов - МФЦ Перово - 3 - я Владимирская улица - 2 - я Владимирская улица - Кинотеатр «Слава» - Главная ал. - Улица Плеханова - Метро «Шоссе Энтузиастов» - МЦК Шоссе Энтузиастов - Проспект Будённого - Улица Буракова - Д/к «Компрессор» - Метро «Авиамоторная» - Метро «Авиамоторная» - МЭИ - Улица Лефортовский Вал - 1 - й Краснокурсантский проезд - Лефортовский мост - Лефортовская набережная - МГТУ имени Н.Э. Баумана - Денисовский переулок - Аптекарский переулок - Метро «Бауманская» - Басманный двор - Поликлиника - Ольховская улица - Метро «Красносельская» - Метро «Комсомольская» - МЦД Площадь трёх вокзалов - Улица Маши Порываевой - Проспект Академика Сахарова - ЛУКОЙЛ Москва - Метро «Чистые пруды» - Б. Харитоньевский пер. - Покровские Ворота - Казарменный переулок - Воронцово Поле - Яузские Ворота - Комиссариатский мост - Метро «Новокузнецкая» - Метро «Третьяковская» - Вишняковский переулок - Метро «Павелецкая» - Павелецкий вокзал - Стремянный переулок - Жуков проезд - Дубининская улица, 57 - 1 - й Павловский переулок - Улица Даниловский Вал - Свято - Данилов монастырь - Метро «Тульская» - Метро «Тульская» - Платформа Тульская - Даниловская мануфактура - Стадион «Труд» - МЦК Верхние Котлы - Метро «Нагатинская» - Платформа Нагатинская - Нижние Котлы - 1 - й Нагатинский пр. - Хлебозаводский проезд - Симферопольский бульв. - Нахимовский проспект - Фруктовая улица - Болотниковская улица - Метро «Каховская» - Симферопольский бульвар, 20 - Черноморский бульвар - Метро «Чертановская»",
        "TypeOfTransport": "Трамвай",
        "CarrierName": "ГУП Мосгортранс",
        "global_id": 5102384706
      }
    },
    {
      "type": "Feature",
      "geometry": {
        "type": "MultiLineString",
        "coordinates": [
          [
            [
              37.63364,
              55.7923613
            ],
            [
              37.6339398,
              55.792421
            ],
            [
              37.6340049,
              55.7924577
            ],
            [
              37.634039,
              55.7925066
            ],
            [
              37.6339916,
              55.7929989
            ],
            [
              37.633947,
              55.7930879
            ],
            [
              37.6338803,
              55.7931264
            ],
            [
              37.6336694,
              55.7931471
            ],
            [
              37.6334536,
              55.7931138
            ],
            [
              37.6333318,
              55.7930474
            ],
            [
              37.6332904,
              55.7929584
            ],
            [
              37.6333842,
              55.7920286
            ],
            [
              37.6333654,
              55.7918969
            ],
            [
              37.6332744,
              55.7915887
            ],
            [
              37.6332561,
              55.7914016
            ],
            [
              37.6334276,
              55.7903215
            ],
            [
              37.6334011,
              55.7902256
            ],
            [
              37.6333309,
              55.7901523
            ],
            [
              37.6331946,
              55.7900842
            ],
            [
              37.631789,
              55.7896908
            ],
            [
              37.6293186,
              55.7889348
            ],
            [
              37.6291073,
              55.7888985
            ],
            [
              37.623896,
              55.7887728
            ],
            [
              37.6192224,
              55.7886186
            ],
            [
              37.61038,
              55.7882257
            ],
            [
              37.61014,
              55.7882494
            ],
            [
              37.609998,
              55.7883114
            ],
            [
              37.6099625,
              55.7883472
            ],
            [
              37.6099996,
              55.7886223
            ],
            [
              37.6099367,
              55.7899307
            ],
            [
              37.6099061,
              55.7899922
            ],
            [
              37.6098527,
              55.7900337
            ],
            [
              37.6096927,
              55.7900798
            ],
            [
              37.6043289,
              55.7897142
            ],
            [
              37.6004268,
              55.7894043
            ],
            [
              37.600322,
              55.789384
            ],
            [
              37.6002147,
              55.7893215
            ],
            [
              37.6001853,
              55.7892742
            ],
            [
              37.6001833,
              55.7892241
            ],
            [
              37.6006647,
              55.7877148
            ],
            [
              37.6016794,
              55.7852506
            ],
            [
              37.6016918,
              55.7852013
            ],
            [
              37.6016844,
              55.7851278
            ],
            [
              37.6016057,
              55.7850139
            ],
            [
              37.6013836,
              55.7848807
            ],
            [
              37.5971852,
              55.7841838
            ],
            [
              37.5969509,
              55.7841174
            ],
            [
              37.5966076,
              55.7839086
            ],
            [
              37.5925173,
              55.7810721
            ],
            [
              37.5874884,
              55.7777876
            ],
            [
              37.58692,
              55.7774395
            ],
            [
              37.5855396,
              55.7765389
            ],
            [
              37.5852216,
              55.7763494
            ],
            [
              37.585081,
              55.7763038
            ],
            [
              37.5848744,
              55.7762782
            ],
            [
              37.5847566,
              55.7762853
            ],
            [
              37.5844051,
              55.77642
            ],
            [
              37.5841659,
              55.7765362
            ],
            [
              37.5839849,
              55.7765566
            ],
            [
              37.5838537,
              55.7765202
            ],
            [
              37.5833694,
              55.7762355
            ],
            [
              37.5833279,
              55.7761956
            ],
            [
              37.5833152,
              55.7761432
            ],
            [
              37.583336,
              55.7760984
            ],
            [
              37.5833757,
              55.7760656
            ],
            [
              37.5837067,
              55.7759084
            ],
            [
              37.583828,
              55.7758827
            ],
            [
              37.5839874,
              55.7758885
            ],
            [
              37.5841411,
              55.7759323
            ],
            [
              37.5846167,
              55.7761814
            ],
            [
              37.5847883,
              55.7762275
            ],
            [
              37.5851056,
              55.7762769
            ],
            [
              37.5852472,
              55.77632
            ],
            [
              37.585547,
              55.7765012
            ]
          ],
          [
            [
              37.5849612,
              55.7762875
            ],
            [
              37.5848234,
              55.7762782
            ],
            [
              37.584709,
              55.7762956
            ],
            [
              37.5841659,
              55.7765362
            ],
            [
              37.5839849,
              55.7765566
            ],
            [
              37.5838537,
              55.7765202
            ],
            [
              37.5833694,
              55.7762355
            ],
            [
              37.5833279,
              55.7761956
            ],
            [
              37.5833152,
              55.7761432
            ],
            [
              37.583336,
              55.7760984
            ],
            [
              37.5833757,
              55.7760656
            ],
            [
              37.5837067,
              55.7759084
            ],
            [
              37.5838136,
              55.7758839
            ],
            [
              37.5839663,
              55.7758857
            ],
            [
              37.5841411,
              55.7759323
            ],
            [
              37.5846167,
              55.7761814
            ],
            [
              37.5847883,
              55.7762275
            ],
            [
              37.5851354,
              55.7762838
            ],
            [
              37.585315,
              55.776352
            ],
            [
              37.5885961,
              55.7784544
            ],
            [
              37.5928688,
              55.7812484
            ],
            [
              37.5950833,
              55.7827789
            ],
            [
              37.5970324,
              55.7840966
            ],
            [
              37.5972227,
              55.7841547
            ],
            [
              37.6014024,
              55.784844
            ],
            [
              37.6016392,
              55.7849792
            ],
            [
              37.6017337,
              55.7850952
            ],
            [
              37.6017533,
              55.7851761
            ],
            [
              37.6017474,
              55.7852305
            ],
            [
              37.6007241,
              55.7877216
            ],
            [
              37.6002464,
              55.7892185
            ],
            [
              37.6002506,
              55.789262
            ],
            [
              37.6002784,
              55.7893026
            ],
            [
              37.6003747,
              55.7893552
            ],
            [
              37.6043365,
              55.7896795
            ],
            [
              37.6097001,
              55.7900424
            ],
            [
              37.6098307,
              55.7899931
            ],
            [
              37.6098628,
              55.7899574
            ],
            [
              37.6098768,
              55.789901
            ],
            [
              37.6099358,
              55.7886224
            ],
            [
              37.6099313,
              55.7885219
            ],
            [
              37.6098963,
              55.7883723
            ],
            [
              37.609905,
              55.7883396
            ],
            [
              37.6099377,
              55.7882973
            ],
            [
              37.610034,
              55.7882517
            ],
            [
              37.610279,
              55.7882083
            ],
            [
              37.6194239,
              55.7886079
            ],
            [
              37.6229555,
              55.7887246
            ],
            [
              37.6290724,
              55.7888762
            ],
            [
              37.6294037,
              55.7889364
            ],
            [
              37.631946,
              55.78972
            ],
            [
              37.6332492,
              55.7900724
            ],
            [
              37.6333948,
              55.7901447
            ],
            [
              37.633452,
              55.7902105
            ],
            [
              37.6334704,
              55.790283
            ],
            [
              37.6333141,
              55.7915016
            ],
            [
              37.6334535,
              55.7920479
            ],
            [
              37.6335371,
              55.7922881
            ],
            [
              37.63364,
              55.7923613
            ],
            [
              37.6339493,
              55.7924247
            ],
            [
              37.6340049,
              55.7924577
            ],
            [
              37.6340365,
              55.7924998
            ],
            [
              37.6339972,
              55.7929759
            ],
            [
              37.633938,
              55.7930964
            ],
            [
              37.6338084,
              55.7931408
            ],
            [
              37.6335893,
              55.7931407
            ],
            [
              37.633414,
              55.7930998
            ],
            [
              37.6333179,
              55.7930316
            ],
            [
              37.6332952,
              55.7929842
            ],
            [
              37.6332879,
              55.7929064
            ],
            [
              37.6333497,
              55.7923706
            ]
          ]
        ]
      },
      "properties": {
        "ID": 3736,
        "RouteNumber": "5",
        "RouteName": "Метро «Рижская» - Белорусский вокзал",
        "TrackOfFollowing": "Метро «Рижская» - Улица Гиляровского - Улица Щепкина - Олимпийский проспект - Улица Советской Армии - МИИТ - Ул. Образцова - Дворец культуры МИИТ - Минаевский переулок - Тихвинский пер. - Улица Палиха - Лесная улица - Миусское депо - ДК Зуева - Метро «Белорусская» - Белорусский вокзал",
        "ReverseTrackOfFollowing": "Белорусский вокзал - Метро «Белорусская» - ДК Зуева - Миусское депо - Лесная улица - Улица Палиха - Тихвинский пер. - Минаевский переулок - Дворец культуры МИИТ - Улица Образцова - МИИТ - Улица Советской Армии - Олимпийский проспект - Улица Щепкина - Улица Гиляровского - Метро «Рижская»",
        "TypeOfTransport": "Трамвай",
        "CarrierName": "ГУП Мосгортранс",
        "global_id": 5102384705
      }
    },
    {
      "type": "Feature",
      "geometry": {
        "type": "MultiLineString",
        "coordinates": [
          [
            [
              37.6963284,
              55.7338017
            ],
            [
              37.6966716,
              55.7337281
            ],
            [
              37.6967935,
              55.73372
            ],
            [
              37.6969697,
              55.7337481
            ],
            [
              37.6971042,
              55.7338183
            ],
            [
              37.6983169,
              55.735445
            ],
            [
              37.6983829,
              55.7355534
            ],
            [
              37.698369,
              55.7356139
            ],
            [
              37.6983064,
              55.7356542
            ],
            [
              37.6981909,
              55.7356756
            ],
            [
              37.6959704,
              55.7358997
            ],
            [
              37.6902252,
              55.7364317
            ],
            [
              37.6872624,
              55.736675
            ],
            [
              37.6844138,
              55.736931
            ],
            [
              37.6807945,
              55.7373273
            ],
            [
              37.6743617,
              55.7381219
            ],
            [
              37.6740928,
              55.7382005
            ],
            [
              37.6734823,
              55.738491
            ],
            [
              37.6733086,
              55.7385248
            ],
            [
              37.6731615,
              55.7385262
            ],
            [
              37.6729226,
              55.7384745
            ],
            [
              37.6728376,
              55.7384327
            ],
            [
              37.6727625,
              55.7383725
            ],
            [
              37.671899,
              55.7370924
            ],
            [
              37.671417,
              55.7364346
            ],
            [
              37.6706871,
              55.7355499
            ],
            [
              37.6703136,
              55.7351643
            ],
            [
              37.6688238,
              55.7338948
            ],
            [
              37.6684883,
              55.7336456
            ],
            [
              37.6661751,
              55.7322331
            ],
            [
              37.6657332,
              55.7319906
            ],
            [
              37.6654335,
              55.7318616
            ],
            [
              37.6646198,
              55.731606
            ],
            [
              37.6632592,
              55.7312526
            ],
            [
              37.6559128,
              55.7296181
            ],
            [
              37.6555912,
              55.7295055
            ],
            [
              37.6511407,
              55.727543
            ],
            [
              37.6509868,
              55.7275303
            ],
            [
              37.6508616,
              55.7275533
            ],
            [
              37.6507514,
              55.7276167
            ],
            [
              37.6507131,
              55.7276877
            ],
            [
              37.6507232,
              55.7277471
            ],
            [
              37.6507606,
              55.7277966
            ],
            [
              37.6510843,
              55.7281011
            ],
            [
              37.6510942,
              55.7281473
            ],
            [
              37.6510825,
              55.7281903
            ],
            [
              37.6510488,
              55.72823
            ],
            [
              37.6509897,
              55.7282596
            ],
            [
              37.6462464,
              55.729428
            ],
            [
              37.6425282,
              55.7303956
            ],
            [
              37.6422495,
              55.7304187
            ],
            [
              37.6417577,
              55.7303972
            ],
            [
              37.6368556,
              55.7300508
            ],
            [
              37.6367661,
              55.7300566
            ],
            [
              37.6366885,
              55.7300825
            ],
            [
              37.6366363,
              55.730124
            ],
            [
              37.6363042,
              55.7305698
            ],
            [
              37.6360265,
              55.7309005
            ],
            [
              37.6353107,
              55.7316958
            ],
            [
              37.6343243,
              55.7333344
            ],
            [
              37.6339347,
              55.7339414
            ],
            [
              37.633462,
              55.7345718
            ],
            [
              37.6330641,
              55.7350784
            ],
            [
              37.6315696,
              55.7366101
            ],
            [
              37.6314258,
              55.7368175
            ],
            [
              37.6306966,
              55.7380488
            ],
            [
              37.6304491,
              55.7384958
            ],
            [
              37.6302382,
              55.7389236
            ],
            [
              37.6301378,
              55.739187
            ],
            [
              37.6297299,
              55.740697
            ],
            [
              37.6297081,
              55.7408513
            ],
            [
              37.6297158,
              55.7418
            ],
            [
              37.6297286,
              55.7419585
            ],
            [
              37.6297627,
              55.742062
            ],
            [
              37.6298758,
              55.7422122
            ],
            [
              37.6300498,
              55.7423411
            ],
            [
              37.63099,
              55.7427944
            ],
            [
              37.6316446,
              55.743077
            ],
            [
              37.63275,
              55.7433682
            ],
            [
              37.6337277,
              55.7438675
            ],
            [
              37.6358775,
              55.745165
            ],
            [
              37.6374212,
              55.7461274
            ],
            [
              37.637877,
              55.7464353
            ],
            [
              37.6396619,
              55.7477053
            ],
            [
              37.6411649,
              55.7488151
            ],
            [
              37.6413099,
              55.7489936
            ],
            [
              37.6415324,
              55.7494246
            ],
            [
              37.6422457,
              55.7502535
            ],
            [
              37.6423154,
              55.7503135
            ],
            [
              37.6429328,
              55.750574
            ],
            [
              37.6435975,
              55.7507198
            ],
            [
              37.6440692,
              55.7507871
            ],
            [
              37.6446228,
              55.7507584
            ],
            [
              37.6450858,
              55.7508417
            ],
            [
              37.6452871,
              55.7509031
            ],
            [
              37.645909,
              55.7511955
            ],
            [
              37.6461879,
              55.751481
            ],
            [
              37.6474389,
              55.7529069
            ],
            [
              37.6476024,
              55.7531738
            ],
            [
              37.6484134,
              55.7546634
            ],
            [
              37.6485552,
              55.7549636
            ],
            [
              37.6486422,
              55.7552001
            ],
            [
              37.6487072,
              55.7554879
            ],
            [
              37.6487335,
              55.7556878
            ],
            [
              37.6487201,
              55.7558209
            ],
            [
              37.6486707,
              55.755979
            ],
            [
              37.6485749,
              55.756162
            ],
            [
              37.6483087,
              55.7564771
            ],
            [
              37.6478454,
              55.7569589
            ],
            [
              37.6471288,
              55.7577898
            ],
            [
              37.6467446,
              55.7585573
            ],
            [
              37.646184,
              55.7594667
            ],
            [
              37.6459735,
              55.7600649
            ],
            [
              37.6459672,
              55.760261
            ],
            [
              37.6460009,
              55.7605118
            ],
            [
              37.6459731,
              55.7606264
            ],
            [
              37.6459139,
              55.7607372
            ],
            [
              37.6456282,
              55.7610311
            ],
            [
              37.6443478,
              55.7622331
            ],
            [
              37.644117,
              55.7623901
            ],
            [
              37.6432315,
              55.762871
            ],
            [
              37.641639,
              55.7636806
            ],
            [
              37.6394347,
              55.7646985
            ],
            [
              37.6392975,
              55.7647324
            ],
            [
              37.6391477,
              55.7647342
            ],
            [
              37.6390081,
              55.7647034
            ],
            [
              37.6389,
              55.764645
            ],
            [
              37.6388398,
              55.7645676
            ],
            [
              37.6388368,
              55.7644831
            ],
            [
              37.6388913,
              55.7644044
            ],
            [
              37.6390062,
              55.7643216
            ]
          ],
          [
            [
              37.6393927,
              55.7647127
            ],
            [
              37.6391775,
              55.7647365
            ],
            [
              37.6389834,
              55.7646938
            ],
            [
              37.6389,
              55.764645
            ],
            [
              37.6388574,
              55.7646001
            ],
            [
              37.6388315,
              55.764534
            ],
            [
              37.6388432,
              55.7644665
            ],
            [
              37.6388913,
              55.7644044
            ],
            [
              37.6390062,
              55.7643216
            ],
            [
              37.6404594,
              55.7635725
            ],
            [
              37.6416467,
              55.7629312
            ],
            [
              37.6421525,
              55.7625871
            ],
            [
              37.6427718,
              55.76213
            ],
            [
              37.6433082,
              55.7617
            ],
            [
              37.6434408,
              55.7615696
            ],
            [
              37.6442627,
              55.760602
            ],
            [
              37.6446585,
              55.7601065
            ],
            [
              37.6448265,
              55.7599443
            ],
            [
              37.6450442,
              55.7596838
            ],
            [
              37.6454977,
              55.7590853
            ],
            [
              37.6463245,
              55.7578504
            ],
            [
              37.6475711,
              55.7566543
            ],
            [
              37.6480385,
              55.7560637
            ],
            [
              37.648138,
              55.7559148
            ],
            [
              37.6482118,
              55.7557698
            ],
            [
              37.6482505,
              55.7555396
            ],
            [
              37.6481128,
              55.7551103
            ],
            [
              37.6477202,
              55.7542886
            ],
            [
              37.6472897,
              55.7535659
            ],
            [
              37.6470522,
              55.7531941
            ],
            [
              37.6466221,
              55.75258
            ],
            [
              37.6457435,
              55.7513956
            ],
            [
              37.6455163,
              55.7512536
            ],
            [
              37.6451168,
              55.7510528
            ],
            [
              37.6449782,
              55.7509992
            ],
            [
              37.6435358,
              55.7507438
            ],
            [
              37.6429682,
              55.7506252
            ],
            [
              37.6427196,
              55.7505345
            ],
            [
              37.6422677,
              55.7503376
            ],
            [
              37.6421889,
              55.7502698
            ],
            [
              37.6414736,
              55.7494385
            ],
            [
              37.6412491,
              55.7490043
            ],
            [
              37.6411414,
              55.748862
            ],
            [
              37.6396121,
              55.7477277
            ],
            [
              37.6378281,
              55.7464583
            ],
            [
              37.637374,
              55.7461515
            ],
            [
              37.6345894,
              55.744426
            ],
            [
              37.6336816,
              55.7438923
            ],
            [
              37.6326663,
              55.743383
            ],
            [
              37.6316132,
              55.7431083
            ],
            [
              37.6309499,
              55.7428223
            ],
            [
              37.6300026,
              55.7423652
            ],
            [
              37.6298206,
              55.7422302
            ],
            [
              37.6297011,
              55.7420715
            ],
            [
              37.6296653,
              55.741963
            ],
            [
              37.6296521,
              55.7418006
            ],
            [
              37.6296444,
              55.7408499
            ],
            [
              37.6296666,
              55.7406932
            ],
            [
              37.630076,
              55.7391901
            ],
            [
              37.6301762,
              55.7389153
            ],
            [
              37.6303881,
              55.7384856
            ],
            [
              37.630636,
              55.7380378
            ],
            [
              37.6313656,
              55.7368056
            ],
            [
              37.6315118,
              55.736595
            ],
            [
              37.6330059,
              55.7350638
            ],
            [
              37.6334033,
              55.7345578
            ],
            [
              37.6338748,
              55.7339291
            ],
            [
              37.6342639,
              55.733323
            ],
            [
              37.6352688,
              55.731662
            ],
            [
              37.6360878,
              55.7307538
            ],
            [
              37.6365832,
              55.7301058
            ],
            [
              37.6366354,
              55.730064
            ],
            [
              37.6367276,
              55.730034
            ],
            [
              37.6368458,
              55.7300282
            ],
            [
              37.6419577,
              55.730386
            ],
            [
              37.642287,
              55.7303929
            ],
            [
              37.6424722,
              55.7303731
            ],
            [
              37.6462209,
              55.7293951
            ],
            [
              37.6509564,
              55.7282289
            ],
            [
              37.651022,
              55.7281791
            ],
            [
              37.6510196,
              55.7281012
            ],
            [
              37.6506844,
              55.7277906
            ],
            [
              37.6506546,
              55.7277391
            ],
            [
              37.6506534,
              55.727667
            ],
            [
              37.6507129,
              55.7275836
            ],
            [
              37.6508293,
              55.7275223
            ],
            [
              37.6510127,
              55.7274935
            ],
            [
              37.6511685,
              55.7275121
            ],
            [
              37.6525046,
              55.7280887
            ],
            [
              37.6555904,
              55.7294593
            ],
            [
              37.6558792,
              55.7295682
            ],
            [
              37.6576734,
              55.7299783
            ],
            [
              37.6636376,
              55.7312926
            ],
            [
              37.6651924,
              55.7316073
            ],
            [
              37.6666777,
              55.7318238
            ],
            [
              37.6668407,
              55.731864
            ],
            [
              37.6669853,
              55.7319225
            ],
            [
              37.6671842,
              55.7320396
            ],
            [
              37.6676764,
              55.7324252
            ],
            [
              37.6688409,
              55.7334969
            ],
            [
              37.6691184,
              55.7338023
            ],
            [
              37.6706285,
              55.7351599
            ],
            [
              37.6706941,
              55.7352335
            ],
            [
              37.6708688,
              55.7355058
            ],
            [
              37.6711014,
              55.7359254
            ],
            [
              37.6719582,
              55.737079
            ],
            [
              37.672804,
              55.7383362
            ],
            [
              37.6728644,
              55.7383953
            ],
            [
              37.6729591,
              55.7384451
            ],
            [
              37.6731692,
              55.7384906
            ],
            [
              37.6733306,
              55.7384858
            ],
            [
              37.6734793,
              55.7384502
            ],
            [
              37.6740542,
              55.7381719
            ],
            [
              37.6743427,
              55.7380876
            ],
            [
              37.6807818,
              55.7372921
            ],
            [
              37.6842463,
              55.7369116
            ],
            [
              37.687253,
              55.7366395
            ],
            [
              37.6902154,
              55.7363962
            ],
            [
              37.6967346,
              55.7357849
            ],
            [
              37.6967758,
              55.7357646
            ],
            [
              37.6967809,
              55.7357364
            ],
            [
              37.6959021,
              55.734144
            ],
            [
              37.6958803,
              55.7339852
            ],
            [
              37.6959231,
              55.7339229
            ],
            [
              37.6960113,
              55.7338783
            ],
            [
              37.696732,
              55.7337213
            ],
            [
              37.6968846,
              55.7337281
            ],
            [
              37.696996,
              55.7337572
            ],
            [
              37.6970861,
              55.7338042
            ],
            [
              37.6971556,
              55.7338773
            ]
          ]
        ]
      },
      "properties": {
        "ID": 4412,
        "RouteNumber": "А",
        "RouteName": "МЦД Калитники - Метро «Чистые пруды»",
        "TrackOfFollowing": "МЦД Калитники - Октябрьское трамвайное депо - М. Калитниковский пр. - Воловья ул. - Б. Калитниковская ул. - Абельмановская Застава - Кинотеатр «Победа» - Метро «Пролетарская» - Динамовская улица - Новоспасский мост - Кожевническая улица - Павелецкий вокзал - Павелецкий вокзал - Метро «Павелецкая» - Вишняковский переулок - Метро «Третьяковская» - Метро «Новокузнецкая» - Комиссариатский мост - Яузские Ворота - Воронцово Поле - Казарменный переулок - Покровские Ворота - Большой Харитоньевский переулок - Метро «Чистые пруды»",
        "ReverseTrackOfFollowing": "Метро «Чистые пруды» - Б. Харитоньевский пер. - Покровские Ворота - Казарменный переулок - Воронцово Поле - Яузские Ворота - Комиссариатский мост - Метро «Новокузнецкая» - Метро «Третьяковская» - Вишняковский переулок - Метро «Павелецкая» - Павелецкий вокзал - Кожевническая улица - Новоспасский мост - Динамовская улица - Метро «Пролетарская» - Кинотеатр «Победа» - Абельмановская Застава - Б. Калитниковская ул. - Воловья ул. - Малый Калитниковский проезд - Октябрьское трамвайное депо - МЦД Калитники",
        "TypeOfTransport": "Трамвай",
        "CarrierName": "ГУП Мосгортранс",
        "global_id": 5102385135
      }
    },
    {
      "type": "Feature",
      "geometry": {
        "type": "MultiLineString",
        "coordinates": [
          [
            [
              37.6605689,
              55.7555474
            ],
            [
              37.6598397,
              55.7555622
            ],
            [
              37.6594641,
              55.7556068
            ],
            [
              37.6593085,
              55.7555969
            ],
            [
              37.6592177,
              55.7555786
            ],
            [
              37.659148,
              55.7555411
            ],
            [
              37.6590998,
              55.7554789
            ],
            [
              37.6590871,
              55.7554214
            ],
            [
              37.6591272,
              55.7553359
            ],
            [
              37.6592126,
              55.7552523
            ],
            [
              37.6593177,
              55.7551906
            ],
            [
              37.6594484,
              55.7551443
            ],
            [
              37.6596387,
              55.7551145
            ],
            [
              37.6604552,
              55.7550754
            ],
            [
              37.6606257,
              55.7550256
            ],
            [
              37.6607045,
              55.7549501
            ],
            [
              37.660742,
              55.754852
            ],
            [
              37.660713,
              55.7545604
            ],
            [
              37.6607465,
              55.7545106
            ],
            [
              37.6608234,
              55.7544637
            ],
            [
              37.6609578,
              55.7544241
            ],
            [
              37.6626122,
              55.7541425
            ],
            [
              37.6629735,
              55.7540142
            ],
            [
              37.6631269,
              55.75393
            ],
            [
              37.663258,
              55.7538346
            ],
            [
              37.6634176,
              55.753664
            ],
            [
              37.6648335,
              55.7517249
            ],
            [
              37.6659491,
              55.7502602
            ],
            [
              37.6670275,
              55.7490681
            ],
            [
              37.6678858,
              55.7481469
            ],
            [
              37.6689262,
              55.7470414
            ],
            [
              37.6690454,
              55.746962
            ],
            [
              37.6692093,
              55.7469144
            ],
            [
              37.669356,
              55.7469043
            ],
            [
              37.669861,
              55.7469783
            ],
            [
              37.6699651,
              55.7469764
            ],
            [
              37.6700907,
              55.7469258
            ],
            [
              37.6701391,
              55.7468431
            ],
            [
              37.6701834,
              55.7468031
            ],
            [
              37.6702824,
              55.74678
            ],
            [
              37.6732203,
              55.7469656
            ],
            [
              37.6747551,
              55.7470782
            ],
            [
              37.6754762,
              55.747106
            ],
            [
              37.6761764,
              55.7470761
            ],
            [
              37.6798636,
              55.74674
            ],
            [
              37.6803842,
              55.7467272
            ],
            [
              37.6816146,
              55.7467973
            ],
            [
              37.6926406,
              55.7476454
            ],
            [
              37.6980927,
              55.7480328
            ],
            [
              37.6988507,
              55.7481158
            ],
            [
              37.6991121,
              55.7481606
            ],
            [
              37.7054065,
              55.7493614
            ],
            [
              37.7125336,
              55.7507657
            ],
            [
              37.7149153,
              55.7512401
            ],
            [
              37.7154162,
              55.7513909
            ],
            [
              37.7157561,
              55.7514642
            ],
            [
              37.716521,
              55.751608
            ],
            [
              37.717306,
              55.751712
            ],
            [
              37.7176571,
              55.7517737
            ],
            [
              37.7355092,
              55.7552471
            ],
            [
              37.7407,
              55.7562733
            ],
            [
              37.7412946,
              55.756444
            ],
            [
              37.7449026,
              55.7571466
            ],
            [
              37.7451514,
              55.7572266
            ],
            [
              37.7457503,
              55.7574956
            ],
            [
              37.7466056,
              55.757651
            ],
            [
              37.7466927,
              55.7576792
            ],
            [
              37.7467824,
              55.7577355
            ],
            [
              37.7468565,
              55.757822
            ],
            [
              37.7469093,
              55.7579564
            ],
            [
              37.7470095,
              55.7589224
            ],
            [
              37.7470512,
              55.7591057
            ],
            [
              37.7471097,
              55.7592325
            ],
            [
              37.7471555,
              55.7592889
            ],
            [
              37.7472278,
              55.7593356
            ],
            [
              37.7473548,
              55.7593764
            ],
            [
              37.7476222,
              55.7593865
            ],
            [
              37.7479554,
              55.7593713
            ],
            [
              37.7481219,
              55.7593291
            ],
            [
              37.7482331,
              55.7592692
            ],
            [
              37.7482857,
              55.7592112
            ],
            [
              37.7483069,
              55.7591471
            ],
            [
              37.7483091,
              55.7587032
            ],
            [
              37.748328,
              55.7586009
            ],
            [
              37.7484266,
              55.7584995
            ],
            [
              37.7486367,
              55.7583994
            ],
            [
              37.7489082,
              55.7583496
            ],
            [
              37.7504147,
              55.7582835
            ],
            [
              37.75067,
              55.7582791
            ],
            [
              37.7510755,
              55.7583001
            ],
            [
              37.7555369,
              55.7591587
            ],
            [
              37.7676104,
              55.7615403
            ],
            [
              37.772467,
              55.762457
            ],
            [
              37.7814847,
              55.7642097
            ],
            [
              37.7817499,
              55.7642874
            ],
            [
              37.7819543,
              55.7643894
            ],
            [
              37.7827695,
              55.7649895
            ],
            [
              37.7829517,
              55.7651005
            ],
            [
              37.7831188,
              55.765126
            ],
            [
              37.7833811,
              55.7650974
            ],
            [
              37.7835221,
              55.7650341
            ],
            [
              37.7835807,
              55.7649532
            ],
            [
              37.7835644,
              55.7648511
            ],
            [
              37.7835071,
              55.7647698
            ],
            [
              37.7834178,
              55.7646982
            ],
            [
              37.7832574,
              55.7646248
            ],
            [
              37.7814729,
              55.7642454
            ]
          ],
          [
            [
              37.7831811,
              55.7646038
            ],
            [
              37.7807704,
              55.7641056
            ],
            [
              37.7724466,
              55.762491
            ],
            [
              37.7675896,
              55.7615742
            ],
            [
              37.7555162,
              55.7591927
            ],
            [
              37.7510445,
              55.758334
            ],
            [
              37.7506689,
              55.758315
            ],
            [
              37.7504182,
              55.7583194
            ],
            [
              37.7489146,
              55.7583854
            ],
            [
              37.7486679,
              55.7584308
            ],
            [
              37.7484763,
              55.7585221
            ],
            [
              37.7483897,
              55.7586101
            ],
            [
              37.7483728,
              55.7587047
            ],
            [
              37.7483703,
              55.7591503
            ],
            [
              37.7483449,
              55.7592244
            ],
            [
              37.7482832,
              55.7592914
            ],
            [
              37.7481101,
              55.7593761
            ],
            [
              37.7479632,
              55.759407
            ],
            [
              37.74749,
              55.7594236
            ],
            [
              37.7473316,
              55.7594098
            ],
            [
              37.7472176,
              55.7593767
            ],
            [
              37.7471036,
              55.7593098
            ],
            [
              37.7470485,
              55.7592426
            ],
            [
              37.7469885,
              55.7591119
            ],
            [
              37.7469459,
              55.7589247
            ],
            [
              37.7468459,
              55.7579607
            ],
            [
              37.7467957,
              55.7578328
            ],
            [
              37.7467292,
              55.7577554
            ],
            [
              37.7466749,
              55.7577179
            ],
            [
              37.7465815,
              55.7576843
            ],
            [
              37.7457176,
              55.7575264
            ],
            [
              37.7451151,
              55.7572561
            ],
            [
              37.7448764,
              55.7571794
            ],
            [
              37.7412725,
              55.7564792
            ],
            [
              37.7406792,
              55.7563072
            ],
            [
              37.7354883,
              55.755281
            ],
            [
              37.7176375,
              55.751807
            ],
            [
              37.7172898,
              55.7517458
            ],
            [
              37.7165031,
              55.7516415
            ],
            [
              37.7157358,
              55.7514973
            ],
            [
              37.7153906,
              55.7514228
            ],
            [
              37.7148934,
              55.7512729
            ],
            [
              37.7125125,
              55.7507996
            ],
            [
              37.705386,
              55.7493954
            ],
            [
              37.6990931,
              55.7481949
            ],
            [
              37.6988351,
              55.7481506
            ],
            [
              37.698083,
              55.7480683
            ],
            [
              37.6926382,
              55.7476768
            ],
            [
              37.6815154,
              55.7468261
            ],
            [
              37.6804723,
              55.7467615
            ],
            [
              37.6800892,
              55.7467593
            ],
            [
              37.6778504,
              55.7469443
            ],
            [
              37.6760863,
              55.7471112
            ],
            [
              37.675709,
              55.7471302
            ],
            [
              37.6749848,
              55.7471263
            ],
            [
              37.6703041,
              55.7468154
            ],
            [
              37.6702073,
              55.7468432
            ],
            [
              37.6701728,
              55.7469199
            ],
            [
              37.6701273,
              55.7469606
            ],
            [
              37.6699827,
              55.7470092
            ],
            [
              37.6698764,
              55.7470108
            ],
            [
              37.6693876,
              55.7469463
            ],
            [
              37.6692377,
              55.7469579
            ],
            [
              37.6691015,
              55.746995
            ],
            [
              37.6689922,
              55.7470541
            ],
            [
              37.6679421,
              55.7481636
            ],
            [
              37.667084,
              55.7490846
            ],
            [
              37.6660069,
              55.7502752
            ],
            [
              37.6648922,
              55.7517388
            ],
            [
              37.6634761,
              55.7536783
            ],
            [
              37.6633109,
              55.7538546
            ],
            [
              37.6631743,
              55.7539539
            ],
            [
              37.6630146,
              55.7540416
            ],
            [
              37.6626383,
              55.7541753
            ],
            [
              37.6609879,
              55.7544578
            ],
            [
              37.6608572,
              55.7544957
            ],
            [
              37.660798,
              55.754538
            ],
            [
              37.6607743,
              55.7545902
            ],
            [
              37.660839,
              55.755043
            ],
            [
              37.660859,
              55.7553016
            ],
            [
              37.6608285,
              55.7554038
            ],
            [
              37.6607698,
              55.7554742
            ],
            [
              37.6606776,
              55.755524
            ],
            [
              37.6605689,
              55.7555474
            ],
            [
              37.6598397,
              55.7555622
            ],
            [
              37.6594641,
              55.7556068
            ]
          ]
        ]
      },
      "properties": {
        "ID": 4413,
        "RouteNumber": "2",
        "RouteName": "Курский вокзал - 3-я Владимирская улица",
        "TrackOfFollowing": "Курский вокзал - 3 - й Сыромятнический переулок - Дом культуры Метростроя - Костомаровский мост - Хлебников переулок - Метро «Площадь Ильича» - МЦД Москва - Товарная - Старообрядческая улица - Душинская улица - Горбатый путепровод - Метро «Авиамоторная» - Метро «Авиамоторная» - Дом культуры «Компрессор» - Улица Буракова - Проспект Будённого - МЦК Шоссе Энтузиастов - Метро «Шоссе Энтузиастов» - Улица Плеханова - Главная аллея - Кинотеатр «Слава» - 2 - я Владимирская улица - 3 - я Владимирская улица",
        "ReverseTrackOfFollowing": "3 - я Владимирская улица - 2 - я Владимирская улица - Кинотеатр «Слава» - Главная ал. - Улица Плеханова - Метро «Шоссе Энтузиастов» - МЦК Шоссе Энтузиастов - Проспект Будённого - Улица Буракова - Д/к «Компрессор» - Метро «Авиамоторная» - Метро «Авиамоторная» - Горбатый путепровод - Душинская улица - Старообрядческая улица - МЦД Москва - Товарная - Метро «Площадь Ильича» - Хлебников переулок - Костомаровский мост - Дом культуры Метростроя - 3 - й Сыромятнический переулок - Курский вокзал",
        "TypeOfTransport": "Трамвай",
        "CarrierName": "ГУП Мосгортранс",
        "global_id": 5102385136
      }
    },
    {
      "type": "Feature",
      "geometry": {
        "type": "MultiLineString",
        "coordinates": [
          [
            [
              37.7260888,
              55.753855
            ],
            [
              37.7259637,
              55.753986
            ],
            [
              37.7258195,
              55.7540311
            ],
            [
              37.7256997,
              55.7540257
            ],
            [
              37.7253885,
              55.7539621
            ],
            [
              37.7253158,
              55.7539319
            ],
            [
              37.7252733,
              55.7538808
            ],
            [
              37.7252414,
              55.7536941
            ],
            [
              37.725398,
              55.7533766
            ],
            [
              37.725375,
              55.7533353
            ],
            [
              37.7253138,
              55.7533073
            ],
            [
              37.7176375,
              55.751807
            ],
            [
              37.7172898,
              55.7517458
            ],
            [
              37.7165031,
              55.7516415
            ],
            [
              37.7157358,
              55.7514973
            ],
            [
              37.7152456,
              55.7513838
            ],
            [
              37.7149456,
              55.7512846
            ],
            [
              37.7137231,
              55.7510412
            ],
            [
              37.7136056,
              55.7510312
            ],
            [
              37.7134895,
              55.7510423
            ],
            [
              37.7133407,
              55.7510948
            ],
            [
              37.7132411,
              55.7511844
            ],
            [
              37.7122339,
              55.7528486
            ],
            [
              37.7121486,
              55.7529423
            ],
            [
              37.7120411,
              55.7530253
            ],
            [
              37.711762,
              55.7531594
            ],
            [
              37.7080726,
              55.7544634
            ],
            [
              37.7053517,
              55.755374
            ],
            [
              37.6936664,
              55.7592086
            ],
            [
              37.6843218,
              55.7625797
            ],
            [
              37.6839357,
              55.7626832
            ],
            [
              37.683516,
              55.7627515
            ],
            [
              37.680416,
              55.7630283
            ],
            [
              37.6802838,
              55.7630593
            ],
            [
              37.6802145,
              55.7631098
            ],
            [
              37.6801948,
              55.7631636
            ],
            [
              37.6803323,
              55.7637298
            ],
            [
              37.6803341,
              55.7640211
            ],
            [
              37.6800661,
              55.7658887
            ],
            [
              37.6796983,
              55.7679427
            ],
            [
              37.6793289,
              55.7697023
            ],
            [
              37.6788885,
              55.7713977
            ],
            [
              37.6785222,
              55.7729725
            ],
            [
              37.6784904,
              55.7732236
            ],
            [
              37.6778765,
              55.7753394
            ],
            [
              37.6778115,
              55.7754568
            ],
            [
              37.6777248,
              55.7755375
            ],
            [
              37.6776096,
              55.7756066
            ],
            [
              37.6741225,
              55.7772904
            ],
            [
              37.6740157,
              55.7773169
            ],
            [
              37.6739046,
              55.7773134
            ],
            [
              37.6737972,
              55.7772862
            ],
            [
              37.6725469,
              55.7766953
            ],
            [
              37.671271,
              55.7761451
            ],
            [
              37.6710336,
              55.7760638
            ],
            [
              37.670933,
              55.7760615
            ],
            [
              37.670843,
              55.7760806
            ],
            [
              37.6704136,
              55.7763949
            ],
            [
              37.669169,
              55.7774433
            ],
            [
              37.6672794,
              55.7787812
            ],
            [
              37.6664241,
              55.7793175
            ],
            [
              37.6662639,
              55.7793743
            ],
            [
              37.666045,
              55.7793875
            ],
            [
              37.6658469,
              55.7793438
            ],
            [
              37.6625992,
              55.7779724
            ],
            [
              37.6615247,
              55.7774978
            ],
            [
              37.6589345,
              55.7762977
            ],
            [
              37.658631,
              55.7761743
            ],
            [
              37.6580905,
              55.7759859
            ],
            [
              37.6570561,
              55.7756401
            ],
            [
              37.6566562,
              55.775524
            ],
            [
              37.6539265,
              55.7749734
            ],
            [
              37.6525725,
              55.774626
            ],
            [
              37.6524561,
              55.774611
            ],
            [
              37.6522989,
              55.7746357
            ],
            [
              37.6520968,
              55.774742
            ],
            [
              37.6493613,
              55.7763963
            ],
            [
              37.6490818,
              55.7766077
            ],
            [
              37.64852,
              55.7772796
            ],
            [
              37.6482229,
              55.7775205
            ],
            [
              37.6451286,
              55.779613
            ],
            [
              37.6449243,
              55.7797189
            ],
            [
              37.6447459,
              55.7797625
            ],
            [
              37.6437215,
              55.7797219
            ],
            [
              37.6419736,
              55.7796829
            ],
            [
              37.6415471,
              55.7796933
            ],
            [
              37.6411224,
              55.7797247
            ],
            [
              37.6328643,
              55.7805624
            ],
            [
              37.6315833,
              55.7807964
            ],
            [
              37.6314905,
              55.7807812
            ],
            [
              37.6314177,
              55.7807452
            ],
            [
              37.6312466,
              55.7805381
            ],
            [
              37.6312049,
              55.780459
            ],
            [
              37.630973,
              55.7797978
            ],
            [
              37.6308767,
              55.7794233
            ],
            [
              37.6307042,
              55.7783955
            ],
            [
              37.630676,
              55.7783618
            ],
            [
              37.6306208,
              55.7783414
            ],
            [
              37.6283864,
              55.7783143
            ],
            [
              37.6274664,
              55.7783218
            ],
            [
              37.6271963,
              55.7783342
            ],
            [
              37.6266663,
              55.7783987
            ],
            [
              37.6257928,
              55.7785509
            ],
            [
              37.6228263,
              55.7791167
            ],
            [
              37.6222302,
              55.7792828
            ],
            [
              37.6205974,
              55.7798422
            ],
            [
              37.62044,
              55.7798708
            ],
            [
              37.620293,
              55.7798551
            ],
            [
              37.6201912,
              55.7798141
            ],
            [
              37.6183854,
              55.7785545
            ],
            [
              37.6182244,
              55.7785089
            ],
            [
              37.6176743,
              55.778459
            ],
            [
              37.6173781,
              55.7784541
            ],
            [
              37.6172285,
              55.7784699
            ],
            [
              37.6135978,
              55.7791383
            ],
            [
              37.6134484,
              55.7791926
            ],
            [
              37.6127222,
              55.7795965
            ],
            [
              37.6125056,
              55.7796849
            ],
            [
              37.6102169,
              55.7801649
            ],
            [
              37.6094833,
              55.7803684
            ],
            [
              37.6090448,
              55.7805557
            ],
            [
              37.6089551,
              55.7806272
            ],
            [
              37.608914,
              55.7807008
            ],
            [
              37.6089154,
              55.7807781
            ],
            [
              37.6089666,
              55.7808631
            ],
            [
              37.6109434,
              55.7827228
            ],
            [
              37.6110366,
              55.7828367
            ],
            [
              37.6110426,
              55.7828984
            ],
            [
              37.6110246,
              55.7829437
            ],
            [
              37.6109726,
              55.7829981
            ],
            [
              37.6108932,
              55.7830407
            ],
            [
              37.6083632,
              55.7838619
            ],
            [
              37.6066085,
              55.7844524
            ],
            [
              37.6062972,
              55.784563
            ],
            [
              37.6061835,
              55.7846488
            ],
            [
              37.6061603,
              55.7847246
            ],
            [
              37.6062026,
              55.7848136
            ],
            [
              37.6069546,
              55.7852928
            ],
            [
              37.6070372,
              55.7853617
            ],
            [
              37.6094002,
              55.7876542
            ],
            [
              37.6096828,
              55.7879373
            ],
            [
              37.6098349,
              55.7881204
            ],
            [
              37.6099428,
              55.7883164
            ],
            [
              37.6099949,
              55.7885196
            ],
            [
              37.6099996,
              55.7886223
            ],
            [
              37.6099477,
              55.7898292
            ],
            [
              37.6099296,
              55.789956
            ],
            [
              37.6098682,
              55.7900242
            ],
            [
              37.6097371,
              55.7900737
            ],
            [
              37.6095913,
              55.7900803
            ],
            [
              37.6043289,
              55.7897142
            ],
            [
              37.6004268,
              55.7894043
            ],
            [
              37.6002853,
              55.7893697
            ],
            [
              37.6001967,
              55.7892985
            ],
            [
              37.6001833,
              55.7892241
            ],
            [
              37.6006647,
              55.7877148
            ],
            [
              37.6016874,
              55.7852258
            ],
            [
              37.6016844,
              55.7851278
            ],
            [
              37.6016277,
              55.7850351
            ],
            [
              37.6015044,
              55.7849441
            ],
            [
              37.6012614,
              55.7848066
            ],
            [
              37.6012001,
              55.7847276
            ],
            [
              37.6011852,
              55.7846419
            ],
            [
              37.6013225,
              55.7839544
            ],
            [
              37.6015761,
              55.7829463
            ],
            [
              37.6017349,
              55.781395
            ],
            [
              37.6017723,
              55.7811811
            ],
            [
              37.601925,
              55.7805526
            ],
            [
              37.6020309,
              55.7802804
            ],
            [
              37.6022533,
              55.7798151
            ],
            [
              37.6023265,
              55.7796992
            ],
            [
              37.6023931,
              55.779646
            ],
            [
              37.6028695,
              55.7794287
            ],
            [
              37.6037793,
              55.7788499
            ],
            [
              37.6038635,
              55.7788181
            ],
            [
              37.6040434,
              55.778814
            ],
            [
              37.6053551,
              55.779072
            ]
          ],
          [
            [
              37.6027714,
              55.7794794
            ],
            [
              37.6037793,
              55.7788499
            ],
            [
              37.6039222,
              55.7788087
            ],
            [
              37.6040434,
              55.778814
            ],
            [
              37.6053916,
              55.7790798
            ],
            [
              37.6055153,
              55.7791393
            ],
            [
              37.6055545,
              55.7791873
            ],
            [
              37.6055655,
              55.7792265
            ],
            [
              37.6055482,
              55.7792995
            ],
            [
              37.6051544,
              55.7801243
            ],
            [
              37.6050915,
              55.7801904
            ],
            [
              37.6049855,
              55.7802302
            ],
            [
              37.6048804,
              55.7802395
            ],
            [
              37.6047769,
              55.7802254
            ],
            [
              37.6027868,
              55.7796067
            ],
            [
              37.6026284,
              55.7796034
            ],
            [
              37.6024847,
              55.779641
            ],
            [
              37.6023989,
              55.7796978
            ],
            [
              37.6023146,
              55.7798251
            ],
            [
              37.6020927,
              55.7802893
            ],
            [
              37.6019877,
              55.7805588
            ],
            [
              37.6018356,
              55.7811851
            ],
            [
              37.6017984,
              55.7813979
            ],
            [
              37.6016397,
              55.7829491
            ],
            [
              37.6013857,
              55.7839589
            ],
            [
              37.601247,
              55.7846456
            ],
            [
              37.6012602,
              55.7847188
            ],
            [
              37.6013137,
              55.7847878
            ],
            [
              37.6015502,
              55.7849205
            ],
            [
              37.6016815,
              55.7850187
            ],
            [
              37.601744,
              55.7851218
            ],
            [
              37.6017474,
              55.7852305
            ],
            [
              37.6007241,
              55.7877216
            ],
            [
              37.6002492,
              55.7892077
            ],
            [
              37.6002617,
              55.7892829
            ],
            [
              37.6003272,
              55.7893364
            ],
            [
              37.6004476,
              55.7893696
            ],
            [
              37.6043365,
              55.7896795
            ],
            [
              37.6096468,
              55.7900459
            ],
            [
              37.6097502,
              55.7900319
            ],
            [
              37.6098406,
              55.7899847
            ],
            [
              37.6098711,
              55.7899379
            ],
            [
              37.609884,
              55.7898281
            ],
            [
              37.6099313,
              55.7885219
            ],
            [
              37.6098806,
              55.7883244
            ],
            [
              37.6097757,
              55.7881337
            ],
            [
              37.6096264,
              55.7879541
            ],
            [
              37.6093448,
              55.7876721
            ],
            [
              37.6069816,
              55.7853802
            ],
            [
              37.6068579,
              55.7852858
            ],
            [
              37.6061632,
              55.7848464
            ],
            [
              37.6061034,
              55.7847619
            ],
            [
              37.6061056,
              55.784671
            ],
            [
              37.6061888,
              55.7845727
            ],
            [
              37.6063599,
              55.7844966
            ],
            [
              37.6083309,
              55.7838309
            ],
            [
              37.6108549,
              55.7830115
            ],
            [
              37.6109198,
              55.7829764
            ],
            [
              37.6109623,
              55.7829317
            ],
            [
              37.6109755,
              55.7828565
            ],
            [
              37.6109203,
              55.7827712
            ],
            [
              37.6089024,
              55.78087
            ],
            [
              37.6088622,
              55.7808031
            ],
            [
              37.6088537,
              55.7807091
            ],
            [
              37.6088815,
              55.7806402
            ],
            [
              37.6089613,
              55.7805576
            ],
            [
              37.6091536,
              55.7804564
            ],
            [
              37.6094495,
              55.7803379
            ],
            [
              37.6100662,
              55.7801639
            ],
            [
              37.6124746,
              55.7796536
            ],
            [
              37.6126792,
              55.7795701
            ],
            [
              37.6134077,
              55.779165
            ],
            [
              37.6136748,
              55.779082
            ],
            [
              37.617288,
              55.7784246
            ],
            [
              37.6176144,
              55.7784194
            ],
            [
              37.6181994,
              55.7784684
            ],
            [
              37.6183551,
              55.7785003
            ],
            [
              37.6184857,
              55.7785577
            ],
            [
              37.6202304,
              55.7797844
            ],
            [
              37.6203362,
              55.7798235
            ],
            [
              37.6204408,
              55.7798323
            ],
            [
              37.6205776,
              55.7798072
            ],
            [
              37.6221982,
              55.7792517
            ],
            [
              37.6227987,
              55.7790853
            ],
            [
              37.6257732,
              55.7785167
            ],
            [
              37.6266488,
              55.7783642
            ],
            [
              37.626916,
              55.7783247
            ],
            [
              37.6274637,
              55.7782858
            ],
            [
              37.6283862,
              55.7782783
            ],
            [
              37.6306455,
              55.7782955
            ],
            [
              37.6307344,
              55.7783218
            ],
            [
              37.630779,
              55.7783724
            ],
            [
              37.6308005,
              55.7786062
            ],
            [
              37.6309398,
              55.7794182
            ],
            [
              37.6310356,
              55.779791
            ],
            [
              37.6312668,
              55.7804504
            ],
            [
              37.6313538,
              55.7805838
            ],
            [
              37.631507,
              55.7807277
            ],
            [
              37.6316096,
              55.7807608
            ],
            [
              37.6328576,
              55.7805182
            ],
            [
              37.6337961,
              55.7804434
            ],
            [
              37.6411127,
              55.7796892
            ],
            [
              37.6415416,
              55.7796574
            ],
            [
              37.6419731,
              55.779647
            ],
            [
              37.6439767,
              55.7796856
            ],
            [
              37.6447425,
              55.7797169
            ],
            [
              37.6449388,
              55.7796624
            ],
            [
              37.6452083,
              55.7795038
            ],
            [
              37.6481728,
              55.7774983
            ],
            [
              37.6484648,
              55.7772616
            ],
            [
              37.6490105,
              55.7766075
            ],
            [
              37.6493146,
              55.7763718
            ],
            [
              37.6522888,
              55.7745764
            ],
            [
              37.6524456,
              55.774519
            ],
            [
              37.6526554,
              55.7744971
            ],
            [
              37.652818,
              55.7745215
            ],
            [
              37.6535046,
              55.7747046
            ],
            [
              37.6540915,
              55.7749536
            ],
            [
              37.6542751,
              55.7750116
            ],
            [
              37.6568117,
              55.775534
            ],
            [
              37.657925,
              55.7758875
            ],
            [
              37.6586663,
              55.7761444
            ],
            [
              37.6593097,
              55.7764172
            ],
            [
              37.6615644,
              55.7774698
            ],
            [
              37.6636726,
              55.7783888
            ],
            [
              37.6659014,
              55.7793202
            ],
            [
              37.6660537,
              55.779352
            ],
            [
              37.6662419,
              55.7793406
            ],
            [
              37.6663994,
              55.7792802
            ],
            [
              37.667231,
              55.7787578
            ],
            [
              37.6691184,
              55.7774215
            ],
            [
              37.669434,
              55.7771424
            ],
            [
              37.6703615,
              55.7763741
            ],
            [
              37.6707441,
              55.7760826
            ],
            [
              37.6708285,
              55.776042
            ],
            [
              37.6709456,
              55.7760217
            ],
            [
              37.6710476,
              55.7760267
            ],
            [
              37.671308,
              55.7761159
            ],
            [
              37.6725872,
              55.7766675
            ],
            [
              37.673833,
              55.7772565
            ],
            [
              37.6740049,
              55.7772815
            ],
            [
              37.6740843,
              55.7772616
            ],
            [
              37.6755898,
              55.7765432
            ],
            [
              37.6775672,
              55.7755798
            ],
            [
              37.6776735,
              55.7755162
            ],
            [
              37.6777518,
              55.7754439
            ],
            [
              37.6778138,
              55.775333
            ],
            [
              37.6784224,
              55.7732458
            ],
            [
              37.678459,
              55.7729811
            ],
            [
              37.6788254,
              55.7713928
            ],
            [
              37.6792657,
              55.7696976
            ],
            [
              37.6796349,
              55.7679388
            ],
            [
              37.6800027,
              55.7658855
            ],
            [
              37.6802706,
              55.764018
            ],
            [
              37.6802678,
              55.7637185
            ],
            [
              37.6801298,
              55.7631689
            ],
            [
              37.6801631,
              55.7630881
            ],
            [
              37.6802428,
              55.7630329
            ],
            [
              37.6804262,
              55.7629912
            ],
            [
              37.6835026,
              55.7627164
            ],
            [
              37.6839129,
              55.7626496
            ],
            [
              37.6842898,
              55.7625487
            ],
            [
              37.693633,
              55.759178
            ],
            [
              37.7053194,
              55.7553431
            ],
            [
              37.7080394,
              55.7544327
            ],
            [
              37.7117274,
              55.7531293
            ],
            [
              37.7119333,
              55.7530381
            ],
            [
              37.712047,
              55.7529632
            ],
            [
              37.7121386,
              55.7528793
            ],
            [
              37.7131808,
              55.7511727
            ],
            [
              37.7132952,
              55.7510697
            ],
            [
              37.7134693,
              55.7510082
            ],
            [
              37.7136075,
              55.7509953
            ],
            [
              37.7137494,
              55.7510083
            ],
            [
              37.7149693,
              55.7512522
            ],
            [
              37.715274,
              55.7513527
            ],
            [
              37.7157561,
              55.7514642
            ],
            [
              37.716521,
              55.751608
            ],
            [
              37.717306,
              55.751712
            ],
            [
              37.7176571,
              55.7517737
            ],
            [
              37.7215086,
              55.7525188
            ],
            [
              37.7260744,
              55.7534174
            ],
            [
              37.7261988,
              55.753459
            ],
            [
              37.726249,
              55.7535149
            ],
            [
              37.726228,
              55.7536086
            ],
            [
              37.7260993,
              55.753842
            ],
            [
              37.7259798,
              55.7539745
            ],
            [
              37.7258811,
              55.7540204
            ],
            [
              37.7257168,
              55.7540286
            ],
            [
              37.7253531,
              55.7539511
            ],
            [
              37.7252779,
              55.7538919
            ],
            [
              37.7252519,
              55.7537606
            ]
          ]
        ]
      },
      "properties": {
        "ID": 4414,
        "RouteNumber": "50",
        "RouteName": "Проезд Энтузиастов - Метро «Новослободская»",
        "TrackOfFollowing": "Проезд Энтузиастов - Д/к «Компрессор» - Метро «Авиамоторная» - Метро «Авиамоторная» - МЭИ - Улица Лефортовский Вал - 1 - й Краснокурсантский проезд - Лефортовский мост - Лефортовская набережная - МГТУ имени Н.Э. Баумана - Денисовский переулок - Аптекарский переулок - Метро «Бауманская» - Басманный двор - Поликлиника - Ольховская улица - Метро «Красносельская» - Метро «Комсомольская» - МЦД Площадь трёх вокзалов - Каланчёвская улица - Пантелеевская улица - Астраханский переулок - Ботанический переулок - Метро «Проспект Мира» - Метро «Проспект Мира» - Улица Гиляровского - Улица Щепкина - Театр зверей имени Дурова - Самотёчная улица - 4 - й Самотёчный переулок - Селезнёвская улица - Улица Достоевского - Площадь Борьбы - Главный корпус МИИТ - МИИТ - Ул. Образцова - Дворец культуры МИИТ - Минаевский переулок - Тихвинский пер. - Улица Палиха - Метро «Менделеевская» - Метро «Новослободская» - Метро «Новослободская»",
        "ReverseTrackOfFollowing": "Метро «Новослободская» - Метро «Новослободская» - Метро «Менделеевская» - Улица Палиха - Тихвинский пер. - Минаевский переулок - Дворец культуры МИИТ - Улица Образцова - МИИТ - Главный корпус МИИТ - Площадь Борьбы - Улица Достоевского - Селезнёвская улица - 4 - й Самотёчный переулок - Самотёчная улица - Театр зверей имени Дурова - Улица Щепкина - Улица Гиляровского - Метро «Проспект Мира» - Метро «Проспект Мира» - Ботанический переулок - Астраханский переулок - Пантелеевская улица - Каланчёвская улица - МЦД Площадь трёх вокзалов - Метро «Комсомольская» - Метро «Красносельская» - Нижняя Красносельская улица - Ольховская улица - Поликлиника - Басманный двор - Метро «Бауманская» - Аптекарский переулок - Денисовский переулок - МГТУ имени Н.Э. Баумана - Лефортовская наб. - Лефортовский мост - 1 - й Краснокурсантский проезд - Улица Лефортовский Вал - МЭИ - Метро «Авиамоторная» - Метро «Авиамоторная» - Дом культуры «Компрессор» - Проезд Энтузиастов",
        "TypeOfTransport": "Трамвай",
        "CarrierName": "ГУП Мосгортранс",
        "global_id": 5102385137
      }
    },
    {
      "type": "Feature",
      "geometry": {
        "type": "MultiLineString",
        "coordinates": [
          [
            [
              37.6660777,
              55.6785981
            ],
            [
              37.6662774,
              55.6786632
            ],
            [
              37.6814434,
              55.6827824
            ],
            [
              37.6889456,
              55.684796
            ],
            [
              37.6905161,
              55.6852307
            ],
            [
              37.6919039,
              55.6855703
            ],
            [
              37.6920006,
              55.6856133
            ],
            [
              37.6920822,
              55.6856811
            ],
            [
              37.6921169,
              55.6857452
            ],
            [
              37.692119,
              55.6858113
            ],
            [
              37.6920983,
              55.6858616
            ],
            [
              37.6920484,
              55.6859162
            ],
            [
              37.6918845,
              55.6859917
            ],
            [
              37.6917065,
              55.6860111
            ],
            [
              37.6914977,
              55.6859789
            ],
            [
              37.6912455,
              55.6858594
            ],
            [
              37.6904195,
              55.6852727
            ],
            [
              37.6901834,
              55.6851716
            ],
            [
              37.6814158,
              55.6828148
            ],
            [
              37.666155,
              55.6786661
            ],
            [
              37.6658152,
              55.6785271
            ],
            [
              37.6656828,
              55.6784323
            ],
            [
              37.6656153,
              55.6783613
            ],
            [
              37.6655659,
              55.6782857
            ],
            [
              37.6655305,
              55.6781919
            ],
            [
              37.6652957,
              55.6771937
            ],
            [
              37.6652489,
              55.6771334
            ],
            [
              37.6651807,
              55.6770876
            ],
            [
              37.6650684,
              55.6770482
            ],
            [
              37.6649553,
              55.6770315
            ],
            [
              37.6643106,
              55.677051
            ],
            [
              37.6607125,
              55.6772654
            ],
            [
              37.6531311,
              55.6781341
            ],
            [
              37.6482821,
              55.6787228
            ],
            [
              37.6479994,
              55.6787344
            ],
            [
              37.647457,
              55.6786838
            ],
            [
              37.6471284,
              55.6786966
            ],
            [
              37.6357771,
              55.6800228
            ],
            [
              37.6342769,
              55.6802119
            ],
            [
              37.6325383,
              55.6804751
            ],
            [
              37.626316,
              55.6815163
            ],
            [
              37.624621,
              55.6817806
            ],
            [
              37.6244156,
              55.6818508
            ],
            [
              37.6243461,
              55.6819048
            ],
            [
              37.6243096,
              55.6819684
            ],
            [
              37.6226536,
              55.6886504
            ],
            [
              37.6224571,
              55.6896197
            ],
            [
              37.6221757,
              55.6907839
            ],
            [
              37.6221608,
              55.6912342
            ],
            [
              37.6218359,
              55.6928906
            ],
            [
              37.6213922,
              55.6953439
            ],
            [
              37.6212454,
              55.6960558
            ],
            [
              37.6208068,
              55.6984948
            ],
            [
              37.6207573,
              55.6988514
            ],
            [
              37.6207433,
              55.6991875
            ],
            [
              37.620805,
              55.6994266
            ],
            [
              37.6209305,
              55.699731
            ],
            [
              37.621394,
              55.7006085
            ],
            [
              37.6216063,
              55.7010718
            ],
            [
              37.621876,
              55.7017249
            ],
            [
              37.6219546,
              55.7017858
            ],
            [
              37.6220645,
              55.7018194
            ],
            [
              37.6225468,
              55.7018073
            ],
            [
              37.6226372,
              55.7018212
            ],
            [
              37.6227112,
              55.7018537
            ],
            [
              37.6227768,
              55.7019224
            ],
            [
              37.6227883,
              55.7019946
            ],
            [
              37.6226559,
              55.7022165
            ]
          ],
          [
            [
              37.6221642,
              55.7018252
            ],
            [
              37.6225279,
              55.7018069
            ],
            [
              37.6226372,
              55.7018212
            ],
            [
              37.6227112,
              55.7018537
            ],
            [
              37.6227584,
              55.7018952
            ],
            [
              37.6227874,
              55.7019509
            ],
            [
              37.6227845,
              55.702009
            ],
            [
              37.6226559,
              55.7022165
            ],
            [
              37.6225694,
              55.702293
            ],
            [
              37.6224558,
              55.702338
            ],
            [
              37.6223095,
              55.7023572
            ],
            [
              37.6221639,
              55.7023439
            ],
            [
              37.6220515,
              55.7023003
            ],
            [
              37.6219786,
              55.7022296
            ],
            [
              37.6215575,
              55.701112
            ],
            [
              37.6213287,
              55.7006127
            ],
            [
              37.6208067,
              55.6996031
            ],
            [
              37.6207018,
              55.6993126
            ],
            [
              37.6206797,
              55.6991896
            ],
            [
              37.6206937,
              55.6988492
            ],
            [
              37.6207434,
              55.6984916
            ],
            [
              37.6211821,
              55.696052
            ],
            [
              37.6213304,
              55.6953296
            ],
            [
              37.6217727,
              55.6928869
            ],
            [
              37.6220976,
              55.69123
            ],
            [
              37.6221093,
              55.6911418
            ],
            [
              37.6220987,
              55.6909043
            ],
            [
              37.6221787,
              55.6904688
            ],
            [
              37.6223608,
              55.6898026
            ],
            [
              37.6226671,
              55.6883241
            ],
            [
              37.624265,
              55.6819413
            ],
            [
              37.6243066,
              55.6818764
            ],
            [
              37.6243649,
              55.6818292
            ],
            [
              37.624531,
              55.6817638
            ],
            [
              37.6262973,
              55.681482
            ],
            [
              37.632521,
              55.6804406
            ],
            [
              37.6342617,
              55.680177
            ],
            [
              37.6357641,
              55.6799876
            ],
            [
              37.6471177,
              55.6786612
            ],
            [
              37.6474603,
              55.6786479
            ],
            [
              37.6480038,
              55.6786986
            ],
            [
              37.6482698,
              55.6786876
            ],
            [
              37.6531183,
              55.6780989
            ],
            [
              37.6605953,
              55.6772403
            ],
            [
              37.6624732,
              55.6771174
            ],
            [
              37.6643051,
              55.6770152
            ],
            [
              37.6649667,
              55.6769962
            ],
            [
              37.6650942,
              55.6770153
            ],
            [
              37.6652231,
              55.6770609
            ],
            [
              37.6653027,
              55.6771143
            ],
            [
              37.6653563,
              55.6771828
            ],
            [
              37.6655933,
              55.6781863
            ],
            [
              37.6656732,
              55.6783465
            ],
            [
              37.6657742,
              55.6784443
            ],
            [
              37.6658607,
              55.678502
            ],
            [
              37.6661868,
              55.6786349
            ],
            [
              37.6814434,
              55.6827824
            ],
            [
              37.6889456,
              55.684796
            ],
            [
              37.6905161,
              55.6852307
            ]
          ]
        ]
      },
      "properties": {
        "ID": 4416,
        "RouteNumber": "49",
        "RouteName": "Нагатино - Даниловская мануфактура",
        "TrackOfFollowing": "Нагатино - Нагатино - Якорная улица - Затонная улица - Судостроительная улица, 21 - 9 - й квартал - Метро «Коломенская» - Метро «Коломенская» - МФЦ «Нагатинский Затон» - Улица Садовники - 2 - й Нагатинский пр. - Нагатинское депо - Ювелирный завод - МФЦ Нагатино - Садовники - Платформа Нагатинская - Метро «Нагатинская» - МЦК Верхние Котлы - Стадион «Труд» - Даниловская мануфактура - Даниловская мануфактура",
        "ReverseTrackOfFollowing": "Даниловская мануфактура - Даниловская мануфактура - Стадион «Труд» - МЦК Верхние Котлы - Метро «Нагатинская» - Платформа Нагатинская - МФЦ Нагатино - Садовники - Ювелирный завод - Нагатинское депо - 2 - й Нагатинский проезд - Улица Садовники - МФЦ Нагатинский Затон - Метро «Коломенская» - Метро «Коломенская» - 9 - й квартал - Судостроительная улица, 21 - Затонная улица - Якорная улица - Нагатино",
        "TypeOfTransport": "Трамвай",
        "CarrierName": "ГУП Мосгортранс",
        "global_id": 5102385138
      }
    },
    {
      "type": "Feature",
      "geometry": {
        "type": "MultiLineString",
        "coordinates": [
          [
            [
              37.6660777,
              55.6785981
            ],
            [
              37.6662774,
              55.6786632
            ],
            [
              37.6814434,
              55.6827824
            ],
            [
              37.6889456,
              55.684796
            ],
            [
              37.6905161,
              55.6852307
            ],
            [
              37.6919039,
              55.6855703
            ],
            [
              37.6920006,
              55.6856133
            ],
            [
              37.6920822,
              55.6856811
            ],
            [
              37.6921169,
              55.6857452
            ],
            [
              37.692119,
              55.6858113
            ],
            [
              37.6920983,
              55.6858616
            ],
            [
              37.6920484,
              55.6859162
            ],
            [
              37.6918845,
              55.6859917
            ],
            [
              37.6917065,
              55.6860111
            ],
            [
              37.6914977,
              55.6859789
            ],
            [
              37.6912455,
              55.6858594
            ],
            [
              37.6904195,
              55.6852727
            ],
            [
              37.6901834,
              55.6851716
            ],
            [
              37.6814158,
              55.6828148
            ],
            [
              37.666155,
              55.6786661
            ],
            [
              37.6658152,
              55.6785271
            ],
            [
              37.6656828,
              55.6784323
            ],
            [
              37.6656153,
              55.6783613
            ],
            [
              37.6655659,
              55.6782857
            ],
            [
              37.6655305,
              55.6781919
            ],
            [
              37.6652957,
              55.6771937
            ],
            [
              37.6652489,
              55.6771334
            ],
            [
              37.6651807,
              55.6770876
            ],
            [
              37.6650684,
              55.6770482
            ],
            [
              37.6649553,
              55.6770315
            ],
            [
              37.6643106,
              55.677051
            ],
            [
              37.6607125,
              55.6772654
            ],
            [
              37.6531311,
              55.6781341
            ],
            [
              37.6482821,
              55.6787228
            ],
            [
              37.6479994,
              55.6787344
            ],
            [
              37.647457,
              55.6786838
            ],
            [
              37.6471284,
              55.6786966
            ],
            [
              37.6357771,
              55.6800228
            ],
            [
              37.6342769,
              55.6802119
            ],
            [
              37.6325383,
              55.6804751
            ],
            [
              37.626316,
              55.6815163
            ],
            [
              37.6249429,
              55.6817244
            ],
            [
              37.624621,
              55.6817806
            ],
            [
              37.6244374,
              55.6818394
            ],
            [
              37.6243461,
              55.6819048
            ],
            [
              37.6243096,
              55.6819684
            ],
            [
              37.6227301,
              55.6883288
            ],
            [
              37.6224009,
              55.6898703
            ],
            [
              37.6222417,
              55.6904735
            ],
            [
              37.6221624,
              55.690905
            ],
            [
              37.6221727,
              55.6911445
            ],
            [
              37.6221608,
              55.6912342
            ],
            [
              37.6218359,
              55.6928906
            ],
            [
              37.6213922,
              55.6953439
            ],
            [
              37.6212454,
              55.6960558
            ],
            [
              37.6208068,
              55.6984948
            ],
            [
              37.6207404,
              55.6990664
            ],
            [
              37.6207648,
              55.6993074
            ],
            [
              37.6208757,
              55.6996071
            ],
            [
              37.621394,
              55.7006085
            ],
            [
              37.6216063,
              55.7010718
            ],
            [
              37.6220182,
              55.702144
            ],
            [
              37.6221121,
              55.7024908
            ],
            [
              37.6220963,
              55.7026818
            ],
            [
              37.6220399,
              55.7029737
            ],
            [
              37.6220746,
              55.7032724
            ],
            [
              37.6221376,
              55.7035952
            ],
            [
              37.6222071,
              55.7037948
            ],
            [
              37.62229,
              55.7039114
            ],
            [
              37.6224444,
              55.7040623
            ],
            [
              37.6226725,
              55.7042353
            ],
            [
              37.6229019,
              55.7043724
            ],
            [
              37.6238797,
              55.7048956
            ],
            [
              37.6246577,
              55.7054032
            ],
            [
              37.6248096,
              55.7055349
            ],
            [
              37.6248962,
              55.7056846
            ],
            [
              37.624911,
              55.7058435
            ],
            [
              37.6246944,
              55.7066275
            ],
            [
              37.6245932,
              55.7071383
            ],
            [
              37.6244378,
              55.7080979
            ],
            [
              37.6244425,
              55.708222
            ],
            [
              37.6247385,
              55.7097713
            ],
            [
              37.6247836,
              55.710106
            ],
            [
              37.6247554,
              55.7103437
            ],
            [
              37.6245806,
              55.7112251
            ],
            [
              37.624547,
              55.7113159
            ],
            [
              37.6244989,
              55.7113699
            ],
            [
              37.6244308,
              55.7114125
            ],
            [
              37.6243217,
              55.7114498
            ],
            [
              37.6242179,
              55.7114638
            ],
            [
              37.621684,
              55.7114257
            ],
            [
              37.6215042,
              55.7114363
            ],
            [
              37.6212077,
              55.7115395
            ],
            [
              37.6210213,
              55.7115678
            ],
            [
              37.6069538,
              55.711954
            ],
            [
              37.6067224,
              55.7120121
            ],
            [
              37.6066501,
              55.7120639
            ],
            [
              37.6066137,
              55.7121265
            ],
            [
              37.6066159,
              55.7121948
            ],
            [
              37.6079882,
              55.7158984
            ],
            [
              37.6089094,
              55.7182966
            ],
            [
              37.6093375,
              55.7194788
            ],
            [
              37.6096888,
              55.720395
            ],
            [
              37.6107631,
              55.7230443
            ],
            [
              37.6112054,
              55.7244139
            ],
            [
              37.6113686,
              55.7249808
            ],
            [
              37.6117482,
              55.7267971
            ],
            [
              37.6118203,
              55.7268523
            ],
            [
              37.611916,
              55.7268734
            ],
            [
              37.6127048,
              55.7268803
            ],
            [
              37.6128381,
              55.7268934
            ],
            [
              37.6129554,
              55.7269315
            ],
            [
              37.6130425,
              55.72699
            ],
            [
              37.613089,
              55.7270617
            ],
            [
              37.6130916,
              55.7271223
            ]
          ],
          [
            [
              37.6117365,
              55.7267636
            ],
            [
              37.6117726,
              55.7268242
            ],
            [
              37.6118821,
              55.7268696
            ],
            [
              37.6127048,
              55.7268803
            ],
            [
              37.6128997,
              55.7269096
            ],
            [
              37.6130035,
              55.7269586
            ],
            [
              37.6130713,
              55.7270247
            ],
            [
              37.613089,
              55.7270617
            ],
            [
              37.6130892,
              55.727138
            ],
            [
              37.6130432,
              55.7272098
            ],
            [
              37.6129423,
              55.727276
            ],
            [
              37.6128177,
              55.7273149
            ],
            [
              37.6127018,
              55.7273272
            ],
            [
              37.6120301,
              55.7273306
            ],
            [
              37.611865,
              55.7272831
            ],
            [
              37.6117641,
              55.7271953
            ],
            [
              37.6114107,
              55.7254226
            ],
            [
              37.6112822,
              55.7248969
            ],
            [
              37.6111427,
              55.7244202
            ],
            [
              37.6107008,
              55.7230516
            ],
            [
              37.6096263,
              55.720402
            ],
            [
              37.6092821,
              55.7194998
            ],
            [
              37.6084526,
              55.7172544
            ],
            [
              37.6079237,
              55.7159062
            ],
            [
              37.6064097,
              55.7118036
            ],
            [
              37.6064068,
              55.7117325
            ],
            [
              37.6064436,
              55.7116765
            ],
            [
              37.6064922,
              55.7116411
            ],
            [
              37.6065791,
              55.7116072
            ],
            [
              37.6066813,
              55.7115921
            ],
            [
              37.6209098,
              55.7111998
            ],
            [
              37.6211362,
              55.7112289
            ],
            [
              37.6213766,
              55.7113371
            ],
            [
              37.6214875,
              55.7113707
            ],
            [
              37.6217374,
              55.7113979
            ],
            [
              37.6241192,
              55.7114334
            ],
            [
              37.6243453,
              55.7114031
            ],
            [
              37.6244309,
              55.7113613
            ],
            [
              37.624486,
              55.7113056
            ],
            [
              37.6245173,
              55.7112211
            ],
            [
              37.6246793,
              55.7103889
            ],
            [
              37.6247136,
              55.7101865
            ],
            [
              37.6247164,
              55.710044
            ],
            [
              37.6243791,
              55.708225
            ],
            [
              37.6243742,
              55.7080956
            ],
            [
              37.6245298,
              55.707135
            ],
            [
              37.6246314,
              55.7066226
            ],
            [
              37.624848,
              55.7058372
            ],
            [
              37.624833,
              55.7056894
            ],
            [
              37.6247854,
              55.7055942
            ],
            [
              37.6246611,
              55.7054638
            ],
            [
              37.6238644,
              55.7049315
            ],
            [
              37.6228573,
              55.704398
            ],
            [
              37.6226239,
              55.7042585
            ],
            [
              37.6223908,
              55.7040817
            ],
            [
              37.6222327,
              55.703927
            ],
            [
              37.6221464,
              55.7038055
            ],
            [
              37.6220745,
              55.7035998
            ],
            [
              37.6220112,
              55.7032755
            ],
            [
              37.6219762,
              55.7029744
            ],
            [
              37.6220524,
              55.7025505
            ],
            [
              37.6220499,
              55.7024868
            ],
            [
              37.6219962,
              55.7022862
            ],
            [
              37.6219086,
              55.70202
            ],
            [
              37.6215575,
              55.701112
            ],
            [
              37.6213287,
              55.7006127
            ],
            [
              37.6208067,
              55.6996031
            ],
            [
              37.6207018,
              55.6993126
            ],
            [
              37.6206767,
              55.6990659
            ],
            [
              37.6207434,
              55.6984916
            ],
            [
              37.6211821,
              55.696052
            ],
            [
              37.6213304,
              55.6953296
            ],
            [
              37.6217727,
              55.6928869
            ],
            [
              37.6220976,
              55.69123
            ],
            [
              37.6221093,
              55.6911418
            ],
            [
              37.6220987,
              55.6909043
            ],
            [
              37.6221787,
              55.6904688
            ],
            [
              37.6223608,
              55.6898026
            ],
            [
              37.6226671,
              55.6883241
            ],
            [
              37.6230612,
              55.6867901
            ],
            [
              37.6240853,
              55.6826205
            ],
            [
              37.6242679,
              55.6819334
            ],
            [
              37.6243066,
              55.6818764
            ],
            [
              37.6243885,
              55.6818153
            ],
            [
              37.6244998,
              55.6817715
            ],
            [
              37.6246947,
              55.681735
            ],
            [
              37.6262973,
              55.681482
            ],
            [
              37.632521,
              55.6804406
            ],
            [
              37.6342617,
              55.680177
            ],
            [
              37.6357641,
              55.6799876
            ],
            [
              37.6471177,
              55.6786612
            ],
            [
              37.6474603,
              55.6786479
            ],
            [
              37.6480038,
              55.6786986
            ],
            [
              37.6482698,
              55.6786876
            ],
            [
              37.6531183,
              55.6780989
            ],
            [
              37.6605953,
              55.6772403
            ],
            [
              37.6624732,
              55.6771174
            ],
            [
              37.6643051,
              55.6770152
            ],
            [
              37.6649667,
              55.6769962
            ],
            [
              37.6650942,
              55.6770153
            ],
            [
              37.6652231,
              55.6770609
            ],
            [
              37.6653027,
              55.6771143
            ],
            [
              37.6653563,
              55.6771828
            ],
            [
              37.6655933,
              55.6781863
            ],
            [
              37.6656732,
              55.6783465
            ],
            [
              37.6657742,
              55.6784443
            ],
            [
              37.6658607,
              55.678502
            ],
            [
              37.6661868,
              55.6786349
            ],
            [
              37.6814434,
              55.6827824
            ],
            [
              37.6889456,
              55.684796
            ],
            [
              37.6905161,
              55.6852307
            ]
          ]
        ]
      },
      "properties": {
        "ID": 4417,
        "RouteNumber": "47",
        "RouteName": "Нагатино - Метро «Октябрьская»",
        "TrackOfFollowing": "Нагатино - Нагатино - Якорная улица - Затонная улица - Судостроительная улица, 21 - 9 - й квартал - Метро «Коломенская» - Метро «Коломенская» - МФЦ «Нагатинский Затон» - Улица Садовники - 2 - й Нагатинский пр. - Нагатинское депо - Ювелирный завод - МФЦ Нагатино - Садовники - Платформа Нагатинская - Метро «Нагатинская» - МЦК Верхние Котлы - Стадион «Труд» - Даниловская мануфактура - Платформа Тульская - Метро «Тульская» - Метро «Тульская» - Даниловский рынок - Хавская ул. - Серпуховский Вал - Улица Лестева - Метро «Шаболовская» - Фабрика «Ударница» - Метро «Октябрьская» - Метро «Октябрьская»",
        "ReverseTrackOfFollowing": "Метро «Октябрьская» - Метро «Октябрьская» - Фабрика «Ударница» - Метро «Шаболовская» - Улица Лестева - Серпуховский Вал - Хавская ул. - Даниловский рынок - Метро «Тульская» - Метро «Тульская» - Платформа Тульская - Даниловская мануфактура - Стадион «Труд» - МЦК Верхние Котлы - Метро «Нагатинская» - Платформа Нагатинская - МФЦ Нагатино - Садовники - Ювелирный завод - Нагатинское депо - 2 - й Нагатинский проезд - Улица Садовники - МФЦ Нагатинский Затон - Метро «Коломенская» - Метро «Коломенская» - 9 - й квартал - Судостроительная улица, 21 - Затонная улица - Якорная улица - Нагатино",
        "TypeOfTransport": "Трамвай",
        "CarrierName": "ГУП Мосгортранс",
        "global_id": 5102385140
      }
    },
    {
      "type": "Feature",
      "geometry": {
        "type": "MultiLineString",
        "coordinates": [
          [
            [
              37.7326889,
              55.8151366
            ],
            [
              37.7328549,
              55.8150126
            ],
            [
              37.7340859,
              55.8143374
            ],
            [
              37.7342926,
              55.8142563
            ],
            [
              37.734489,
              55.8141444
            ],
            [
              37.7347977,
              55.813998
            ],
            [
              37.7349919,
              55.8139633
            ],
            [
              37.7351929,
              55.8139819
            ],
            [
              37.735357,
              55.8140499
            ],
            [
              37.7354666,
              55.8141682
            ],
            [
              37.7354194,
              55.8142794
            ],
            [
              37.7353415,
              55.8143748
            ],
            [
              37.7352262,
              55.8144573
            ],
            [
              37.7351316,
              55.8145028
            ],
            [
              37.7342807,
              55.8147485
            ],
            [
              37.7332279,
              55.8151098
            ],
            [
              37.7221021,
              55.8181814
            ],
            [
              37.7217124,
              55.8182687
            ],
            [
              37.7214321,
              55.8182876
            ],
            [
              37.7212212,
              55.8182354
            ],
            [
              37.7194325,
              55.8171262
            ],
            [
              37.7192227,
              55.8170891
            ],
            [
              37.7190313,
              55.8171102
            ],
            [
              37.7142147,
              55.8191739
            ],
            [
              37.7139867,
              55.8192464
            ],
            [
              37.7122896,
              55.8196886
            ],
            [
              37.7115176,
              55.819867
            ],
            [
              37.7112213,
              55.819905
            ],
            [
              37.7109976,
              55.8198986
            ],
            [
              37.7105193,
              55.8198328
            ],
            [
              37.7061765,
              55.8191204
            ],
            [
              37.7051143,
              55.8189216
            ],
            [
              37.7037654,
              55.8185884
            ],
            [
              37.7035115,
              55.8184752
            ],
            [
              37.7030468,
              55.8182125
            ],
            [
              37.7016214,
              55.8174554
            ],
            [
              37.7013684,
              55.8172757
            ],
            [
              37.7009532,
              55.8168621
            ],
            [
              37.7008115,
              55.8167644
            ],
            [
              37.7001438,
              55.8164764
            ],
            [
              37.6998238,
              55.8163648
            ],
            [
              37.6971213,
              55.8155941
            ],
            [
              37.6966778,
              55.8154426
            ],
            [
              37.6962818,
              55.8152539
            ],
            [
              37.6953253,
              55.8146654
            ],
            [
              37.69517,
              55.8145926
            ],
            [
              37.6950682,
              55.8145668
            ],
            [
              37.6949567,
              55.8145648
            ],
            [
              37.6948523,
              55.8145871
            ],
            [
              37.6943954,
              55.8147962
            ],
            [
              37.6936707,
              55.8150903
            ],
            [
              37.6909599,
              55.816368
            ],
            [
              37.6902475,
              55.8165929
            ],
            [
              37.6882504,
              55.8171178
            ],
            [
              37.6880857,
              55.8171236
            ],
            [
              37.6879337,
              55.817092
            ],
            [
              37.6854941,
              55.8161262
            ],
            [
              37.6853394,
              55.8160471
            ],
            [
              37.6852104,
              55.8159567
            ],
            [
              37.6850944,
              55.8158408
            ],
            [
              37.684997,
              55.8156728
            ],
            [
              37.6849619,
              55.8155339
            ],
            [
              37.6850026,
              55.8154303
            ],
            [
              37.685068,
              55.8153675
            ],
            [
              37.686728,
              55.8141449
            ],
            [
              37.6868609,
              55.8140185
            ],
            [
              37.6868913,
              55.8139633
            ],
            [
              37.6869072,
              55.8138772
            ],
            [
              37.6868703,
              55.8137605
            ],
            [
              37.6863243,
              55.8130299
            ],
            [
              37.6849052,
              55.8112551
            ],
            [
              37.684789,
              55.8110734
            ],
            [
              37.6847848,
              55.8110284
            ],
            [
              37.6848082,
              55.8109699
            ],
            [
              37.6848934,
              55.8108934
            ],
            [
              37.6888142,
              55.8079992
            ],
            [
              37.6902428,
              55.8068871
            ],
            [
              37.6917188,
              55.8057731
            ],
            [
              37.6917599,
              55.8057196
            ],
            [
              37.6917541,
              55.8056585
            ],
            [
              37.6908301,
              55.8048112
            ],
            [
              37.6898441,
              55.8038484
            ],
            [
              37.6892936,
              55.8033419
            ],
            [
              37.6884915,
              55.8026783
            ],
            [
              37.6882918,
              55.8024815
            ],
            [
              37.6882131,
              55.8023771
            ],
            [
              37.6870993,
              55.8004869
            ],
            [
              37.6869234,
              55.8002095
            ],
            [
              37.6867181,
              55.799953
            ],
            [
              37.6864764,
              55.7997051
            ],
            [
              37.6858877,
              55.7991733
            ],
            [
              37.6831309,
              55.7962964
            ],
            [
              37.6830351,
              55.796157
            ],
            [
              37.6829483,
              55.7959576
            ],
            [
              37.6824576,
              55.7946127
            ],
            [
              37.6821535,
              55.7938512
            ],
            [
              37.6817219,
              55.7928854
            ],
            [
              37.6816558,
              55.7928342
            ],
            [
              37.6815809,
              55.7928061
            ],
            [
              37.6804753,
              55.7925379
            ],
            [
              37.6803869,
              55.792497
            ],
            [
              37.6803189,
              55.7924238
            ],
            [
              37.6803015,
              55.7923556
            ],
            [
              37.680325,
              55.7922801
            ],
            [
              37.6809799,
              55.7912766
            ],
            [
              37.6819486,
              55.7898803
            ],
            [
              37.6819705,
              55.7897942
            ],
            [
              37.6819546,
              55.7897426
            ],
            [
              37.6819178,
              55.7896945
            ],
            [
              37.6818158,
              55.7896292
            ],
            [
              37.6811434,
              55.7893677
            ],
            [
              37.6807124,
              55.789161
            ],
            [
              37.6805178,
              55.7890457
            ],
            [
              37.6800592,
              55.788719
            ],
            [
              37.6766722,
              55.7860808
            ],
            [
              37.6763731,
              55.7858671
            ],
            [
              37.6758028,
              55.785403
            ],
            [
              37.6756585,
              55.7852683
            ],
            [
              37.6755272,
              55.7851176
            ],
            [
              37.6751873,
              55.7845996
            ],
            [
              37.675108,
              55.7845058
            ],
            [
              37.674836,
              55.7842622
            ],
            [
              37.6745606,
              55.7840679
            ],
            [
              37.6701543,
              55.7815195
            ],
            [
              37.6683331,
              55.7805599
            ],
            [
              37.6664543,
              55.7796033
            ],
            [
              37.6663542,
              55.7795207
            ],
            [
              37.6663222,
              55.7794223
            ],
            [
              37.6663521,
              55.7793405
            ],
            [
              37.6664238,
              55.7792648
            ],
            [
              37.6675176,
              55.7785626
            ],
            [
              37.6691184,
              55.7774215
            ],
            [
              37.669434,
              55.7771424
            ],
            [
              37.6703615,
              55.7763741
            ],
            [
              37.6707441,
              55.7760826
            ],
            [
              37.6708108,
              55.776048
            ],
            [
              37.6709252,
              55.7760232
            ],
            [
              37.6710476,
              55.7760267
            ],
            [
              37.671308,
              55.7761159
            ],
            [
              37.6725872,
              55.7766675
            ],
            [
              37.673833,
              55.7772565
            ],
            [
              37.6740049,
              55.7772815
            ],
            [
              37.6740843,
              55.7772616
            ],
            [
              37.6755898,
              55.7765432
            ],
            [
              37.6775672,
              55.7755798
            ],
            [
              37.6776735,
              55.7755162
            ],
            [
              37.6777518,
              55.7754439
            ],
            [
              37.6778138,
              55.775333
            ],
            [
              37.6784224,
              55.7732458
            ],
            [
              37.678459,
              55.7729811
            ],
            [
              37.6788254,
              55.7713928
            ],
            [
              37.6792657,
              55.7696976
            ],
            [
              37.6796349,
              55.7679388
            ],
            [
              37.6800027,
              55.7658855
            ],
            [
              37.6802706,
              55.764018
            ],
            [
              37.6802678,
              55.7637185
            ],
            [
              37.6801308,
              55.7631808
            ],
            [
              37.6801402,
              55.7631215
            ],
            [
              37.6801734,
              55.7630777
            ],
            [
              37.6802428,
              55.7630329
            ],
            [
              37.6804262,
              55.7629912
            ],
            [
              37.6832907,
              55.7627402
            ],
            [
              37.6837091,
              55.7626894
            ],
            [
              37.6839129,
              55.7626496
            ],
            [
              37.6842898,
              55.7625487
            ],
            [
              37.6865497,
              55.7617322
            ],
            [
              37.6866875,
              55.7616634
            ],
            [
              37.6867246,
              55.761624
            ],
            [
              37.6867469,
              55.7615658
            ],
            [
              37.6867363,
              55.7615067
            ],
            [
              37.6866974,
              55.7614423
            ],
            [
              37.6856417,
              55.7603361
            ],
            [
              37.6855346,
              55.7602049
            ],
            [
              37.6854954,
              55.7601107
            ],
            [
              37.6854676,
              55.7599626
            ],
            [
              37.6854491,
              55.7596892
            ],
            [
              37.6853215,
              55.7586312
            ],
            [
              37.6853393,
              55.7585883
            ],
            [
              37.6853862,
              55.7585447
            ],
            [
              37.6857228,
              55.7583871
            ],
            [
              37.685769,
              55.7583247
            ],
            [
              37.6857661,
              55.7582571
            ],
            [
              37.6857043,
              55.7581885
            ],
            [
              37.6842151,
              55.7571132
            ],
            [
              37.6795047,
              55.7537413
            ],
            [
              37.6792397,
              55.7534467
            ],
            [
              37.6774755,
              55.7511324
            ],
            [
              37.6767226,
              55.7501215
            ],
            [
              37.6761204,
              55.7492408
            ],
            [
              37.6756216,
              55.7486841
            ],
            [
              37.675428,
              55.7485235
            ],
            [
              37.6752907,
              55.7484357
            ],
            [
              37.6751,
              55.7483575
            ],
            [
              37.6748685,
              55.7483125
            ],
            [
              37.6745723,
              55.74829
            ],
            [
              37.6743147,
              55.7483028
            ],
            [
              37.6732262,
              55.7484698
            ],
            [
              37.6727721,
              55.7485022
            ],
            [
              37.672119,
              55.7485282
            ],
            [
              37.6718976,
              55.7485067
            ],
            [
              37.6717219,
              55.7484694
            ],
            [
              37.6715542,
              55.748402
            ],
            [
              37.6714484,
              55.7483256
            ],
            [
              37.6704397,
              55.7472036
            ],
            [
              37.6703376,
              55.7471303
            ],
            [
              37.670242,
              55.7470824
            ],
            [
              37.6701277,
              55.7470502
            ],
            [
              37.6694631,
              55.7469506
            ],
            [
              37.6693496,
              55.7469467
            ],
            [
              37.6692018,
              55.7469649
            ],
            [
              37.6691015,
              55.746995
            ],
            [
              37.6689922,
              55.7470541
            ],
            [
              37.667084,
              55.7490846
            ],
            [
              37.6660663,
              55.7502078
            ],
            [
              37.6648922,
              55.7517388
            ],
            [
              37.6634761,
              55.7536783
            ],
            [
              37.6633109,
              55.7538546
            ],
            [
              37.6631743,
              55.7539539
            ],
            [
              37.6630146,
              55.7540416
            ],
            [
              37.6626383,
              55.7541753
            ],
            [
              37.6609879,
              55.7544578
            ],
            [
              37.6608572,
              55.7544957
            ],
            [
              37.660798,
              55.754538
            ],
            [
              37.6607743,
              55.7545902
            ],
            [
              37.660839,
              55.755043
            ],
            [
              37.660859,
              55.7553016
            ],
            [
              37.6608285,
              55.7554038
            ],
            [
              37.6607698,
              55.7554742
            ],
            [
              37.6606776,
              55.755524
            ],
            [
              37.6605689,
              55.7555474
            ],
            [
              37.6598397,
              55.7555622
            ],
            [
              37.6594641,
              55.7556068
            ]
          ],
          [
            [
              37.6605689,
              55.7555474
            ],
            [
              37.6598397,
              55.7555622
            ],
            [
              37.6594641,
              55.7556068
            ],
            [
              37.6593085,
              55.7555969
            ],
            [
              37.6592177,
              55.7555786
            ],
            [
              37.659148,
              55.7555411
            ],
            [
              37.6590998,
              55.7554789
            ],
            [
              37.6590871,
              55.7554214
            ],
            [
              37.6591272,
              55.7553359
            ],
            [
              37.6592126,
              55.7552523
            ],
            [
              37.6593177,
              55.7551906
            ],
            [
              37.6594484,
              55.7551443
            ],
            [
              37.6596387,
              55.7551145
            ],
            [
              37.6604552,
              55.7550754
            ],
            [
              37.6606257,
              55.7550256
            ],
            [
              37.6607045,
              55.7549501
            ],
            [
              37.660742,
              55.754852
            ],
            [
              37.660713,
              55.7545604
            ],
            [
              37.6607465,
              55.7545106
            ],
            [
              37.6608234,
              55.7544637
            ],
            [
              37.6609578,
              55.7544241
            ],
            [
              37.6626122,
              55.7541425
            ],
            [
              37.6629735,
              55.7540142
            ],
            [
              37.6631269,
              55.75393
            ],
            [
              37.663258,
              55.7538346
            ],
            [
              37.6634176,
              55.753664
            ],
            [
              37.6648335,
              55.7517249
            ],
            [
              37.6660094,
              55.7501916
            ],
            [
              37.6670275,
              55.7490681
            ],
            [
              37.6689262,
              55.7470414
            ],
            [
              37.6690173,
              55.7469757
            ],
            [
              37.6691398,
              55.746929
            ],
            [
              37.669282,
              55.7469061
            ],
            [
              37.6694297,
              55.746909
            ],
            [
              37.6701599,
              55.7470298
            ],
            [
              37.6703261,
              55.7470873
            ],
            [
              37.6704516,
              55.7471554
            ],
            [
              37.6706054,
              55.7472819
            ],
            [
              37.670885,
              55.7475661
            ],
            [
              37.6714993,
              55.7482869
            ],
            [
              37.6716387,
              55.7483862
            ],
            [
              37.671832,
              55.7484584
            ],
            [
              37.6720864,
              55.7484883
            ],
            [
              37.6730287,
              55.7484494
            ],
            [
              37.6736235,
              55.7483872
            ],
            [
              37.6742863,
              55.7482795
            ],
            [
              37.6747139,
              55.748259
            ],
            [
              37.674951,
              55.7482812
            ],
            [
              37.6751282,
              55.7483235
            ],
            [
              37.6753297,
              55.748405
            ],
            [
              37.6754551,
              55.7484901
            ],
            [
              37.6756312,
              55.748631
            ],
            [
              37.6761691,
              55.749207
            ],
            [
              37.6766212,
              55.7498818
            ],
            [
              37.677026,
              55.7504421
            ],
            [
              37.679298,
              55.7534323
            ],
            [
              37.6795382,
              55.7537044
            ],
            [
              37.6796216,
              55.7537767
            ],
            [
              37.6857508,
              55.7581668
            ],
            [
              37.6858414,
              55.7582778
            ],
            [
              37.685914,
              55.7585961
            ],
            [
              37.6861498,
              55.75933
            ],
            [
              37.686199,
              55.7596017
            ],
            [
              37.686169,
              55.7596716
            ],
            [
              37.6860856,
              55.759748
            ],
            [
              37.6856489,
              55.7599736
            ],
            [
              37.6855875,
              55.7600486
            ],
            [
              37.685579,
              55.7601473
            ],
            [
              37.6857008,
              55.7603235
            ],
            [
              37.6867533,
              55.7614299
            ],
            [
              37.6867978,
              55.7614975
            ],
            [
              37.6868105,
              55.7615679
            ],
            [
              37.6867935,
              55.7616215
            ],
            [
              37.6867398,
              55.7616839
            ],
            [
              37.6865938,
              55.7617593
            ],
            [
              37.6843218,
              55.7625797
            ],
            [
              37.6839357,
              55.7626832
            ],
            [
              37.6837268,
              55.7627239
            ],
            [
              37.6833019,
              55.7627756
            ],
            [
              37.680416,
              55.7630283
            ],
            [
              37.6802838,
              55.7630593
            ],
            [
              37.6802035,
              55.7631272
            ],
            [
              37.6801948,
              55.7631636
            ],
            [
              37.6803323,
              55.7637298
            ],
            [
              37.6803341,
              55.7640211
            ],
            [
              37.6800661,
              55.7658887
            ],
            [
              37.6796983,
              55.7679427
            ],
            [
              37.6793289,
              55.7697023
            ],
            [
              37.6788885,
              55.7713977
            ],
            [
              37.6785222,
              55.7729725
            ],
            [
              37.6784904,
              55.7732236
            ],
            [
              37.6778765,
              55.7753394
            ],
            [
              37.6778088,
              55.7754599
            ],
            [
              37.6777248,
              55.7755375
            ],
            [
              37.6776096,
              55.7756066
            ],
            [
              37.6741225,
              55.7772904
            ],
            [
              37.6740157,
              55.7773169
            ],
            [
              37.6739046,
              55.7773134
            ],
            [
              37.6737972,
              55.7772862
            ],
            [
              37.6725469,
              55.7766953
            ],
            [
              37.671271,
              55.7761451
            ],
            [
              37.6710336,
              55.7760638
            ],
            [
              37.670933,
              55.7760615
            ],
            [
              37.670843,
              55.7760806
            ],
            [
              37.6704136,
              55.7763949
            ],
            [
              37.669169,
              55.7774433
            ],
            [
              37.6675671,
              55.7785852
            ],
            [
              37.6664712,
              55.7792888
            ],
            [
              37.666406,
              55.7793551
            ],
            [
              37.6663845,
              55.7794221
            ],
            [
              37.6664131,
              55.779507
            ],
            [
              37.6664986,
              55.7795774
            ],
            [
              37.6683763,
              55.7805335
            ],
            [
              37.6701984,
              55.7814929
            ],
            [
              37.6747304,
              55.7841392
            ],
            [
              37.6750136,
              55.7843598
            ],
            [
              37.6751601,
              55.7845066
            ],
            [
              37.6756352,
              55.7851888
            ],
            [
              37.6759883,
              55.785515
            ],
            [
              37.67628,
              55.785755
            ],
            [
              37.6767288,
              55.7860636
            ],
            [
              37.6801106,
              55.7886977
            ],
            [
              37.6805655,
              55.7890219
            ],
            [
              37.6807571,
              55.7891353
            ],
            [
              37.6811817,
              55.789339
            ],
            [
              37.6818463,
              55.7895967
            ],
            [
              37.6819744,
              55.7896766
            ],
            [
              37.6820311,
              55.7897735
            ],
            [
              37.6820323,
              55.7898329
            ],
            [
              37.6820091,
              55.7898915
            ],
            [
              37.6810396,
              55.7912892
            ],
            [
              37.6803753,
              55.7923131
            ],
            [
              37.6803658,
              55.7923706
            ],
            [
              37.6803798,
              55.7924132
            ],
            [
              37.680425,
              55.792465
            ],
            [
              37.6805093,
              55.7925105
            ],
            [
              37.68163,
              55.7927831
            ],
            [
              37.6817218,
              55.7928246
            ],
            [
              37.6817864,
              55.7928799
            ],
            [
              37.6822156,
              55.793843
            ],
            [
              37.6825199,
              55.7946051
            ],
            [
              37.6830103,
              55.7959494
            ],
            [
              37.6830988,
              55.7961487
            ],
            [
              37.6831897,
              55.7962826
            ],
            [
              37.6859442,
              55.7991565
            ],
            [
              37.6865316,
              55.7996872
            ],
            [
              37.6867751,
              55.799937
            ],
            [
              37.6869825,
              55.8001961
            ],
            [
              37.6871596,
              55.8004752
            ],
            [
              37.6882809,
              55.8023756
            ],
            [
              37.6884014,
              55.8025342
            ],
            [
              37.6893473,
              55.8033225
            ],
            [
              37.6898989,
              55.80383
            ],
            [
              37.6908849,
              55.8047928
            ],
            [
              37.6918273,
              55.8056579
            ],
            [
              37.6918348,
              55.8057204
            ],
            [
              37.691791,
              55.805778
            ],
            [
              37.6902942,
              55.8069084
            ],
            [
              37.6888653,
              55.8080206
            ],
            [
              37.6848675,
              55.8109832
            ],
            [
              37.6848484,
              55.8110307
            ],
            [
              37.6848519,
              55.8110673
            ],
            [
              37.6849641,
              55.8112413
            ],
            [
              37.6860102,
              55.8125377
            ],
            [
              37.686717,
              55.8134538
            ],
            [
              37.6869297,
              55.8137474
            ],
            [
              37.6869709,
              55.8138753
            ],
            [
              37.6869637,
              55.81394
            ],
            [
              37.6869201,
              55.8140318
            ],
            [
              37.68678,
              55.8141657
            ],
            [
              37.6853125,
              55.8152446
            ],
            [
              37.68506,
              55.815446
            ],
            [
              37.6850257,
              55.8155332
            ],
            [
              37.6850593,
              55.815665
            ],
            [
              37.6851527,
              55.8158262
            ],
            [
              37.685263,
              55.8159364
            ],
            [
              37.6853891,
              55.8160244
            ],
            [
              37.6855369,
              55.8160994
            ],
            [
              37.6876181,
              55.8169181
            ],
            [
              37.6880086,
              55.8170679
            ],
            [
              37.6881032,
              55.8170846
            ],
            [
              37.6882022,
              55.8170812
            ],
            [
              37.6884132,
              55.8170427
            ],
            [
              37.6901395,
              55.8165901
            ],
            [
              37.6909308,
              55.8163443
            ],
            [
              37.6931871,
              55.8152645
            ],
            [
              37.6943562,
              55.8147678
            ],
            [
              37.6947061,
              55.8146003
            ],
            [
              37.6948953,
              55.8145364
            ],
            [
              37.695085,
              55.8145321
            ],
            [
              37.6952091,
              55.8145642
            ],
            [
              37.6953726,
              55.8146412
            ],
            [
              37.6964262,
              55.8152805
            ],
            [
              37.6968061,
              55.8154506
            ],
            [
              37.697223,
              55.8155837
            ],
            [
              37.6998541,
              55.8163332
            ],
            [
              37.7001812,
              55.8164473
            ],
            [
              37.7008989,
              55.8167579
            ],
            [
              37.7010083,
              55.816844
            ],
            [
              37.7013149,
              55.8171591
            ],
            [
              37.701575,
              55.8173767
            ],
            [
              37.7035558,
              55.8184494
            ],
            [
              37.7038026,
              55.8185592
            ],
            [
              37.7051381,
              55.8188883
            ],
            [
              37.7061952,
              55.819086
            ],
            [
              37.7105356,
              55.8197981
            ],
            [
              37.7110082,
              55.8198632
            ],
            [
              37.7112212,
              55.819869
            ],
            [
              37.7114942,
              55.8198336
            ],
            [
              37.7122647,
              55.8196555
            ],
            [
              37.7139586,
              55.8192142
            ],
            [
              37.7141791,
              55.8191441
            ],
            [
              37.7166251,
              55.8181066
            ],
            [
              37.7189073,
              55.817111
            ],
            [
              37.7190757,
              55.817063
            ],
            [
              37.7193004,
              55.8170583
            ],
            [
              37.7194802,
              55.8171024
            ],
            [
              37.7202044,
              55.817563
            ],
            [
              37.7212811,
              55.8182158
            ],
            [
              37.7214129,
              55.8182491
            ],
            [
              37.7215284,
              55.8182535
            ],
            [
              37.7219509,
              55.8181811
            ],
            [
              37.7324555,
              55.8152767
            ],
            [
              37.7326033,
              55.8152068
            ],
            [
              37.7328549,
              55.8150126
            ],
            [
              37.7340859,
              55.8143374
            ],
            [
              37.7342926,
              55.8142563
            ]
          ]
        ]
      },
      "properties": {
        "ID": 4418,
        "RouteNumber": "4",
        "RouteName": "Метро «Бульвар Рокоссовского» - Курский вокзал",
        "TrackOfFollowing": "Метро «Бульвар Рокоссовского» - Метро «Бульвар Рокоссовского» - 5 - й пр. Подбельского - 3 - й проезд Подбельского - Игральная ул. - Погонный проезд - Ланинский переулок - Богородское - Богородский храм - Богатырский мост - Ростокинский проезд - Б. Ширяевская ул. - 2 - й Ширяевский переулок - Б. Оленья ул. - Майский просек - Ул. Короленко - Охотничья улица - ПКиО «Сокольники» - 2 - й Полевой переулок - Метро «Сокольники» - МЦД Митьково - Леснорядская улица - Метро «Красносельская» - Нижняя Красносельская улица - Ольховская улица - Поликлиника - Басманный двор - Метро «Бауманская» - Аптекарский переулок - Денисовский переулок - МГТУ имени Н.Э. Баумана - Лефортовская наб. - Лефортовский мост - Красноказарменная площадь - Библиотека имени Грина - Трамвайно - ремонтный завод - Дом культуры «Серп и Молот» - Музей имени Андрея Рублёва - Костомаровский мост - Дом культуры Метростроя - 3 - й Сыромятнический переулок - Курский вокзал",
        "ReverseTrackOfFollowing": "Курский вокзал - 3 - й Сыромятнический переулок - Дом культуры Метростроя - Костомаровский мост - Музей имени Андрея Рублёва - Дом культуры «Серп и Молот» - Трамвайно - ремонтный завод - Библиотека имени Грина - Красноказарменная площадь - Лефортовский мост - Лефортовская набережная - МГТУ имени Н.Э. Баумана - Денисовский переулок - Аптекарский переулок - Метро «Бауманская» - Басманный двор - Поликлиника - Ольховская улица - Метро «Красносельская» - Леснорядская улица - МЦД Митьково - Метро «Сокольники» - 2 - й Полевой переулок - ПКиО «Сокольники» - Охотничья улица - Ул. Короленко - Майский просек - Большая Оленья улица - 2 - й Ширяевский переулок - Б. Ширяевская ул. - Ростокинский проезд - Богатырский мост - Богородский храм - Богородское - Ланинский переулок - Погонный проезд - Игральная улица - 3 - й проезд Подбельского - 5 - й пр. Подбельского - Метро «Бульвар Рокоссовского»",
        "TypeOfTransport": "Трамвай",
        "CarrierName": "ГУП Мосгортранс",
        "global_id": 5102385142
      }
    },
    {
      "type": "Feature",
      "geometry": {
        "type": "MultiLineString",
        "coordinates": [
          [
            [
              37.4074741,
              55.8512247
            ],
            [
              37.4073309,
              55.8515841
            ],
            [
              37.4072678,
              55.8518302
            ],
            [
              37.4072849,
              55.8519278
            ],
            [
              37.4073746,
              55.8520833
            ],
            [
              37.4082598,
              55.8534211
            ],
            [
              37.4086525,
              55.8539777
            ],
            [
              37.4091068,
              55.854504
            ],
            [
              37.4095188,
              55.8549068
            ],
            [
              37.4097365,
              55.855091
            ],
            [
              37.4105593,
              55.8556485
            ],
            [
              37.4113938,
              55.8561327
            ],
            [
              37.4118712,
              55.8563689
            ],
            [
              37.4122667,
              55.8565434
            ],
            [
              37.4128625,
              55.8567863
            ],
            [
              37.413596,
              55.8570407
            ],
            [
              37.4142816,
              55.8572448
            ],
            [
              37.4153837,
              55.857511
            ],
            [
              37.4160913,
              55.8576488
            ],
            [
              37.416712,
              55.8577435
            ],
            [
              37.4173448,
              55.8578105
            ],
            [
              37.4196373,
              55.8580012
            ],
            [
              37.4207562,
              55.8580799
            ],
            [
              37.4227049,
              55.8581787
            ],
            [
              37.4244787,
              55.8582402
            ],
            [
              37.4254666,
              55.8582389
            ],
            [
              37.426977,
              55.858209
            ],
            [
              37.4284111,
              55.8581356
            ],
            [
              37.4293704,
              55.8580603
            ],
            [
              37.4300718,
              55.857988
            ],
            [
              37.4307607,
              55.8578875
            ],
            [
              37.4315722,
              55.8577394
            ],
            [
              37.4325436,
              55.8575134
            ],
            [
              37.4336329,
              55.8572014
            ],
            [
              37.4340447,
              55.8570529
            ],
            [
              37.4344354,
              55.8568862
            ],
            [
              37.434906,
              55.8566687
            ],
            [
              37.4355908,
              55.8563078
            ],
            [
              37.4362226,
              55.8559181
            ],
            [
              37.4367992,
              55.8555008
            ],
            [
              37.4372655,
              55.8551026
            ],
            [
              37.4375447,
              55.8548062
            ],
            [
              37.4378931,
              55.8543364
            ],
            [
              37.438109,
              55.853961
            ],
            [
              37.4382719,
              55.8535767
            ],
            [
              37.4396666,
              55.8495629
            ],
            [
              37.4399695,
              55.8485872
            ],
            [
              37.4399836,
              55.8484954
            ],
            [
              37.439973,
              55.8483198
            ],
            [
              37.4392158,
              55.8446536
            ],
            [
              37.43893,
              55.8431493
            ],
            [
              37.4378999,
              55.8381558
            ],
            [
              37.4378178,
              55.8377109
            ],
            [
              37.4378298,
              55.8376366
            ],
            [
              37.4378723,
              55.8375659
            ],
            [
              37.437943,
              55.8375027
            ],
            [
              37.4380741,
              55.8374362
            ],
            [
              37.4381952,
              55.8374051
            ],
            [
              37.4383212,
              55.8373942
            ],
            [
              37.4522325,
              55.8363752
            ],
            [
              37.4523934,
              55.8363464
            ],
            [
              37.4538167,
              55.835975
            ],
            [
              37.4540118,
              55.8358849
            ],
            [
              37.4540766,
              55.8358309
            ],
            [
              37.4541171,
              55.8357699
            ],
            [
              37.4541299,
              55.8356835
            ],
            [
              37.452534,
              55.8277408
            ],
            [
              37.4523063,
              55.8266487
            ],
            [
              37.4522406,
              55.8264455
            ],
            [
              37.4507805,
              55.8230147
            ],
            [
              37.4503692,
              55.8219454
            ],
            [
              37.4501987,
              55.8215898
            ],
            [
              37.4501356,
              55.8214957
            ],
            [
              37.4500685,
              55.8214343
            ],
            [
              37.449645,
              55.8211866
            ],
            [
              37.4494563,
              55.8210433
            ],
            [
              37.4492128,
              55.8208242
            ],
            [
              37.4484804,
              55.8200853
            ],
            [
              37.4483882,
              55.8199673
            ],
            [
              37.4483341,
              55.8197761
            ],
            [
              37.4483392,
              55.81967
            ],
            [
              37.4483636,
              55.8195749
            ],
            [
              37.4484486,
              55.8194398
            ],
            [
              37.448599,
              55.8193098
            ],
            [
              37.4487321,
              55.8192259
            ],
            [
              37.4489363,
              55.8191375
            ],
            [
              37.4492444,
              55.8190754
            ],
            [
              37.4495071,
              55.8190479
            ],
            [
              37.4497894,
              55.8190632
            ],
            [
              37.449959,
              55.8190924
            ],
            [
              37.4504277,
              55.8192372
            ],
            [
              37.4506279,
              55.8192837
            ],
            [
              37.4507622,
              55.8192984
            ],
            [
              37.4509036,
              55.8192918
            ],
            [
              37.4510593,
              55.819266
            ],
            [
              37.453943,
              55.8185822
            ],
            [
              37.4541016,
              55.8185215
            ],
            [
              37.4543653,
              55.818353
            ],
            [
              37.4546319,
              55.8182641
            ],
            [
              37.4577382,
              55.8175759
            ],
            [
              37.4602271,
              55.8169208
            ],
            [
              37.4626278,
              55.8162194
            ],
            [
              37.4725799,
              55.8134556
            ],
            [
              37.4727298,
              55.813394
            ],
            [
              37.4728499,
              55.8133144
            ],
            [
              37.4736186,
              55.8125295
            ],
            [
              37.4738742,
              55.8123872
            ],
            [
              37.4744985,
              55.812137
            ],
            [
              37.4746673,
              55.8120326
            ],
            [
              37.4747537,
              55.8119518
            ],
            [
              37.4748386,
              55.8118189
            ],
            [
              37.4748918,
              55.8116322
            ],
            [
              37.4750047,
              55.8105146
            ],
            [
              37.4750676,
              55.8104293
            ],
            [
              37.4752174,
              55.8103628
            ],
            [
              37.4753997,
              55.8103436
            ],
            [
              37.4820488,
              55.8105701
            ],
            [
              37.4838334,
              55.8106142
            ],
            [
              37.4842493,
              55.8105881
            ],
            [
              37.4844336,
              55.8105512
            ],
            [
              37.4885701,
              55.8091463
            ],
            [
              37.488707,
              55.8091114
            ],
            [
              37.4889047,
              55.8090946
            ],
            [
              37.489146,
              55.8091193
            ],
            [
              37.4907905,
              55.8095562
            ],
            [
              37.4909563,
              55.8095649
            ],
            [
              37.4911332,
              55.8095426
            ],
            [
              37.4948457,
              55.8087642
            ],
            [
              37.495884,
              55.8084858
            ],
            [
              37.4962232,
              55.8084155
            ],
            [
              37.4974543,
              55.8081979
            ],
            [
              37.501619,
              55.8074128
            ],
            [
              37.5060634,
              55.8065602
            ],
            [
              37.5081997,
              55.8060401
            ],
            [
              37.5084373,
              55.8059331
            ],
            [
              37.508824,
              55.8056668
            ],
            [
              37.5089377,
              55.8056085
            ],
            [
              37.5095737,
              55.8054543
            ]
          ],
          [
            [
              37.5081264,
              55.806058
            ],
            [
              37.50835,
              55.8059832
            ],
            [
              37.508878,
              55.8056344
            ],
            [
              37.5090039,
              55.8055882
            ],
            [
              37.5094121,
              55.8054853
            ],
            [
              37.5096233,
              55.8054482
            ],
            [
              37.5097878,
              55.8054478
            ],
            [
              37.5098768,
              55.8054792
            ],
            [
              37.5099523,
              55.8055318
            ],
            [
              37.5100046,
              55.8056306
            ],
            [
              37.509999,
              55.8056814
            ],
            [
              37.5099646,
              55.8057355
            ],
            [
              37.5098622,
              55.8057992
            ],
            [
              37.5093048,
              55.8059436
            ],
            [
              37.5091027,
              55.8059748
            ],
            [
              37.5086151,
              55.8059781
            ],
            [
              37.5060872,
              55.8065935
            ],
            [
              37.5056306,
              55.8066904
            ],
            [
              37.4962429,
              55.8084497
            ],
            [
              37.495906,
              55.8085195
            ],
            [
              37.4948676,
              55.8087979
            ],
            [
              37.4911483,
              55.8095775
            ],
            [
              37.4909628,
              55.8096006
            ],
            [
              37.4907722,
              55.8095906
            ],
            [
              37.4891844,
              55.8091661
            ],
            [
              37.4889494,
              55.8091316
            ],
            [
              37.4887262,
              55.8091456
            ],
            [
              37.4844665,
              55.810582
            ],
            [
              37.484288,
              55.8106176
            ],
            [
              37.4840616,
              55.8106431
            ],
            [
              37.483831,
              55.8106483
            ],
            [
              37.4820458,
              55.810606
            ],
            [
              37.4753834,
              55.810379
            ],
            [
              37.4752936,
              55.8103909
            ],
            [
              37.4751489,
              55.8104454
            ],
            [
              37.4750842,
              55.8105001
            ],
            [
              37.4750572,
              55.8105471
            ],
            [
              37.4749577,
              55.8116108
            ],
            [
              37.4749062,
              55.8118122
            ],
            [
              37.4748184,
              55.8119567
            ],
            [
              37.4746731,
              55.8120858
            ],
            [
              37.4745481,
              55.8121596
            ],
            [
              37.4739156,
              55.8124146
            ],
            [
              37.4736683,
              55.812552
            ],
            [
              37.472898,
              55.8133414
            ],
            [
              37.4728205,
              55.8134014
            ],
            [
              37.4726964,
              55.8134578
            ],
            [
              37.4626563,
              55.8162516
            ],
            [
              37.4602552,
              55.8169531
            ],
            [
              37.4577632,
              55.817609
            ],
            [
              37.4546545,
              55.8182977
            ],
            [
              37.4544651,
              55.8183514
            ],
            [
              37.454147,
              55.8185467
            ],
            [
              37.4539689,
              55.818615
            ],
            [
              37.4509247,
              55.8193223
            ],
            [
              37.4507504,
              55.8193275
            ],
            [
              37.4505784,
              55.8193102
            ],
            [
              37.4498859,
              55.8191123
            ],
            [
              37.4495116,
              55.8190838
            ],
            [
              37.4492613,
              55.81911
            ],
            [
              37.448967,
              55.819169
            ],
            [
              37.4487762,
              55.8192519
            ],
            [
              37.4486491,
              55.8193321
            ],
            [
              37.4485058,
              55.8194557
            ],
            [
              37.4484465,
              55.8195394
            ],
            [
              37.4484112,
              55.8196271
            ],
            [
              37.4483978,
              55.8197747
            ],
            [
              37.4484492,
              55.8199568
            ],
            [
              37.4485013,
              55.8200314
            ],
            [
              37.4492679,
              55.8208061
            ],
            [
              37.4495103,
              55.8210241
            ],
            [
              37.449697,
              55.8211635
            ],
            [
              37.4501214,
              55.8214141
            ],
            [
              37.4501954,
              55.821483
            ],
            [
              37.4502592,
              55.8215784
            ],
            [
              37.4504322,
              55.8219337
            ],
            [
              37.4516285,
              55.8247204
            ],
            [
              37.4523516,
              55.8265003
            ],
            [
              37.4524552,
              55.8269184
            ],
            [
              37.4540629,
              55.8349456
            ],
            [
              37.4542044,
              55.8356899
            ],
            [
              37.4541966,
              55.8357766
            ],
            [
              37.4541748,
              55.8358184
            ],
            [
              37.4540979,
              55.8358936
            ],
            [
              37.454015,
              55.8359392
            ],
            [
              37.4537363,
              55.8360381
            ],
            [
              37.4524228,
              55.8363788
            ],
            [
              37.4522049,
              55.8364088
            ],
            [
              37.4382968,
              55.8374391
            ],
            [
              37.4380954,
              55.8374825
            ],
            [
              37.4379511,
              55.8375726
            ],
            [
              37.4379027,
              55.8376493
            ],
            [
              37.4378972,
              55.8377222
            ],
            [
              37.4400683,
              55.8483148
            ],
            [
              37.4400792,
              55.8484979
            ],
            [
              37.4400644,
              55.8485941
            ],
            [
              37.4397608,
              55.8495726
            ],
            [
              37.4383655,
              55.8535882
            ],
            [
              37.4382012,
              55.8539756
            ],
            [
              37.4379833,
              55.8543544
            ],
            [
              37.437631,
              55.8548295
            ],
            [
              37.4373482,
              55.8551297
            ],
            [
              37.436876,
              55.8555331
            ],
            [
              37.4362959,
              55.8559528
            ],
            [
              37.4356589,
              55.8563456
            ],
            [
              37.4349692,
              55.8567091
            ],
            [
              37.4344947,
              55.8569285
            ],
            [
              37.4340995,
              55.8570971
            ],
            [
              37.4334174,
              55.8573303
            ],
            [
              37.4325835,
              55.8575624
            ],
            [
              37.4311945,
              55.8578793
            ],
            [
              37.4307134,
              55.8579618
            ],
            [
              37.4300717,
              55.8580463
            ],
            [
              37.4291281,
              55.8581413
            ],
            [
              37.4275619,
              55.8582412
            ],
            [
              37.4254692,
              55.8582927
            ],
            [
              37.4244758,
              55.8582941
            ],
            [
              37.4226977,
              55.8582324
            ],
            [
              37.420746,
              55.8581335
            ],
            [
              37.4196243,
              55.8580546
            ],
            [
              37.417329,
              55.8578636
            ],
            [
              37.4166906,
              55.857796
            ],
            [
              37.4160637,
              55.8577004
            ],
            [
              37.4153499,
              55.8575615
            ],
            [
              37.4142391,
              55.8572931
            ],
            [
              37.4135484,
              55.8570875
            ],
            [
              37.4128093,
              55.8568311
            ],
            [
              37.41181,
              55.8564104
            ],
            [
              37.4113278,
              55.8561717
            ],
            [
              37.4104884,
              55.8556847
            ],
            [
              37.4099059,
              55.8552994
            ],
            [
              37.409659,
              55.8551225
            ],
            [
              37.4094375,
              55.8549352
            ],
            [
              37.4090221,
              55.8545291
            ],
            [
              37.4085649,
              55.8539994
            ],
            [
              37.4081703,
              55.8534404
            ],
            [
              37.4072845,
              55.8521017
            ],
            [
              37.4066193,
              55.8510378
            ],
            [
              37.4066154,
              55.8509482
            ],
            [
              37.4066538,
              55.8508922
            ],
            [
              37.4067212,
              55.8508456
            ],
            [
              37.4069139,
              55.8507975
            ],
            [
              37.4072946,
              55.8508014
            ],
            [
              37.4074453,
              55.8508389
            ],
            [
              37.407498,
              55.8508752
            ],
            [
              37.4075281,
              55.850919
            ],
            [
              37.4075338,
              55.8509572
            ],
            [
              37.4074741,
              55.8512247
            ],
            [
              37.4073309,
              55.8515841
            ],
            [
              37.4072784,
              55.8517657
            ],
            [
              37.4072677,
              55.851879
            ],
            [
              37.4073208,
              55.8519901
            ]
          ]
        ]
      },
      "properties": {
        "ID": 4419,
        "RouteNumber": "6",
        "RouteName": "Братцево - Метро «Сокол»",
        "TrackOfFollowing": "Братцево - Братцево - НИИАТ - Ул. Вилиса Лациса - Улица Героев Панфиловцев, 33 - Университет имени Менделеева - Туристская ул. - Ул. Героев Панфиловцев, 21 - Планерная улица - Улица Фомичёвой - Метро «Сходненская» - Нелидовская улица - Улица Фабрициуса - Западный мост - Новопоселковая улица - Восточный мост - Ул. Мещерякова - Улица Циолковского - Тушинская ул. - Канал имени Москвы - Б - ца РЖД - Покровское - Глебово - Покровское - Стрешнево - Улица Академика Курчатова - Пехотная улица - Улица Панфилова - Университет «РОСБИОТЕХ» - Гидропроект - Метро «Сокол»",
        "ReverseTrackOfFollowing": "Метро «Сокол» - Гидропроект - Университет «РОСБИОТЕХ» - Улица Панфилова - Пехотная улица - Ул. Акад. Курчатова - Покровское - Глебово - Б - ца РЖД - Канал имени Москвы - Тушинская ул. - Улица Циолковского - Улица Мещерякова - Восточный мост - Новопоселковая улица - Западный мост - Улица Фабрициуса - Нелидовская улица - Метро «Сходненская» - Улица Фомичёвой - Планерная улица - Улица Героев Панфиловцев, 21 - Туристская улица - Университет имени Менделеева - Улица Героев Панфиловцев, 33 - Улица Вилиса Лациса - НИИАТ - Детская больница - Братцево",
        "TypeOfTransport": "Трамвай",
        "CarrierName": "ГУП Мосгортранс",
        "global_id": 5102385143
      }
    },
    {
      "type": "Feature",
      "geometry": {
        "type": "MultiLineString",
        "coordinates": [
          [
            [
              37.7326889,
              55.8151366
            ],
            [
              37.7328549,
              55.8150126
            ],
            [
              37.7340859,
              55.8143374
            ],
            [
              37.7342926,
              55.8142563
            ],
            [
              37.734489,
              55.8141444
            ],
            [
              37.7347977,
              55.813998
            ],
            [
              37.7349919,
              55.8139633
            ],
            [
              37.7351929,
              55.8139819
            ],
            [
              37.735357,
              55.8140499
            ],
            [
              37.7354666,
              55.8141682
            ],
            [
              37.7354194,
              55.8142794
            ],
            [
              37.7353415,
              55.8143748
            ],
            [
              37.7352262,
              55.8144573
            ],
            [
              37.7351316,
              55.8145028
            ],
            [
              37.7342807,
              55.8147485
            ],
            [
              37.7332279,
              55.8151098
            ],
            [
              37.7221021,
              55.8181814
            ],
            [
              37.7217124,
              55.8182687
            ],
            [
              37.7214321,
              55.8182876
            ],
            [
              37.7212212,
              55.8182354
            ],
            [
              37.7194325,
              55.8171262
            ],
            [
              37.7192227,
              55.8170891
            ],
            [
              37.7190313,
              55.8171102
            ],
            [
              37.7142147,
              55.8191739
            ],
            [
              37.7139867,
              55.8192464
            ],
            [
              37.7122896,
              55.8196886
            ],
            [
              37.7114442,
              55.8198817
            ],
            [
              37.7111454,
              55.8199061
            ],
            [
              37.7109256,
              55.8198901
            ],
            [
              37.7096541,
              55.8196968
            ],
            [
              37.7061765,
              55.8191204
            ],
            [
              37.7051143,
              55.8189216
            ],
            [
              37.7038636,
              55.8186196
            ],
            [
              37.7035884,
              55.8185154
            ],
            [
              37.7016214,
              55.8174554
            ],
            [
              37.7013684,
              55.8172757
            ],
            [
              37.700923,
              55.8168354
            ],
            [
              37.7007666,
              55.8167437
            ],
            [
              37.7001438,
              55.8164764
            ],
            [
              37.6998238,
              55.8163648
            ],
            [
              37.6968942,
              55.8155233
            ],
            [
              37.6964732,
              55.8153526
            ],
            [
              37.6962818,
              55.8152539
            ],
            [
              37.6952307,
              55.8146057
            ],
            [
              37.6951766,
              55.8145535
            ],
            [
              37.6951446,
              55.8144943
            ],
            [
              37.6951486,
              55.8143902
            ],
            [
              37.6952521,
              55.8142534
            ],
            [
              37.6958522,
              55.8137928
            ],
            [
              37.6970554,
              55.812783
            ],
            [
              37.6971636,
              55.8127069
            ],
            [
              37.6975573,
              55.8125045
            ],
            [
              37.7015233,
              55.8110855
            ],
            [
              37.7022858,
              55.8107714
            ],
            [
              37.702789,
              55.810539
            ],
            [
              37.7030857,
              55.8103851
            ],
            [
              37.7035299,
              55.8101194
            ],
            [
              37.7043593,
              55.809591
            ],
            [
              37.7053127,
              55.809019
            ],
            [
              37.7055908,
              55.808808
            ],
            [
              37.7057254,
              55.8086471
            ],
            [
              37.7058107,
              55.8084828
            ],
            [
              37.7060716,
              55.8076908
            ],
            [
              37.7063008,
              55.8071256
            ],
            [
              37.7072171,
              55.8047216
            ],
            [
              37.7074527,
              55.8040582
            ],
            [
              37.707572,
              55.8037524
            ],
            [
              37.7076416,
              55.803638
            ],
            [
              37.7078033,
              55.8035053
            ],
            [
              37.7103899,
              55.8019021
            ],
            [
              37.7116212,
              55.8011609
            ],
            [
              37.7119919,
              55.800907
            ],
            [
              37.7122344,
              55.8006832
            ],
            [
              37.712828,
              55.8000145
            ],
            [
              37.7133421,
              55.7994014
            ],
            [
              37.7147702,
              55.7976121
            ],
            [
              37.7148308,
              55.797509
            ],
            [
              37.7148507,
              55.7974416
            ],
            [
              37.7148451,
              55.7973393
            ],
            [
              37.7148177,
              55.7972727
            ],
            [
              37.7147722,
              55.7972094
            ],
            [
              37.714413,
              55.796871
            ],
            [
              37.7143483,
              55.7967571
            ],
            [
              37.7143404,
              55.7966972
            ],
            [
              37.7143768,
              55.7960485
            ],
            [
              37.7143695,
              55.7960109
            ],
            [
              37.7143217,
              55.7959419
            ],
            [
              37.7142466,
              55.7958811
            ],
            [
              37.7141484,
              55.7958318
            ],
            [
              37.7137954,
              55.7957496
            ],
            [
              37.7113058,
              55.7953084
            ],
            [
              37.7107507,
              55.7952423
            ],
            [
              37.7099294,
              55.7952133
            ],
            [
              37.7061977,
              55.7952705
            ],
            [
              37.7053508,
              55.795241
            ],
            [
              37.7045208,
              55.7951597
            ],
            [
              37.7001537,
              55.7946127
            ],
            [
              37.6944261,
              55.7938594
            ],
            [
              37.6916538,
              55.7934566
            ],
            [
              37.6913724,
              55.7933842
            ],
            [
              37.6890872,
              55.7924489
            ],
            [
              37.6825583,
              55.7899219
            ],
            [
              37.6809209,
              55.7892683
            ],
            [
              37.6805178,
              55.7890457
            ],
            [
              37.6800592,
              55.788719
            ],
            [
              37.6794944,
              55.7882683
            ],
            [
              37.6760956,
              55.7856455
            ],
            [
              37.6758028,
              55.785403
            ],
            [
              37.6756585,
              55.7852683
            ],
            [
              37.6755272,
              55.7851176
            ],
            [
              37.6751873,
              55.7845996
            ],
            [
              37.675108,
              55.7845058
            ],
            [
              37.6749597,
              55.7843653
            ],
            [
              37.6747028,
              55.784163
            ],
            [
              37.6738183,
              55.7836333
            ],
            [
              37.6701543,
              55.7815195
            ],
            [
              37.6683331,
              55.7805599
            ],
            [
              37.6665667,
              55.7796636
            ],
            [
              37.6658071,
              55.7793267
            ],
            [
              37.6625992,
              55.7779724
            ],
            [
              37.6615247,
              55.7774978
            ],
            [
              37.6592697,
              55.7764451
            ],
            [
              37.6588097,
              55.7762437
            ],
            [
              37.6577835,
              55.7758812
            ],
            [
              37.6570561,
              55.7756401
            ],
            [
              37.6566562,
              55.775524
            ],
            [
              37.6539265,
              55.7749734
            ],
            [
              37.6525446,
              55.7746197
            ],
            [
              37.652426,
              55.7746116
            ],
            [
              37.6522989,
              55.7746357
            ],
            [
              37.6520968,
              55.774742
            ],
            [
              37.651032,
              55.7753829
            ],
            [
              37.649221,
              55.7764911
            ],
            [
              37.6490818,
              55.7766077
            ],
            [
              37.64852,
              55.7772796
            ],
            [
              37.6482229,
              55.7775205
            ],
            [
              37.6451286,
              55.779613
            ],
            [
              37.6448916,
              55.7797311
            ],
            [
              37.6447072,
              55.7797658
            ],
            [
              37.6437215,
              55.7797219
            ],
            [
              37.6419736,
              55.7796829
            ],
            [
              37.6415471,
              55.7796933
            ],
            [
              37.6411224,
              55.7797247
            ],
            [
              37.6328643,
              55.7805624
            ],
            [
              37.6315833,
              55.7807964
            ],
            [
              37.6314905,
              55.7807812
            ],
            [
              37.6314177,
              55.7807452
            ],
            [
              37.6312466,
              55.7805381
            ],
            [
              37.6312049,
              55.780459
            ],
            [
              37.630973,
              55.7797978
            ],
            [
              37.6308767,
              55.7794233
            ],
            [
              37.6307042,
              55.7783955
            ],
            [
              37.6306695,
              55.7783579
            ],
            [
              37.6306023,
              55.778339
            ],
            [
              37.6283864,
              55.7783143
            ],
            [
              37.6274664,
              55.7783218
            ],
            [
              37.6271963,
              55.7783342
            ],
            [
              37.6266663,
              55.7783987
            ],
            [
              37.6257928,
              55.7785509
            ],
            [
              37.6228263,
              55.7791167
            ],
            [
              37.6222302,
              55.7792828
            ],
            [
              37.6205974,
              55.7798422
            ],
            [
              37.62044,
              55.7798708
            ],
            [
              37.620293,
              55.7798551
            ],
            [
              37.6201912,
              55.7798141
            ],
            [
              37.6184626,
              55.7785976
            ],
            [
              37.618325,
              55.778532
            ],
            [
              37.6181891,
              55.7785042
            ],
            [
              37.617609,
              55.7784552
            ],
            [
              37.6172997,
              55.7784599
            ],
            [
              37.6136956,
              55.7791159
            ],
            [
              37.6134484,
              55.7791926
            ],
            [
              37.6127222,
              55.7795965
            ],
            [
              37.6125056,
              55.7796849
            ],
            [
              37.6103237,
              55.7801409
            ],
            [
              37.609861,
              55.7802566
            ],
            [
              37.6094833,
              55.7803684
            ],
            [
              37.6091933,
              55.7804845
            ],
            [
              37.6090448,
              55.7805557
            ],
            [
              37.608941,
              55.7806448
            ],
            [
              37.608914,
              55.7807008
            ],
            [
              37.608911,
              55.7807588
            ],
            [
              37.6089322,
              55.7808156
            ],
            [
              37.6089983,
              55.780897
            ],
            [
              37.6107286,
              55.782511
            ],
            [
              37.6110209,
              55.782807
            ],
            [
              37.6110439,
              55.7828674
            ],
            [
              37.6110387,
              55.7829138
            ],
            [
              37.6110145,
              55.7829581
            ],
            [
              37.610955,
              55.78301
            ],
            [
              37.6063941,
              55.7845269
            ],
            [
              37.6059266,
              55.7847178
            ],
            [
              37.604702,
              55.7852606
            ],
            [
              37.6045322,
              55.7853102
            ],
            [
              37.6043436,
              55.7853279
            ],
            [
              37.6019874,
              55.785175
            ],
            [
              37.6018495,
              55.7851431
            ],
            [
              37.6017284,
              55.7850942
            ],
            [
              37.6013836,
              55.7848807
            ],
            [
              37.5971852,
              55.7841838
            ],
            [
              37.5969509,
              55.7841174
            ],
            [
              37.5966076,
              55.7839086
            ],
            [
              37.5925173,
              55.7810721
            ],
            [
              37.5874884,
              55.7777876
            ],
            [
              37.58692,
              55.7774395
            ],
            [
              37.5855396,
              55.7765389
            ],
            [
              37.5852216,
              55.7763494
            ],
            [
              37.585081,
              55.7763038
            ],
            [
              37.5848744,
              55.7762782
            ],
            [
              37.5847566,
              55.7762853
            ],
            [
              37.5844051,
              55.77642
            ],
            [
              37.5841659,
              55.7765362
            ],
            [
              37.5839849,
              55.7765566
            ],
            [
              37.5838537,
              55.7765202
            ],
            [
              37.5833694,
              55.7762355
            ],
            [
              37.5833279,
              55.7761956
            ],
            [
              37.5833152,
              55.7761432
            ],
            [
              37.583336,
              55.7760984
            ],
            [
              37.5833757,
              55.7760656
            ],
            [
              37.5837067,
              55.7759084
            ],
            [
              37.583828,
              55.7758827
            ],
            [
              37.5839874,
              55.7758885
            ],
            [
              37.5841411,
              55.7759323
            ],
            [
              37.5846167,
              55.7761814
            ],
            [
              37.5847883,
              55.7762275
            ],
            [
              37.5851056,
              55.7762769
            ],
            [
              37.5852472,
              55.77632
            ],
            [
              37.585547,
              55.7765012
            ]
          ],
          [
            [
              37.5849612,
              55.7762875
            ],
            [
              37.5848234,
              55.7762782
            ],
            [
              37.584709,
              55.7762956
            ],
            [
              37.5841659,
              55.7765362
            ],
            [
              37.5839849,
              55.7765566
            ],
            [
              37.5838537,
              55.7765202
            ],
            [
              37.5833694,
              55.7762355
            ],
            [
              37.5833279,
              55.7761956
            ],
            [
              37.5833152,
              55.7761432
            ],
            [
              37.583336,
              55.7760984
            ],
            [
              37.5833757,
              55.7760656
            ],
            [
              37.5837067,
              55.7759084
            ],
            [
              37.5838136,
              55.7758839
            ],
            [
              37.5839663,
              55.7758857
            ],
            [
              37.5841411,
              55.7759323
            ],
            [
              37.5846167,
              55.7761814
            ],
            [
              37.5847883,
              55.7762275
            ],
            [
              37.5851354,
              55.7762838
            ],
            [
              37.585315,
              55.776352
            ],
            [
              37.5885961,
              55.7784544
            ],
            [
              37.5928688,
              55.7812484
            ],
            [
              37.5950833,
              55.7827789
            ],
            [
              37.5970592,
              55.7841091
            ],
            [
              37.5972227,
              55.7841547
            ],
            [
              37.6014024,
              55.784844
            ],
            [
              37.6015502,
              55.7849205
            ],
            [
              37.6017685,
              55.7850674
            ],
            [
              37.6020064,
              55.7851416
            ],
            [
              37.6043273,
              55.7852924
            ],
            [
              37.6045073,
              55.7852758
            ],
            [
              37.6046694,
              55.7852286
            ],
            [
              37.6058876,
              55.7846894
            ],
            [
              37.6063599,
              55.7844966
            ],
            [
              37.6083309,
              55.7838309
            ],
            [
              37.6109055,
              55.7829862
            ],
            [
              37.6109623,
              55.7829317
            ],
            [
              37.6109782,
              55.7828819
            ],
            [
              37.6109659,
              55.7828317
            ],
            [
              37.610927,
              55.7827782
            ],
            [
              37.6089218,
              55.7808909
            ],
            [
              37.6088725,
              55.780826
            ],
            [
              37.6088514,
              55.7807563
            ],
            [
              37.6088815,
              55.7806402
            ],
            [
              37.6089613,
              55.7805576
            ],
            [
              37.6091536,
              55.7804564
            ],
            [
              37.6094495,
              55.7803379
            ],
            [
              37.6098335,
              55.7802242
            ],
            [
              37.610301,
              55.7801073
            ],
            [
              37.6124746,
              55.7796536
            ],
            [
              37.6126792,
              55.7795701
            ],
            [
              37.6134077,
              55.779165
            ],
            [
              37.6136748,
              55.779082
            ],
            [
              37.617288,
              55.7784246
            ],
            [
              37.6176144,
              55.7784194
            ],
            [
              37.6181994,
              55.7784684
            ],
            [
              37.6183551,
              55.7785003
            ],
            [
              37.6184857,
              55.7785577
            ],
            [
              37.6202304,
              55.7797844
            ],
            [
              37.6203362,
              55.7798235
            ],
            [
              37.6204408,
              55.7798323
            ],
            [
              37.6205776,
              55.7798072
            ],
            [
              37.6221982,
              55.7792517
            ],
            [
              37.6227987,
              55.7790853
            ],
            [
              37.6257732,
              55.7785167
            ],
            [
              37.6266488,
              55.7783642
            ],
            [
              37.626916,
              55.7783247
            ],
            [
              37.6274637,
              55.7782858
            ],
            [
              37.6283862,
              55.7782783
            ],
            [
              37.6306455,
              55.7782955
            ],
            [
              37.6307344,
              55.7783218
            ],
            [
              37.630779,
              55.7783724
            ],
            [
              37.6308005,
              55.7786062
            ],
            [
              37.6309398,
              55.7794182
            ],
            [
              37.6310356,
              55.779791
            ],
            [
              37.6312668,
              55.7804504
            ],
            [
              37.6313538,
              55.7805838
            ],
            [
              37.631507,
              55.7807277
            ],
            [
              37.6316096,
              55.7807608
            ],
            [
              37.6328576,
              55.7805182
            ],
            [
              37.6337961,
              55.7804434
            ],
            [
              37.6411127,
              55.7796892
            ],
            [
              37.6415416,
              55.7796574
            ],
            [
              37.6419731,
              55.779647
            ],
            [
              37.6439767,
              55.7796856
            ],
            [
              37.6447061,
              55.7797201
            ],
            [
              37.64491,
              55.7796754
            ],
            [
              37.6452083,
              55.7795038
            ],
            [
              37.6481728,
              55.7774983
            ],
            [
              37.6484648,
              55.7772616
            ],
            [
              37.6490105,
              55.7766075
            ],
            [
              37.6493146,
              55.7763718
            ],
            [
              37.6520492,
              55.7747181
            ],
            [
              37.6523738,
              55.7745396
            ],
            [
              37.6526017,
              55.7744979
            ],
            [
              37.6527244,
              55.7745007
            ],
            [
              37.652818,
              55.7745215
            ],
            [
              37.6535046,
              55.7747046
            ],
            [
              37.6540915,
              55.7749536
            ],
            [
              37.6542751,
              55.7750116
            ],
            [
              37.6567264,
              55.7755123
            ],
            [
              37.657925,
              55.7758875
            ],
            [
              37.6588473,
              55.7762147
            ],
            [
              37.6593097,
              55.7764172
            ],
            [
              37.6615644,
              55.7774698
            ],
            [
              37.6626382,
              55.777944
            ],
            [
              37.6658443,
              55.7792977
            ],
            [
              37.6666058,
              55.7796338
            ],
            [
              37.6683763,
              55.7805335
            ],
            [
              37.6701984,
              55.7814929
            ],
            [
              37.674451,
              55.7839703
            ],
            [
              37.6748178,
              55.7842004
            ],
            [
              37.6750136,
              55.7843598
            ],
            [
              37.6751601,
              55.7845066
            ],
            [
              37.6752606,
              55.7846347
            ],
            [
              37.6755652,
              55.7850973
            ],
            [
              37.6756764,
              55.7852328
            ],
            [
              37.67628,
              55.785755
            ],
            [
              37.6767288,
              55.7860636
            ],
            [
              37.6801106,
              55.7886977
            ],
            [
              37.6805655,
              55.7890219
            ],
            [
              37.6809622,
              55.789241
            ],
            [
              37.6825946,
              55.7898924
            ],
            [
              37.6891238,
              55.7924194
            ],
            [
              37.6914067,
              55.7933539
            ],
            [
              37.6916719,
              55.7934221
            ],
            [
              37.6944412,
              55.7938245
            ],
            [
              37.7001676,
              55.7945776
            ],
            [
              37.7050891,
              55.795185
            ],
            [
              37.7056377,
              55.7952204
            ],
            [
              37.7061987,
              55.7952345
            ],
            [
              37.7099301,
              55.7951774
            ],
            [
              37.7104752,
              55.795192
            ],
            [
              37.7110452,
              55.7952343
            ],
            [
              37.7119193,
              55.7953762
            ],
            [
              37.7140569,
              55.7957637
            ],
            [
              37.7142239,
              55.795819
            ],
            [
              37.7143791,
              55.7959262
            ],
            [
              37.7144162,
              55.7959742
            ],
            [
              37.7144371,
              55.7960567
            ],
            [
              37.7144041,
              55.7966974
            ],
            [
              37.7144205,
              55.7967783
            ],
            [
              37.7144698,
              55.7968548
            ],
            [
              37.7148281,
              55.797192
            ],
            [
              37.7149077,
              55.7973326
            ],
            [
              37.7149174,
              55.7974063
            ],
            [
              37.7149056,
              55.7974828
            ],
            [
              37.7148027,
              55.7976624
            ],
            [
              37.7134001,
              55.7994164
            ],
            [
              37.7128853,
              55.8000302
            ],
            [
              37.7122908,
              55.8007
            ],
            [
              37.7120442,
              55.8009276
            ],
            [
              37.711668,
              55.8011854
            ],
            [
              37.710437,
              55.8019263
            ],
            [
              37.7078509,
              55.8035292
            ],
            [
              37.707703,
              55.8036489
            ],
            [
              37.7076341,
              55.8037607
            ],
            [
              37.7075151,
              55.8040655
            ],
            [
              37.7072796,
              55.804729
            ],
            [
              37.7063632,
              55.8071332
            ],
            [
              37.7061341,
              55.8076981
            ],
            [
              37.705873,
              55.8084906
            ],
            [
              37.7058318,
              55.8085817
            ],
            [
              37.7057196,
              55.8087466
            ],
            [
              37.7055596,
              55.8089034
            ],
            [
              37.70536,
              55.8090432
            ],
            [
              37.7044064,
              55.8096152
            ],
            [
              37.7035771,
              55.8101436
            ],
            [
              37.7031305,
              55.8104106
            ],
            [
              37.7028308,
              55.8105661
            ],
            [
              37.702325,
              55.8107997
            ],
            [
              37.7015598,
              55.8111149
            ],
            [
              37.6976766,
              55.8125021
            ],
            [
              37.6974548,
              55.8125949
            ],
            [
              37.6972118,
              55.8127304
            ],
            [
              37.6959048,
              55.8138132
            ],
            [
              37.6953003,
              55.8142769
            ],
            [
              37.6952051,
              55.8144156
            ],
            [
              37.6952137,
              55.8145042
            ],
            [
              37.6952818,
              55.8145842
            ],
            [
              37.6964262,
              55.8152805
            ],
            [
              37.6966102,
              55.8153698
            ],
            [
              37.6970127,
              55.8155226
            ],
            [
              37.6998541,
              55.8163332
            ],
            [
              37.7001812,
              55.8164473
            ],
            [
              37.7008062,
              55.8167155
            ],
            [
              37.7008989,
              55.8167579
            ],
            [
              37.7009754,
              55.816815
            ],
            [
              37.7013149,
              55.8171591
            ],
            [
              37.701575,
              55.8173767
            ],
            [
              37.7035558,
              55.8184494
            ],
            [
              37.7037142,
              55.8185258
            ],
            [
              37.7038927,
              55.8185877
            ],
            [
              37.7051381,
              55.8188883
            ],
            [
              37.7061952,
              55.819086
            ],
            [
              37.7105356,
              55.8197981
            ],
            [
              37.7110082,
              55.8198632
            ],
            [
              37.7112212,
              55.819869
            ],
            [
              37.7114942,
              55.8198336
            ],
            [
              37.7122647,
              55.8196555
            ],
            [
              37.7139586,
              55.8192142
            ],
            [
              37.7141791,
              55.8191441
            ],
            [
              37.7166251,
              55.8181066
            ],
            [
              37.7189073,
              55.817111
            ],
            [
              37.7190757,
              55.817063
            ],
            [
              37.7193004,
              55.8170583
            ],
            [
              37.7194802,
              55.8171024
            ],
            [
              37.7202044,
              55.817563
            ],
            [
              37.7212811,
              55.8182158
            ],
            [
              37.7214129,
              55.8182491
            ],
            [
              37.7215284,
              55.8182535
            ],
            [
              37.7219509,
              55.8181811
            ],
            [
              37.7324555,
              55.8152767
            ],
            [
              37.7326033,
              55.8152068
            ],
            [
              37.7328549,
              55.8150126
            ],
            [
              37.7340859,
              55.8143374
            ],
            [
              37.7342926,
              55.8142563
            ]
          ]
        ]
      },
      "properties": {
        "ID": 4420,
        "RouteNumber": "7",
        "RouteName": "Метро «Бульвар Рокоссовского» - Белорусский вокзал",
        "TrackOfFollowing": "Метро «Бульвар Рокоссовского» - Метро «Бульвар Рокоссовского» - 5 - й пр. Подбельского - 3 - й проезд Подбельского - Игральная ул. - Погонный проезд - Ланинский переулок - Богородское - Богородский храм - Инновационный университет - 1 - я Прогонная ул. - Телерадиокомпания «МИР» - Мосгорсуд - Улица Хромова - Метро «Преображенская площадь» - Преображенская площадь - Трамв. депо им. Русакова - Малая Остроумовская улица - Клуб Русакова - Сцена «Мельников» - Метро «Сокольники» - МЦД Митьково - Леснорядская улица - Метро «Красносельская» - Метро «Комсомольская» - МЦД Площадь трёх вокзалов - Каланчёвская улица - Пантелеевская улица - Астраханский переулок - Ботанический переулок - Метро «Проспект Мира» - Метро «Проспект Мира» - Улица Гиляровского - Улица Щепкина - Театр зверей имени Дурова - Самотёчная улица - 4 - й Самотёчный переулок - Селезнёвская улица - Улица Достоевского - Площадь Борьбы - Улица Палиха - Лесная улица - Миусское депо - ДК Зуева - Метро «Белорусская» - Белорусский вокзал",
        "ReverseTrackOfFollowing": "Белорусский вокзал - Метро «Белорусская» - ДК Зуева - Миусское депо - Лесная улица - Улица Палиха - Площадь Борьбы - Улица Достоевского - Селезнёвская улица - 4 - й Самотёчный переулок - Самотёчная улица - Театр зверей имени Дурова - Улица Щепкина - Улица Гиляровского - Метро «Проспект Мира» - Метро «Проспект Мира» - Ботанический переулок - Астраханский переулок - Пантелеевская улица - Каланчёвская улица - МЦД Площадь трёх вокзалов - Метро «Комсомольская» - Метро «Красносельская» - Леснорядская улица - МЦД Митьково - Метро «Сокольники» - Клуб Русакова - Сцена «Мельников» - М. Остроумовская ул. - Трамвайное депо имени Русакова - Преображенская площадь - Метро «Преображенская площадь» - Улица Хромова - Мосгорсуд - Телерадиокомпания «МИР» - 1 - я Прогонная улица - Инновационный университет - Богородский храм - Богородское - Ланинский переулок - Погонный проезд - Игральная улица - 3 - й проезд Подбельского - 5 - й пр. Подбельского - Метро «Бульвар Рокоссовского»",
        "TypeOfTransport": "Трамвай",
        "CarrierName": "ГУП Мосгортранс",
        "global_id": 5102385141
      }
    },
    {
      "type": "Feature",
      "geometry": {
        "type": "MultiLineString",
        "coordinates": [
          [
            [
              37.766367,
              55.8289703
            ],
            [
              37.7663313,
              55.8286437
            ],
            [
              37.7662825,
              55.828502
            ],
            [
              37.7661762,
              55.8283706
            ],
            [
              37.7659557,
              55.8282239
            ],
            [
              37.7583282,
              55.8245174
            ],
            [
              37.75676,
              55.8237328
            ],
            [
              37.7550939,
              55.8228393
            ],
            [
              37.7541748,
              55.822306
            ],
            [
              37.7516117,
              55.8210044
            ],
            [
              37.751085,
              55.8207682
            ],
            [
              37.7476953,
              55.8194732
            ],
            [
              37.7467426,
              55.8190886
            ],
            [
              37.7424668,
              55.817244
            ],
            [
              37.7421545,
              55.8170816
            ],
            [
              37.7404604,
              55.8160966
            ],
            [
              37.7360917,
              55.8135992
            ],
            [
              37.7359115,
              55.8135368
            ],
            [
              37.7357828,
              55.8135282
            ],
            [
              37.735658,
              55.813548
            ],
            [
              37.7355534,
              55.8135911
            ],
            [
              37.735475,
              55.8136601
            ],
            [
              37.7354322,
              55.8137598
            ],
            [
              37.7354103,
              55.8139086
            ],
            [
              37.7354282,
              55.8140392
            ],
            [
              37.7354946,
              55.8142345
            ],
            [
              37.7354889,
              55.8143321
            ],
            [
              37.7354495,
              55.814402
            ],
            [
              37.7353802,
              55.8144704
            ],
            [
              37.7352054,
              55.8145626
            ],
            [
              37.7219759,
              55.8182142
            ],
            [
              37.7215341,
              55.8182893
            ],
            [
              37.7213962,
              55.8182838
            ],
            [
              37.7212506,
              55.8182475
            ],
            [
              37.720157,
              55.817587
            ],
            [
              37.7194325,
              55.8171262
            ],
            [
              37.7192554,
              55.8170906
            ],
            [
              37.7190929,
              55.8170975
            ],
            [
              37.7189457,
              55.8171397
            ],
            [
              37.7142147,
              55.8191739
            ],
            [
              37.7139867,
              55.8192464
            ],
            [
              37.7122896,
              55.8196886
            ],
            [
              37.7115176,
              55.819867
            ],
            [
              37.7112213,
              55.819905
            ],
            [
              37.7109976,
              55.8198986
            ],
            [
              37.7105193,
              55.8198328
            ],
            [
              37.7061765,
              55.8191204
            ],
            [
              37.7051143,
              55.8189216
            ],
            [
              37.7037654,
              55.8185884
            ],
            [
              37.7035115,
              55.8184752
            ],
            [
              37.7030468,
              55.8182125
            ],
            [
              37.7016214,
              55.8174554
            ],
            [
              37.7013684,
              55.8172757
            ],
            [
              37.7009532,
              55.8168621
            ],
            [
              37.7008115,
              55.8167644
            ],
            [
              37.7001438,
              55.8164764
            ],
            [
              37.6998238,
              55.8163648
            ],
            [
              37.6971213,
              55.8155941
            ],
            [
              37.6966778,
              55.8154426
            ],
            [
              37.6962818,
              55.8152539
            ],
            [
              37.6952512,
              55.81462
            ],
            [
              37.6951746,
              55.8145509
            ],
            [
              37.6951438,
              55.8144915
            ],
            [
              37.695142,
              55.8144105
            ],
            [
              37.6951792,
              55.8143336
            ],
            [
              37.6952521,
              55.8142534
            ],
            [
              37.6958522,
              55.8137928
            ],
            [
              37.6970554,
              55.812783
            ],
            [
              37.6972883,
              55.8126319
            ],
            [
              37.6975573,
              55.8125045
            ],
            [
              37.7012169,
              55.8112012
            ],
            [
              37.7022858,
              55.8107714
            ],
            [
              37.7030857,
              55.8103851
            ],
            [
              37.7043593,
              55.809591
            ],
            [
              37.7053127,
              55.809019
            ],
            [
              37.705507,
              55.8088831
            ],
            [
              37.705662,
              55.8087312
            ],
            [
              37.7057254,
              55.8086471
            ],
            [
              37.7058107,
              55.8084828
            ],
            [
              37.7060716,
              55.8076908
            ],
            [
              37.7063008,
              55.8071256
            ],
            [
              37.7072171,
              55.8047216
            ],
            [
              37.7074527,
              55.8040582
            ],
            [
              37.707572,
              55.8037524
            ],
            [
              37.7076416,
              55.803638
            ],
            [
              37.7078033,
              55.8035053
            ],
            [
              37.7103899,
              55.8019021
            ],
            [
              37.7116212,
              55.8011609
            ],
            [
              37.7119919,
              55.800907
            ],
            [
              37.7122344,
              55.8006832
            ],
            [
              37.712828,
              55.8000145
            ],
            [
              37.7133421,
              55.7994014
            ],
            [
              37.7146938,
              55.797717
            ],
            [
              37.7148431,
              55.7974755
            ],
            [
              37.7148536,
              55.7974074
            ],
            [
              37.7148337,
              55.7973057
            ],
            [
              37.7147722,
              55.7972094
            ],
            [
              37.714413,
              55.796871
            ],
            [
              37.7143584,
              55.7967865
            ],
            [
              37.7143404,
              55.7966972
            ],
            [
              37.714453,
              55.7953595
            ],
            [
              37.7147542,
              55.7924963
            ],
            [
              37.7148338,
              55.7923205
            ],
            [
              37.7149266,
              55.7922113
            ],
            [
              37.7150486,
              55.7921116
            ],
            [
              37.715347,
              55.7919454
            ],
            [
              37.7155864,
              55.7917802
            ],
            [
              37.715709,
              55.7916581
            ],
            [
              37.7158254,
              55.7914591
            ],
            [
              37.7160144,
              55.7909228
            ],
            [
              37.7165552,
              55.789178
            ],
            [
              37.7175995,
              55.7855922
            ],
            [
              37.7182063,
              55.7837678
            ],
            [
              37.7187869,
              55.7822006
            ],
            [
              37.7187982,
              55.782088
            ],
            [
              37.7187692,
              55.7819271
            ],
            [
              37.7182756,
              55.7803377
            ],
            [
              37.7182805,
              55.7802239
            ],
            [
              37.7183208,
              55.7801593
            ],
            [
              37.7183868,
              55.7801017
            ],
            [
              37.7185571,
              55.7800259
            ],
            [
              37.7188836,
              55.7799501
            ],
            [
              37.7204516,
              55.7797351
            ],
            [
              37.7205986,
              55.779676
            ],
            [
              37.7206628,
              55.7796181
            ],
            [
              37.7206882,
              55.7795689
            ],
            [
              37.7206183,
              55.7789111
            ],
            [
              37.7205202,
              55.7787768
            ],
            [
              37.7203923,
              55.7786806
            ],
            [
              37.7120562,
              55.7745128
            ],
            [
              37.7118664,
              55.7743905
            ],
            [
              37.7116134,
              55.774177
            ],
            [
              37.7105846,
              55.7736424
            ],
            [
              37.7070573,
              55.7718905
            ],
            [
              37.7056159,
              55.7712812
            ],
            [
              37.7054946,
              55.7712071
            ],
            [
              37.704956,
              55.7707848
            ],
            [
              37.70476,
              55.7706731
            ],
            [
              37.704564,
              55.7705944
            ],
            [
              37.7028716,
              55.7700527
            ],
            [
              37.7026667,
              55.7699681
            ],
            [
              37.7011086,
              55.7689938
            ],
            [
              37.6981852,
              55.7672306
            ],
            [
              37.6979017,
              55.767045
            ],
            [
              37.6978504,
              55.7669874
            ],
            [
              37.6978215,
              55.7669251
            ],
            [
              37.6978197,
              55.7668394
            ],
            [
              37.6978599,
              55.7667566
            ],
            [
              37.6979158,
              55.7667005
            ],
            [
              37.6980202,
              55.7666381
            ],
            [
              37.6981867,
              55.7665868
            ],
            [
              37.6987336,
              55.7665073
            ],
            [
              37.6989039,
              55.766454
            ],
            [
              37.7021877,
              55.7649438
            ],
            [
              37.70477,
              55.76379
            ],
            [
              37.7049797,
              55.7637226
            ],
            [
              37.7061746,
              55.763475
            ],
            [
              37.7066462,
              55.7633506
            ],
            [
              37.7107369,
              55.7617474
            ],
            [
              37.7157217,
              55.759822
            ],
            [
              37.715968,
              55.7597097
            ],
            [
              37.7161157,
              55.7595922
            ],
            [
              37.7162141,
              55.7594648
            ],
            [
              37.7162357,
              55.759351
            ],
            [
              37.7160247,
              55.7561364
            ],
            [
              37.7159737,
              55.7550099
            ],
            [
              37.7158998,
              55.7540732
            ],
            [
              37.7158725,
              55.7540116
            ],
            [
              37.7158283,
              55.7539554
            ],
            [
              37.7157621,
              55.7539067
            ],
            [
              37.7156133,
              55.7538489
            ],
            [
              37.7135645,
              55.7534481
            ],
            [
              37.7123902,
              55.753198
            ],
            [
              37.7122502,
              55.7531386
            ],
            [
              37.7121852,
              55.7530822
            ],
            [
              37.7121454,
              55.7530189
            ],
            [
              37.7121329,
              55.7529521
            ],
            [
              37.7121598,
              55.7528639
            ],
            [
              37.7131808,
              55.7511727
            ],
            [
              37.713211,
              55.751056
            ],
            [
              37.7131609,
              55.7509722
            ],
            [
              37.7130919,
              55.7509276
            ],
            [
              37.7130018,
              55.7508972
            ],
            [
              37.705386,
              55.7493954
            ],
            [
              37.6988351,
              55.7481506
            ],
            [
              37.698083,
              55.7480683
            ],
            [
              37.6926382,
              55.7476768
            ],
            [
              37.6815154,
              55.7468261
            ],
            [
              37.6811418,
              55.7468324
            ],
            [
              37.6806958,
              55.7468831
            ],
            [
              37.6805095,
              55.7468628
            ],
            [
              37.6803706,
              55.7467899
            ],
            [
              37.6794405,
              55.7457515
            ],
            [
              37.6788711,
              55.7451705
            ],
            [
              37.6782227,
              55.7445682
            ],
            [
              37.6742943,
              55.7403872
            ],
            [
              37.67364,
              55.7396553
            ],
            [
              37.6733575,
              55.7393109
            ],
            [
              37.6730524,
              55.738851
            ],
            [
              37.6730397,
              55.7388007
            ],
            [
              37.6730465,
              55.7387306
            ],
            [
              37.6730914,
              55.738665
            ],
            [
              37.6733333,
              55.7385241
            ],
            [
              37.6740542,
              55.7381719
            ],
            [
              37.6742211,
              55.7381145
            ],
            [
              37.6744056,
              55.7380778
            ],
            [
              37.6796558,
              55.7374232
            ],
            [
              37.6842463,
              55.7369116
            ],
            [
              37.687253,
              55.7366395
            ],
            [
              37.6902154,
              55.7363962
            ],
            [
              37.6967346,
              55.7357849
            ],
            [
              37.6967758,
              55.7357646
            ],
            [
              37.6967809,
              55.7357364
            ],
            [
              37.6959021,
              55.734144
            ],
            [
              37.6958803,
              55.7339852
            ],
            [
              37.6959231,
              55.7339229
            ],
            [
              37.6960113,
              55.7338783
            ],
            [
              37.696732,
              55.7337213
            ],
            [
              37.6968846,
              55.7337281
            ],
            [
              37.696996,
              55.7337572
            ],
            [
              37.6970861,
              55.7338042
            ],
            [
              37.6971556,
              55.7338773
            ]
          ],
          [
            [
              37.6963284,
              55.7338017
            ],
            [
              37.6966716,
              55.7337281
            ],
            [
              37.6967935,
              55.73372
            ],
            [
              37.6969697,
              55.7337481
            ],
            [
              37.6971042,
              55.7338183
            ],
            [
              37.6983169,
              55.735445
            ],
            [
              37.6983829,
              55.7355534
            ],
            [
              37.698369,
              55.7356139
            ],
            [
              37.6983064,
              55.7356542
            ],
            [
              37.6981909,
              55.7356756
            ],
            [
              37.6959704,
              55.7358997
            ],
            [
              37.6902252,
              55.7364317
            ],
            [
              37.6872624,
              55.736675
            ],
            [
              37.6844138,
              55.736931
            ],
            [
              37.683033,
              55.7370746
            ],
            [
              37.679669,
              55.7374583
            ],
            [
              37.6744207,
              55.7381127
            ],
            [
              37.6742484,
              55.7381469
            ],
            [
              37.6740928,
              55.7382005
            ],
            [
              37.6732389,
              55.7386143
            ],
            [
              37.6731309,
              55.7387024
            ],
            [
              37.673106,
              55.7387432
            ],
            [
              37.6731017,
              55.7387864
            ],
            [
              37.6731186,
              55.738841
            ],
            [
              37.6734161,
              55.7392968
            ],
            [
              37.6736975,
              55.7396397
            ],
            [
              37.6743518,
              55.740372
            ],
            [
              37.6782778,
              55.7445503
            ],
            [
              37.6789262,
              55.7451525
            ],
            [
              37.6794964,
              55.7457343
            ],
            [
              37.6804251,
              55.7467714
            ],
            [
              37.6805384,
              55.7468308
            ],
            [
              37.6806902,
              55.7468473
            ],
            [
              37.681135,
              55.7467967
            ],
            [
              37.6816146,
              55.7467973
            ],
            [
              37.6926406,
              55.7476454
            ],
            [
              37.6980927,
              55.7480328
            ],
            [
              37.6988507,
              55.7481158
            ],
            [
              37.7054065,
              55.7493614
            ],
            [
              37.7125336,
              55.7507657
            ],
            [
              37.7130541,
              55.7508711
            ],
            [
              37.7132149,
              55.7509531
            ],
            [
              37.7132744,
              55.7510528
            ],
            [
              37.7132717,
              55.7511057
            ],
            [
              37.7132411,
              55.7511844
            ],
            [
              37.7122205,
              55.7528748
            ],
            [
              37.7121948,
              55.7529462
            ],
            [
              37.7122011,
              55.7530007
            ],
            [
              37.7122794,
              55.7531
            ],
            [
              37.7124307,
              55.7531691
            ],
            [
              37.7135861,
              55.7534143
            ],
            [
              37.7156385,
              55.7538159
            ],
            [
              37.7158354,
              55.753899
            ],
            [
              37.7159333,
              55.754001
            ],
            [
              37.7159591,
              55.7540672
            ],
            [
              37.7160374,
              55.7550086
            ],
            [
              37.7160884,
              55.7561353
            ],
            [
              37.7162992,
              55.7593451
            ],
            [
              37.7162819,
              55.7594542
            ],
            [
              37.7162021,
              55.7595803
            ],
            [
              37.7160747,
              55.7596946
            ],
            [
              37.7158838,
              55.7598007
            ],
            [
              37.7107728,
              55.761777
            ],
            [
              37.7066803,
              55.7633809
            ],
            [
              37.7061979,
              55.7635085
            ],
            [
              37.7050059,
              55.7637553
            ],
            [
              37.7048063,
              55.7638195
            ],
            [
              37.7022278,
              55.7649718
            ],
            [
              37.6989454,
              55.7664813
            ],
            [
              37.6987751,
              55.7665374
            ],
            [
              37.6982523,
              55.7666126
            ],
            [
              37.69806,
              55.7666661
            ],
            [
              37.6979678,
              55.7667212
            ],
            [
              37.6979061,
              55.7667886
            ],
            [
              37.6978797,
              55.7668628
            ],
            [
              37.6978845,
              55.7669197
            ],
            [
              37.6979554,
              55.7670256
            ],
            [
              37.6981816,
              55.7671757
            ],
            [
              37.7011557,
              55.7689696
            ],
            [
              37.7027111,
              55.7699424
            ],
            [
              37.7029043,
              55.7700219
            ],
            [
              37.70459,
              55.770561
            ],
            [
              37.7048015,
              55.7706458
            ],
            [
              37.7050057,
              55.7707623
            ],
            [
              37.7055452,
              55.7711853
            ],
            [
              37.7056598,
              55.7712558
            ],
            [
              37.7070978,
              55.7718628
            ],
            [
              37.7101612,
              55.773382
            ],
            [
              37.711677,
              55.7741619
            ],
            [
              37.7119354,
              55.7743861
            ],
            [
              37.7120717,
              55.7744679
            ],
            [
              37.7204384,
              55.7786559
            ],
            [
              37.7205753,
              55.7787588
            ],
            [
              37.7206858,
              55.7789149
            ],
            [
              37.7207525,
              55.7795628
            ],
            [
              37.7207224,
              55.7796309
            ],
            [
              37.7206703,
              55.7796829
            ],
            [
              37.7205077,
              55.7797602
            ],
            [
              37.7187546,
              55.7800139
            ],
            [
              37.7184702,
              55.7801053
            ],
            [
              37.718384,
              55.7801721
            ],
            [
              37.7183388,
              55.7802507
            ],
            [
              37.7183467,
              55.7803609
            ],
            [
              37.7188297,
              55.781923
            ],
            [
              37.7188622,
              55.7821077
            ],
            [
              37.7188436,
              55.7822403
            ],
            [
              37.718215,
              55.7839232
            ],
            [
              37.717716,
              55.7854203
            ],
            [
              37.716618,
              55.789184
            ],
            [
              37.7160771,
              55.7909294
            ],
            [
              37.7158877,
              55.7914668
            ],
            [
              37.7157668,
              55.7916732
            ],
            [
              37.7156379,
              55.7918014
            ],
            [
              37.7153925,
              55.7919706
            ],
            [
              37.715098,
              55.7921342
            ],
            [
              37.7149818,
              55.7922293
            ],
            [
              37.7148602,
              55.7923881
            ],
            [
              37.7148174,
              55.792501
            ],
            [
              37.7145166,
              55.7953617
            ],
            [
              37.7144041,
              55.7966974
            ],
            [
              37.7144205,
              55.7967783
            ],
            [
              37.7144698,
              55.7968548
            ],
            [
              37.7148281,
              55.797192
            ],
            [
              37.7148958,
              55.7972976
            ],
            [
              37.7149174,
              55.7974063
            ],
            [
              37.7149056,
              55.7974828
            ],
            [
              37.7148027,
              55.7976624
            ],
            [
              37.7134001,
              55.7994164
            ],
            [
              37.7128853,
              55.8000302
            ],
            [
              37.7122908,
              55.8007
            ],
            [
              37.7120442,
              55.8009276
            ],
            [
              37.711668,
              55.8011854
            ],
            [
              37.710437,
              55.8019263
            ],
            [
              37.7078509,
              55.8035292
            ],
            [
              37.707703,
              55.8036489
            ],
            [
              37.7076341,
              55.8037607
            ],
            [
              37.7075151,
              55.8040655
            ],
            [
              37.7072796,
              55.804729
            ],
            [
              37.7063632,
              55.8071332
            ],
            [
              37.7061341,
              55.8076981
            ],
            [
              37.705873,
              55.8084906
            ],
            [
              37.70578,
              55.8086673
            ],
            [
              37.7055596,
              55.8089034
            ],
            [
              37.70536,
              55.8090432
            ],
            [
              37.7044064,
              55.8096152
            ],
            [
              37.7031305,
              55.8104106
            ],
            [
              37.702325,
              55.8107997
            ],
            [
              37.7012517,
              55.8112314
            ],
            [
              37.6976766,
              55.8125021
            ],
            [
              37.6973274,
              55.8126607
            ],
            [
              37.6970828,
              55.8128287
            ],
            [
              37.6959048,
              55.8138132
            ],
            [
              37.6953003,
              55.8142769
            ],
            [
              37.6952051,
              55.8144156
            ],
            [
              37.695207,
              55.8144868
            ],
            [
              37.6952342,
              55.814538
            ],
            [
              37.6952995,
              55.8145966
            ],
            [
              37.6962552,
              55.8151834
            ],
            [
              37.6966102,
              55.8153698
            ],
            [
              37.6968061,
              55.8154506
            ],
            [
              37.697223,
              55.8155837
            ],
            [
              37.6998541,
              55.8163332
            ],
            [
              37.7001812,
              55.8164473
            ],
            [
              37.7008989,
              55.8167579
            ],
            [
              37.7010083,
              55.816844
            ],
            [
              37.7013149,
              55.8171591
            ],
            [
              37.701575,
              55.8173767
            ],
            [
              37.7035558,
              55.8184494
            ],
            [
              37.7038026,
              55.8185592
            ],
            [
              37.7051381,
              55.8188883
            ],
            [
              37.7061952,
              55.819086
            ],
            [
              37.7105356,
              55.8197981
            ],
            [
              37.7110082,
              55.8198632
            ],
            [
              37.7112212,
              55.819869
            ],
            [
              37.7114942,
              55.8198336
            ],
            [
              37.7122647,
              55.8196555
            ],
            [
              37.7139586,
              55.8192142
            ],
            [
              37.7141791,
              55.8191441
            ],
            [
              37.7166251,
              55.8181066
            ],
            [
              37.7189073,
              55.817111
            ],
            [
              37.7190757,
              55.817063
            ],
            [
              37.7193004,
              55.8170583
            ],
            [
              37.7194802,
              55.8171024
            ],
            [
              37.7202044,
              55.817563
            ],
            [
              37.7212811,
              55.8182158
            ],
            [
              37.7214129,
              55.8182491
            ],
            [
              37.7215284,
              55.8182535
            ],
            [
              37.7219509,
              55.8181811
            ],
            [
              37.7324555,
              55.8152767
            ],
            [
              37.7326033,
              55.8152068
            ],
            [
              37.7328549,
              55.8150126
            ],
            [
              37.7340859,
              55.8143374
            ],
            [
              37.7342926,
              55.8142563
            ],
            [
              37.7348257,
              55.8139297
            ],
            [
              37.7355028,
              55.8135585
            ],
            [
              37.735711,
              55.8134962
            ],
            [
              37.7359463,
              55.8135043
            ],
            [
              37.7361372,
              55.813574
            ],
            [
              37.740506,
              55.8160715
            ],
            [
              37.7422135,
              55.8170654
            ],
            [
              37.7425077,
              55.8172165
            ],
            [
              37.7467806,
              55.8190598
            ],
            [
              37.7477319,
              55.8194438
            ],
            [
              37.751144,
              55.8207492
            ],
            [
              37.7516768,
              55.8209885
            ],
            [
              37.7542817,
              55.8223136
            ],
            [
              37.7551391,
              55.822814
            ],
            [
              37.75643,
              55.8235142
            ],
            [
              37.7583703,
              55.8244904
            ],
            [
              37.7646142,
              55.8275254
            ],
            [
              37.7660419,
              55.8282287
            ],
            [
              37.7663244,
              55.8283879
            ],
            [
              37.7668758,
              55.8285993
            ],
            [
              37.7675834,
              55.8289306
            ],
            [
              37.7677952,
              55.8290926
            ],
            [
              37.7682329,
              55.829309
            ],
            [
              37.7682832,
              55.8293784
            ],
            [
              37.768272,
              55.8294532
            ],
            [
              37.7682017,
              55.8295169
            ],
            [
              37.7677932,
              55.8297337
            ],
            [
              37.7676914,
              55.8297612
            ],
            [
              37.7675727,
              55.8297642
            ],
            [
              37.7674288,
              55.8297284
            ],
            [
              37.7665425,
              55.8292901
            ],
            [
              37.7664461,
              55.8292233
            ],
            [
              37.7663913,
              55.8291436
            ],
            [
              37.7663217,
              55.8285958
            ],
            [
              37.7662825,
              55.828502
            ],
            [
              37.7661762,
              55.8283706
            ],
            [
              37.7659557,
              55.8282239
            ],
            [
              37.7645725,
              55.8275526
            ]
          ]
        ]
      },
      "properties": {
        "ID": 4421,
        "RouteNumber": "46",
        "RouteName": "Метрогородок - МЦД Калитники",
        "TrackOfFollowing": "Метрогородок - Детские ясли - сад - Монтажная ул. - Консультативно - диагностический центр - Тагильская ул. - Плодоовощной комбинат - Метро «Бульвар Рокоссовского» - 5 - й пр. Подбельского - 3 - й проезд Подбельского - Игральная ул. - Погонный проезд - Ланинский переулок - Богородское - Богородский храм - Инновационный университет - 1 - я Прогонная ул. - Телерадиокомпания «МИР» - Мосгорсуд - Улица Хромова - Метро «Преображенская площадь» - Метро «Преображенская площадь» - Преображенское кладбище - Улица Преображенский Вал - Улица Измайловский Вал - Метро «Семёновская» - Кирпичная улица - Ул. Семеновский Вал - Ухтомская улица - Введенское кладбище - Госпитальная площадь - Солдатская улица - Метро «Лефортово» - Авиамоторная улица, 2 - Юрьевский переулок - Метро «Авиамоторная» - Метро «Авиамоторная» - Метро «Авиамоторная» - Горбатый путепровод - Душинская улица - Старообрядческая улица - МЦД Москва - Товарная - Метро «Площадь Ильича» - Библиотечная улица - Новорогожская улица - Малая Андроньевская улица - Б. Калитниковская ул. - Воловья ул. - Малый Калитниковский проезд - Октябрьское трамвайное депо - МЦД Калитники",
        "ReverseTrackOfFollowing": "МЦД Калитники - Октябрьское трамвайное депо - М. Калитниковский пр. - Воловья ул. - Б. Калитниковская ул. - Новорогожская улица - Библиотечная улица - Метро «Площадь Ильича» - МЦД Москва - Товарная - Старообрядческая улица - Душинская улица - Горбатый путепровод - Метро «Авиамоторная» - Метро «Авиамоторная» - Метро «Авиамоторная» - Юрьевский переулок - Авиамоторная улица, 2 - Метро «Лефортово» - Солдатская улица - Госпитальная площадь - Введенское кладб. - Ухтомская улица - Улица Семёновский Вал - Кирпичная улица - Метро «Семёновская» - Улица Измайловский Вал - Улица Преображенский Вал - Преображенское кладбище - Метро «Преображенская площадь» - Метро «Преображенская площадь» - Улица Хромова - Мосгорсуд - Телерадиокомпания «МИР» - 1 - я Прогонная улица - Инновационный университет - Богородский храм - Богородское - Ланинский переулок - Погонный проезд - Игральная улица - 3 - й проезд Подбельского - 5 - й пр. Подбельского - Метро «Бульвар Рокоссовского» - Плодоовощной комбинат - Тагильская улица - Консультативно - диагностический центр - Монтажная ул. - Детские ясли - сад - Метрогородок - Метрогородок",
        "TypeOfTransport": "Трамвай",
        "CarrierName": "ГУП Мосгортранс",
        "global_id": 5102385150
      }
    },
    {
      "type": "Feature",
      "geometry": {
        "type": "MultiLineString",
        "coordinates": [
          [
            [
              37.3879759,
              55.7994212
            ],
            [
              37.3880095,
              55.7993282
            ],
            [
              37.3881561,
              55.7992457
            ],
            [
              37.3882884,
              55.7992274
            ],
            [
              37.3884603,
              55.7992583
            ],
            [
              37.3886472,
              55.7993472
            ],
            [
              37.3902564,
              55.8002763
            ],
            [
              37.3904549,
              55.8003268
            ],
            [
              37.3906317,
              55.8003432
            ],
            [
              37.3909258,
              55.800318
            ],
            [
              37.3967644,
              55.7990805
            ],
            [
              37.397348,
              55.798974
            ],
            [
              37.3976449,
              55.798938
            ],
            [
              37.398322,
              55.7989053
            ],
            [
              37.3987668,
              55.7989084
            ],
            [
              37.3994802,
              55.798953
            ],
            [
              37.4049538,
              55.7994082
            ],
            [
              37.4053652,
              55.7994635
            ],
            [
              37.4057525,
              55.7995537
            ],
            [
              37.40611,
              55.7996769
            ],
            [
              37.406533,
              55.7998916
            ],
            [
              37.4067906,
              55.8000753
            ],
            [
              37.4069972,
              55.8002828
            ],
            [
              37.4104183,
              55.8053114
            ],
            [
              37.4105171,
              55.8053975
            ],
            [
              37.41062,
              55.8054485
            ],
            [
              37.4107487,
              55.8054896
            ],
            [
              37.4109088,
              55.8055174
            ],
            [
              37.4110761,
              55.8055235
            ],
            [
              37.4113997,
              55.8054942
            ],
            [
              37.4164505,
              55.8047955
            ],
            [
              37.4239343,
              55.8038401
            ],
            [
              37.4248295,
              55.8037549
            ],
            [
              37.4254832,
              55.8037278
            ],
            [
              37.4271631,
              55.8036969
            ],
            [
              37.4277432,
              55.8037093
            ],
            [
              37.4281921,
              55.8037611
            ],
            [
              37.4340499,
              55.8046788
            ],
            [
              37.4345384,
              55.8047514
            ],
            [
              37.4351019,
              55.8048104
            ],
            [
              37.435673,
              55.8048444
            ],
            [
              37.4449107,
              55.8051826
            ],
            [
              37.4505271,
              55.8054126
            ],
            [
              37.4529581,
              55.805549
            ],
            [
              37.4546444,
              55.8056902
            ],
            [
              37.455284,
              55.8057586
            ],
            [
              37.4557145,
              55.805829
            ],
            [
              37.4561366,
              55.8059188
            ],
            [
              37.4569126,
              55.8061346
            ],
            [
              37.4571578,
              55.8062247
            ],
            [
              37.4576168,
              55.80643
            ],
            [
              37.4579813,
              55.8066487
            ],
            [
              37.458241,
              55.8068536
            ],
            [
              37.4613359,
              55.8095022
            ],
            [
              37.4614245,
              55.8096417
            ],
            [
              37.4614279,
              55.8098121
            ],
            [
              37.4614443,
              55.8098805
            ],
            [
              37.4614887,
              55.8099448
            ],
            [
              37.4615874,
              55.8100198
            ]
          ],
          [
            [
              37.4613359,
              55.8095022
            ],
            [
              37.4614245,
              55.8096417
            ],
            [
              37.4614302,
              55.8098351
            ],
            [
              37.4614709,
              55.8099241
            ],
            [
              37.4616266,
              55.8100456
            ],
            [
              37.4620835,
              55.8102515
            ],
            [
              37.4622106,
              55.8103342
            ],
            [
              37.4622712,
              55.8103949
            ],
            [
              37.4623113,
              55.8104701
            ],
            [
              37.4623051,
              55.8105327
            ],
            [
              37.46225,
              55.8106044
            ],
            [
              37.4621314,
              55.8106684
            ],
            [
              37.4620291,
              55.8106912
            ],
            [
              37.4616507,
              55.8107032
            ],
            [
              37.4614864,
              55.8106777
            ],
            [
              37.4613605,
              55.810613
            ],
            [
              37.461312,
              55.8105548
            ],
            [
              37.4612977,
              55.8104971
            ],
            [
              37.4613648,
              55.8096799
            ],
            [
              37.4613407,
              55.8095969
            ],
            [
              37.4612847,
              55.8095212
            ],
            [
              37.4580868,
              55.8067896
            ],
            [
              37.4577602,
              55.8065599
            ],
            [
              37.4575739,
              55.8064566
            ],
            [
              37.4571202,
              55.8062538
            ],
            [
              37.4568817,
              55.806166
            ],
            [
              37.4561095,
              55.8059513
            ],
            [
              37.4556943,
              55.805863
            ],
            [
              37.4550323,
              55.8057639
            ],
            [
              37.4529498,
              55.8055846
            ],
            [
              37.4505216,
              55.8054484
            ],
            [
              37.4485328,
              55.8053604
            ],
            [
              37.4356676,
              55.8048802
            ],
            [
              37.4350927,
              55.8048459
            ],
            [
              37.4345244,
              55.8047864
            ],
            [
              37.434033,
              55.8047135
            ],
            [
              37.428177,
              55.803796
            ],
            [
              37.4277314,
              55.8037481
            ],
            [
              37.427162,
              55.8037329
            ],
            [
              37.4251986,
              55.8037756
            ],
            [
              37.4239465,
              55.8038753
            ],
            [
              37.4164653,
              55.8048305
            ],
            [
              37.4114277,
              55.8055274
            ],
            [
              37.4110795,
              55.8055594
            ],
            [
              37.4108378,
              55.8055452
            ],
            [
              37.4106681,
              55.8055072
            ],
            [
              37.410543,
              55.8054608
            ],
            [
              37.4104373,
              55.8053994
            ],
            [
              37.41036,
              55.8053259
            ],
            [
              37.4069394,
              55.8002978
            ],
            [
              37.4067376,
              55.8000953
            ],
            [
              37.4064846,
              55.799915
            ],
            [
              37.4060726,
              55.7997059
            ],
            [
              37.4057236,
              55.7995857
            ],
            [
              37.4053455,
              55.7994976
            ],
            [
              37.4049426,
              55.7994436
            ],
            [
              37.3994719,
              55.7989886
            ],
            [
              37.3987629,
              55.7989442
            ],
            [
              37.3983243,
              55.7989412
            ],
            [
              37.3976544,
              55.7989734
            ],
            [
              37.3973645,
              55.7990086
            ],
            [
              37.3967852,
              55.7991144
            ],
            [
              37.3909348,
              55.800356
            ],
            [
              37.3906353,
              55.8003848
            ],
            [
              37.3904541,
              55.80037
            ],
            [
              37.390239,
              55.8003167
            ],
            [
              37.3898966,
              55.8001352
            ],
            [
              37.3895781,
              55.8000205
            ],
            [
              37.3885044,
              55.7997891
            ],
            [
              37.3882455,
              55.7997149
            ],
            [
              37.3881099,
              55.7996497
            ],
            [
              37.3880166,
              55.799564
            ],
            [
              37.3879802,
              55.7994914
            ],
            [
              37.3879732,
              55.7994411
            ],
            [
              37.3879919,
              55.7993632
            ]
          ]
        ]
      },
      "properties": {
        "ID": 4422,
        "RouteNumber": "10",
        "RouteName": "Таллинская улица - Метро «Щукинская»",
        "TrackOfFollowing": "Таллинская улица - Улица Кулакова - Таллинская улица, 6 - Школа имени Марины Цветаевой - Метро «Строгино» - Улица Маршала Катукова - Ул. Исаковского, 33 - Детская поликлиника - Метро «Щукинская»",
        "ReverseTrackOfFollowing": "Метро «Щукинская» - Метро «Щукинская» - Медицинский центр имени Бурназяна - Детская п - ка - Ул. Исаковского, 33 - Ул. Марш. Катукова - Метро «Строгино» - Школа имени Марины Цветаевой - Таллинская улица, 6 - Улица Кулакова - Таллинская улица",
        "TypeOfTransport": "Трамвай",
        "CarrierName": "ГУП Мосгортранс",
        "global_id": 5102385148
      }
    },
    {
      "type": "Feature",
      "geometry": {
        "type": "MultiLineString",
        "coordinates": [
          [
            [
              37.6191396,
              55.8221062
            ],
            [
              37.6191423,
              55.8223258
            ],
            [
              37.6191225,
              55.8224615
            ],
            [
              37.6190816,
              55.8225189
            ],
            [
              37.619018,
              55.8225694
            ],
            [
              37.6188716,
              55.8226306
            ],
            [
              37.6187098,
              55.8226551
            ],
            [
              37.6166429,
              55.82274
            ],
            [
              37.6164652,
              55.822776
            ],
            [
              37.6163254,
              55.8228474
            ],
            [
              37.6162555,
              55.822923
            ],
            [
              37.6162332,
              55.8229923
            ],
            [
              37.6162832,
              55.8235936
            ],
            [
              37.6162202,
              55.8241398
            ],
            [
              37.6161915,
              55.8241932
            ],
            [
              37.6161287,
              55.8242363
            ],
            [
              37.6160025,
              55.8242675
            ],
            [
              37.6158842,
              55.8242609
            ],
            [
              37.6153125,
              55.8241048
            ],
            [
              37.6152319,
              55.8240578
            ],
            [
              37.6151944,
              55.8240098
            ],
            [
              37.6151914,
              55.8239317
            ],
            [
              37.6152517,
              55.8238612
            ],
            [
              37.6155923,
              55.8236447
            ],
            [
              37.6159623,
              55.8234551
            ],
            [
              37.616075,
              55.8233698
            ],
            [
              37.616149,
              55.823272
            ],
            [
              37.616175,
              55.8232026
            ],
            [
              37.6161668,
              55.8230066
            ],
            [
              37.616183,
              55.8229348
            ],
            [
              37.6162298,
              55.8228658
            ],
            [
              37.6163305,
              55.8227895
            ],
            [
              37.61647,
              55.8227335
            ],
            [
              37.6166359,
              55.8227043
            ],
            [
              37.6187149,
              55.8226189
            ],
            [
              37.6188699,
              55.8225952
            ],
            [
              37.6190018,
              55.8225304
            ],
            [
              37.6190616,
              55.8224553
            ],
            [
              37.6190781,
              55.8223575
            ],
            [
              37.6190765,
              55.8220423
            ],
            [
              37.6191022,
              55.8219817
            ],
            [
              37.6192062,
              55.8219008
            ],
            [
              37.6193751,
              55.8218554
            ],
            [
              37.6200584,
              55.8218339
            ],
            [
              37.6293057,
              55.8217805
            ],
            [
              37.6296888,
              55.8218106
            ],
            [
              37.6308673,
              55.8220528
            ],
            [
              37.6313453,
              55.8221265
            ],
            [
              37.6348133,
              55.8220114
            ],
            [
              37.6350682,
              55.8220208
            ],
            [
              37.6352245,
              55.8220504
            ],
            [
              37.6358584,
              55.8222389
            ],
            [
              37.6359384,
              55.8222959
            ],
            [
              37.6360346,
              55.8224116
            ],
            [
              37.6362577,
              55.8226219
            ],
            [
              37.6363651,
              55.8227045
            ],
            [
              37.6366112,
              55.8228526
            ],
            [
              37.6399022,
              55.8245709
            ],
            [
              37.6448084,
              55.8270724
            ],
            [
              37.6452396,
              55.8272742
            ],
            [
              37.6454395,
              55.8272986
            ],
            [
              37.6465327,
              55.8270543
            ],
            [
              37.6469931,
              55.8269179
            ],
            [
              37.6480602,
              55.8265638
            ],
            [
              37.649448,
              55.8260985
            ],
            [
              37.6511171,
              55.8254984
            ],
            [
              37.6519892,
              55.8250583
            ],
            [
              37.6522859,
              55.8249315
            ],
            [
              37.6567428,
              55.8234301
            ],
            [
              37.6617386,
              55.8218532
            ],
            [
              37.665872,
              55.8206436
            ],
            [
              37.6682974,
              55.8199635
            ],
            [
              37.6712478,
              55.819086
            ],
            [
              37.6750505,
              55.8180084
            ],
            [
              37.6757006,
              55.8178556
            ],
            [
              37.6765135,
              55.8177018
            ],
            [
              37.6791368,
              55.8172766
            ],
            [
              37.67957,
              55.817173
            ],
            [
              37.6798347,
              55.817071
            ],
            [
              37.6826737,
              55.8157524
            ],
            [
              37.6832412,
              55.8155621
            ],
            [
              37.6835431,
              55.8154864
            ],
            [
              37.6838546,
              55.8154242
            ],
            [
              37.6844505,
              55.8153482
            ],
            [
              37.6846135,
              55.8153509
            ],
            [
              37.684802,
              55.8153937
            ],
            [
              37.6848959,
              55.815438
            ],
            [
              37.6849878,
              55.8155138
            ],
            [
              37.6851136,
              55.815773
            ],
            [
              37.6852108,
              55.8158898
            ],
            [
              37.6853224,
              55.8159814
            ],
            [
              37.6854591,
              55.8160629
            ],
            [
              37.6876181,
              55.8169181
            ],
            [
              37.6880751,
              55.8170818
            ],
            [
              37.6881883,
              55.8170829
            ],
            [
              37.6884132,
              55.8170427
            ],
            [
              37.6901395,
              55.8165901
            ],
            [
              37.6909308,
              55.8163443
            ],
            [
              37.6931871,
              55.8152645
            ],
            [
              37.6943562,
              55.8147678
            ],
            [
              37.6948441,
              55.8145261
            ],
            [
              37.6950649,
              55.8143872
            ],
            [
              37.6954795,
              55.8140908
            ],
            [
              37.6970554,
              55.812783
            ],
            [
              37.6972883,
              55.8126319
            ],
            [
              37.6975573,
              55.8125045
            ],
            [
              37.7015233,
              55.8110855
            ],
            [
              37.7022858,
              55.8107714
            ],
            [
              37.702789,
              55.810539
            ],
            [
              37.7030857,
              55.8103851
            ],
            [
              37.7035299,
              55.8101194
            ],
            [
              37.7043593,
              55.809591
            ],
            [
              37.7053127,
              55.809019
            ],
            [
              37.705507,
              55.8088831
            ],
            [
              37.705662,
              55.8087312
            ],
            [
              37.7057254,
              55.8086471
            ],
            [
              37.7058107,
              55.8084828
            ],
            [
              37.7060716,
              55.8076908
            ],
            [
              37.7063008,
              55.8071256
            ],
            [
              37.7072171,
              55.8047216
            ],
            [
              37.7074527,
              55.8040582
            ],
            [
              37.707572,
              55.8037524
            ],
            [
              37.7076416,
              55.803638
            ],
            [
              37.7078033,
              55.8035053
            ],
            [
              37.7103899,
              55.8019021
            ],
            [
              37.7116212,
              55.8011609
            ],
            [
              37.7119919,
              55.800907
            ],
            [
              37.7122344,
              55.8006832
            ],
            [
              37.712828,
              55.8000145
            ],
            [
              37.7133421,
              55.7994014
            ],
            [
              37.7146938,
              55.797717
            ],
            [
              37.7148308,
              55.797509
            ],
            [
              37.7148536,
              55.7974074
            ],
            [
              37.7148177,
              55.7972727
            ],
            [
              37.7147722,
              55.7972094
            ],
            [
              37.714413,
              55.796871
            ],
            [
              37.7143584,
              55.7967865
            ],
            [
              37.7143404,
              55.7966972
            ],
            [
              37.714453,
              55.7953595
            ],
            [
              37.7147542,
              55.7924963
            ],
            [
              37.7148338,
              55.7923205
            ],
            [
              37.7149266,
              55.7922113
            ],
            [
              37.7150486,
              55.7921116
            ],
            [
              37.715347,
              55.7919454
            ],
            [
              37.7155864,
              55.7917802
            ],
            [
              37.715709,
              55.7916581
            ],
            [
              37.7158254,
              55.7914591
            ],
            [
              37.7160144,
              55.7909228
            ],
            [
              37.7165552,
              55.789178
            ],
            [
              37.7175816,
              55.78565
            ],
            [
              37.7179048,
              55.7846442
            ],
            [
              37.7182063,
              55.7837678
            ],
            [
              37.7187298,
              55.7823599
            ],
            [
              37.7188516,
              55.7822509
            ],
            [
              37.7189671,
              55.7822043
            ],
            [
              37.7190675,
              55.7821839
            ],
            [
              37.7192098,
              55.7821782
            ],
            [
              37.7217973,
              55.7822943
            ],
            [
              37.7293998,
              55.782576
            ],
            [
              37.7345418,
              55.7828067
            ],
            [
              37.7395131,
              55.7829901
            ],
            [
              37.7458707,
              55.7831983
            ],
            [
              37.7459861,
              55.7832356
            ],
            [
              37.7460701,
              55.7832937
            ],
            [
              37.7461029,
              55.7833402
            ],
            [
              37.7461202,
              55.783423
            ],
            [
              37.7457873,
              55.7852235
            ],
            [
              37.7458055,
              55.7853212
            ],
            [
              37.7458996,
              55.785469
            ],
            [
              37.7459866,
              55.7855575
            ],
            [
              37.7464131,
              55.7858952
            ],
            [
              37.7471703,
              55.7863778
            ],
            [
              37.7474203,
              55.7864862
            ],
            [
              37.7477208,
              55.7865318
            ],
            [
              37.7491574,
              55.786562
            ],
            [
              37.761354,
              55.7866984
            ],
            [
              37.7623648,
              55.786725
            ],
            [
              37.7624956,
              55.7867601
            ],
            [
              37.7626028,
              55.7868171
            ],
            [
              37.7626617,
              55.7868732
            ],
            [
              37.7626983,
              55.7869508
            ],
            [
              37.7626988,
              55.7870048
            ],
            [
              37.7624046,
              55.7881234
            ],
            [
              37.7624096,
              55.7881811
            ],
            [
              37.762459,
              55.7882639
            ],
            [
              37.7625378,
              55.7883212
            ],
            [
              37.7626156,
              55.7883535
            ],
            [
              37.7627498,
              55.7883806
            ],
            [
              37.7636326,
              55.788456
            ],
            [
              37.7643246,
              55.7885346
            ],
            [
              37.7652538,
              55.78867
            ],
            [
              37.7661196,
              55.7888181
            ],
            [
              37.7670146,
              55.7889993
            ],
            [
              37.7681742,
              55.7893106
            ],
            [
              37.7766428,
              55.791848
            ],
            [
              37.7771189,
              55.7919659
            ],
            [
              37.7827693,
              55.7927699
            ],
            [
              37.7843154,
              55.7929009
            ],
            [
              37.7850649,
              55.7929458
            ],
            [
              37.7865041,
              55.7929912
            ],
            [
              37.7893058,
              55.7930386
            ],
            [
              37.7906654,
              55.7930944
            ],
            [
              37.797287,
              55.7931933
            ],
            [
              37.799738,
              55.7932058
            ],
            [
              37.8141216,
              55.7934564
            ],
            [
              37.8225245,
              55.7935855
            ],
            [
              37.8227076,
              55.7935967
            ],
            [
              37.8228548,
              55.7936286
            ],
            [
              37.8229773,
              55.7936846
            ],
            [
              37.8230631,
              55.7937592
            ],
            [
              37.8231064,
              55.7938689
            ],
            [
              37.8230981,
              55.7942781
            ],
            [
              37.8230839,
              55.7943252
            ],
            [
              37.8230446,
              55.7943675
            ],
            [
              37.8229661,
              55.7944074
            ],
            [
              37.8227788,
              55.7944364
            ],
            [
              37.8225112,
              55.7944222
            ],
            [
              37.8223225,
              55.7943633
            ],
            [
              37.8222491,
              55.7942992
            ],
            [
              37.8222255,
              55.7942396
            ],
            [
              37.8222331,
              55.7938214
            ],
            [
              37.8222164,
              55.7937571
            ],
            [
              37.8221652,
              55.7936988
            ],
            [
              37.8220802,
              55.7936512
            ],
            [
              37.8218835,
              55.7936108
            ]
          ],
          [
            [
              37.8230986,
              55.7942528
            ],
            [
              37.8230899,
              55.7943137
            ],
            [
              37.8230566,
              55.7943576
            ],
            [
              37.8230008,
              55.7943936
            ],
            [
              37.8229079,
              55.7944221
            ],
            [
              37.8226169,
              55.794435
            ],
            [
              37.8224338,
              55.7944066
            ],
            [
              37.8223422,
              55.7943739
            ],
            [
              37.822273,
              55.7943267
            ],
            [
              37.8222282,
              55.7942548
            ],
            [
              37.8222331,
              55.7938214
            ],
            [
              37.8222164,
              55.7937571
            ],
            [
              37.8221652,
              55.7936988
            ],
            [
              37.8220802,
              55.7936512
            ],
            [
              37.8218835,
              55.7936108
            ],
            [
              37.8141198,
              55.7934923
            ],
            [
              37.7997673,
              55.7932417
            ],
            [
              37.7934944,
              55.7931834
            ],
            [
              37.7906626,
              55.7931303
            ],
            [
              37.7892906,
              55.7930743
            ],
            [
              37.7865019,
              55.7930271
            ],
            [
              37.7850595,
              55.7929816
            ],
            [
              37.7843074,
              55.7929366
            ],
            [
              37.7827559,
              55.792805
            ],
            [
              37.7770955,
              55.7919993
            ],
            [
              37.7766137,
              55.7918799
            ],
            [
              37.7681454,
              55.7893426
            ],
            [
              37.7669909,
              55.7890326
            ],
            [
              37.7660996,
              55.7888522
            ],
            [
              37.7652366,
              55.7887046
            ],
            [
              37.7643104,
              55.7885696
            ],
            [
              37.7626148,
              55.7883938
            ],
            [
              37.7625204,
              55.7883602
            ],
            [
              37.7624224,
              55.7882992
            ],
            [
              37.7623717,
              55.7882416
            ],
            [
              37.7623424,
              55.7881482
            ],
            [
              37.7626367,
              55.7869918
            ],
            [
              37.7626352,
              55.7869558
            ],
            [
              37.7626024,
              55.7868864
            ],
            [
              37.7625333,
              55.7868261
            ],
            [
              37.7623465,
              55.7867594
            ],
            [
              37.7613528,
              55.7867344
            ],
            [
              37.7491554,
              55.7865979
            ],
            [
              37.7477153,
              55.7865676
            ],
            [
              37.747392,
              55.7865183
            ],
            [
              37.7471514,
              55.7864187
            ],
            [
              37.7463363,
              55.785899
            ],
            [
              37.7459354,
              55.7855749
            ],
            [
              37.7458455,
              55.7854834
            ],
            [
              37.7457471,
              55.7853286
            ],
            [
              37.7457188,
              55.7852202
            ],
            [
              37.7460548,
              55.7834249
            ],
            [
              37.7460524,
              55.7833699
            ],
            [
              37.7460175,
              55.7833099
            ],
            [
              37.7459473,
              55.7832613
            ],
            [
              37.7458509,
              55.7832302
            ],
            [
              37.739509,
              55.783026
            ],
            [
              37.7345372,
              55.7828425
            ],
            [
              37.7293952,
              55.7826119
            ],
            [
              37.7190819,
              55.7822188
            ],
            [
              37.7188963,
              55.7822765
            ],
            [
              37.718839,
              55.7823169
            ],
            [
              37.7187997,
              55.7823702
            ],
            [
              37.718215,
              55.7839232
            ],
            [
              37.717716,
              55.7854203
            ],
            [
              37.716618,
              55.789184
            ],
            [
              37.7160771,
              55.7909294
            ],
            [
              37.7158877,
              55.7914668
            ],
            [
              37.7157668,
              55.7916732
            ],
            [
              37.7156379,
              55.7918014
            ],
            [
              37.7153925,
              55.7919706
            ],
            [
              37.715098,
              55.7921342
            ],
            [
              37.7149818,
              55.7922293
            ],
            [
              37.7148602,
              55.7923881
            ],
            [
              37.7148174,
              55.792501
            ],
            [
              37.7145166,
              55.7953617
            ],
            [
              37.7144041,
              55.7966974
            ],
            [
              37.7144205,
              55.7967783
            ],
            [
              37.7144698,
              55.7968548
            ],
            [
              37.7148281,
              55.797192
            ],
            [
              37.7148792,
              55.7972632
            ],
            [
              37.7149174,
              55.7974063
            ],
            [
              37.7148926,
              55.7975177
            ],
            [
              37.7147523,
              55.7977313
            ],
            [
              37.7134001,
              55.7994164
            ],
            [
              37.7128853,
              55.8000302
            ],
            [
              37.7122908,
              55.8007
            ],
            [
              37.7120442,
              55.8009276
            ],
            [
              37.711668,
              55.8011854
            ],
            [
              37.710437,
              55.8019263
            ],
            [
              37.7078509,
              55.8035292
            ],
            [
              37.707703,
              55.8036489
            ],
            [
              37.7076341,
              55.8037607
            ],
            [
              37.7075151,
              55.8040655
            ],
            [
              37.7072796,
              55.804729
            ],
            [
              37.7063632,
              55.8071332
            ],
            [
              37.7061341,
              55.8076981
            ],
            [
              37.705873,
              55.8084906
            ],
            [
              37.7058318,
              55.8085817
            ],
            [
              37.7057196,
              55.8087466
            ],
            [
              37.7055596,
              55.8089034
            ],
            [
              37.70536,
              55.8090432
            ],
            [
              37.7044064,
              55.8096152
            ],
            [
              37.7035771,
              55.8101436
            ],
            [
              37.7031305,
              55.8104106
            ],
            [
              37.7028308,
              55.8105661
            ],
            [
              37.702325,
              55.8107997
            ],
            [
              37.7012517,
              55.8112314
            ],
            [
              37.6976766,
              55.8125021
            ],
            [
              37.6974548,
              55.8125949
            ],
            [
              37.6972118,
              55.8127304
            ],
            [
              37.6970828,
              55.8128287
            ],
            [
              37.6955307,
              55.8141123
            ],
            [
              37.6951137,
              55.8144103
            ],
            [
              37.6948907,
              55.8145506
            ],
            [
              37.6943954,
              55.8147962
            ],
            [
              37.6936707,
              55.8150903
            ],
            [
              37.6909599,
              55.816368
            ],
            [
              37.6902475,
              55.8165929
            ],
            [
              37.6884423,
              55.8170764
            ],
            [
              37.6882303,
              55.8171206
            ],
            [
              37.6880653,
              55.8171215
            ],
            [
              37.6879337,
              55.817092
            ],
            [
              37.6854163,
              55.8160895
            ],
            [
              37.6852727,
              55.816004
            ],
            [
              37.6851561,
              55.8159083
            ],
            [
              37.6850534,
              55.8157848
            ],
            [
              37.6849302,
              55.8155292
            ],
            [
              37.6848495,
              55.8154626
            ],
            [
              37.6847671,
              55.8154238
            ],
            [
              37.6846366,
              55.8153907
            ],
            [
              37.6844586,
              55.8153838
            ],
            [
              37.6838729,
              55.8154586
            ],
            [
              37.6835668,
              55.8155197
            ],
            [
              37.6832694,
              55.8155943
            ],
            [
              37.6827105,
              55.8157816
            ],
            [
              37.6798747,
              55.817099
            ],
            [
              37.6796007,
              55.8172044
            ],
            [
              37.6791559,
              55.8173109
            ],
            [
              37.6765324,
              55.8177361
            ],
            [
              37.6757214,
              55.8178896
            ],
            [
              37.6750785,
              55.8180407
            ],
            [
              37.6712768,
              55.819118
            ],
            [
              37.6683857,
              55.8199783
            ],
            [
              37.6673086,
              55.820291
            ],
            [
              37.6659005,
              55.8206758
            ],
            [
              37.6617686,
              55.8218849
            ],
            [
              37.6567748,
              55.8234612
            ],
            [
              37.6523206,
              55.8249616
            ],
            [
              37.6520307,
              55.8250856
            ],
            [
              37.6511523,
              55.8255284
            ],
            [
              37.6494815,
              55.8261291
            ],
            [
              37.6480913,
              55.8265952
            ],
            [
              37.6470244,
              55.8269492
            ],
            [
              37.646548,
              55.8270892
            ],
            [
              37.6454766,
              55.8273319
            ],
            [
              37.6453226,
              55.8273304
            ],
            [
              37.6452074,
              55.8273052
            ],
            [
              37.6447877,
              55.8271102
            ],
            [
              37.6398592,
              55.8245974
            ],
            [
              37.6365672,
              55.8228786
            ],
            [
              37.6362182,
              55.8226573
            ],
            [
              37.6360238,
              55.822481
            ],
            [
              37.6358793,
              55.8223123
            ],
            [
              37.6357924,
              55.8222563
            ],
            [
              37.6350939,
              55.8220605
            ],
            [
              37.6348087,
              55.8220473
            ],
            [
              37.6313412,
              55.8221624
            ],
            [
              37.630846,
              55.8220867
            ],
            [
              37.6296677,
              55.8218445
            ],
            [
              37.6293986,
              55.8218174
            ],
            [
              37.623632,
              55.8218432
            ],
            [
              37.6195327,
              55.8218795
            ],
            [
              37.6193055,
              55.8219065
            ],
            [
              37.6192282,
              55.8219382
            ],
            [
              37.6191721,
              55.8219818
            ],
            [
              37.6191399,
              55.8220464
            ],
            [
              37.6191423,
              55.8223258
            ],
            [
              37.6191225,
              55.8224615
            ],
            [
              37.6190415,
              55.8225535
            ],
            [
              37.6189041,
              55.822621
            ],
            [
              37.6187098,
              55.8226551
            ],
            [
              37.6169676,
              55.8227264
            ]
          ]
        ]
      },
      "properties": {
        "ID": 4423,
        "RouteNumber": "11",
        "RouteName": "Усадьба Останкино - Восточное Измайлово",
        "TrackOfFollowing": "Усадьба Останкино - Усадьба Останкино - Аргуновская улица - Улица Цандера - ВДНХ (южный вход) - Метро «ВДНХ» - ВДНХ (северный вход) - Проспект Мира - Ярославская улица - Улица Бориса Галушкина, 17 - Площадь Академика Люльки - Станция Юных натуралистов - Лингвистический университет - Ростокинский проезд - Богатырский мост - Богородский храм - Инновационный университет - 1 - я Прогонная ул. - Телерадиокомпания «МИР» - Мосгорсуд - Улица Хромова - Метро «Преображенская площадь» - Метро «Преображенская площадь» - Преображенское кладбище - Улица Преображенский Вал - Улица Измайловский Вал - Метро «Семёновская» - Улица Ибрагимова - Фортунатовская ул. - Мост Окружной железной дороги - Метро «Партизанская» - Главная аллея - Галерея «Измайлово» - Измайловская площадь - 3 - я Парковая улица - 5 - я Парковая улица - 7 - я Парковая улица - Метро «Первомайская» - Районный центр «Первомайский» - 13 - я Парковая улица - 15 - я Парковая улица - Восточное Измайлово",
        "ReverseTrackOfFollowing": "Восточное Измайлово - Восточное Измайлово - 15 - я Парковая улица - 13 - я Парковая улица - Районный центр «Первомайский» - Метро «Первомайская» - 7 - я Парковая улица - 5 - я Парковая улица - 3 - я Парковая улица - Измайловская площадь - Галерея «Измайлово» - Главная аллея - Метро «Партизанская» - Мост Окружной железной дороги - Фортунатовская улица - Улица Ибрагимова - Метро «Семёновская» - Метро «Семёновская» - Улица Измайловский Вал - Улица Преображенский Вал - Преображенское кладбище - Метро «Преображенская площадь» - Метро «Преображенская площадь» - Улица Хромова - Мосгорсуд - Телерадиокомпания «МИР» - 1 - я Прогонная улица - Инновационный университет - Богородский храм - Богатырский мост - Ростокинский проезд - Лингвистический университет - Станция Юных натуралистов - Площадь Академика Люльки - Улица Бориса Галушкина, 17 - Ярославская улица - Проспект Мира - ВДНХ (северный вход) - Метро «ВДНХ» - ВДНХ (южный вход) - Улица Цандера - Аргуновская улица - Усадьба Останкино",
        "TypeOfTransport": "Трамвай",
        "CarrierName": "ГУП Мосгортранс",
        "global_id": 5102385149
      }
    },
    {
      "type": "Feature",
      "geometry": {
        "type": "MultiLineString",
        "coordinates": [
          [
            [
              37.4074741,
              55.8512247
            ],
            [
              37.4073309,
              55.8515841
            ],
            [
              37.4072678,
              55.8518302
            ],
            [
              37.4072849,
              55.8519278
            ],
            [
              37.4073746,
              55.8520833
            ],
            [
              37.4082598,
              55.8534211
            ],
            [
              37.4086525,
              55.8539777
            ],
            [
              37.4091068,
              55.854504
            ],
            [
              37.4095188,
              55.8549068
            ],
            [
              37.4097365,
              55.855091
            ],
            [
              37.4105593,
              55.8556485
            ],
            [
              37.4113938,
              55.8561327
            ],
            [
              37.4118712,
              55.8563689
            ],
            [
              37.4128625,
              55.8567863
            ],
            [
              37.413596,
              55.8570407
            ],
            [
              37.4142816,
              55.8572448
            ],
            [
              37.4148219,
              55.8573846
            ],
            [
              37.4158635,
              55.8576065
            ],
            [
              37.416712,
              55.8577435
            ],
            [
              37.4173448,
              55.8578105
            ],
            [
              37.4196373,
              55.8580012
            ],
            [
              37.4207562,
              55.8580799
            ],
            [
              37.4227049,
              55.8581787
            ],
            [
              37.4244787,
              55.8582402
            ],
            [
              37.4254666,
              55.8582389
            ],
            [
              37.426977,
              55.858209
            ],
            [
              37.4275526,
              55.8581828
            ],
            [
              37.4284111,
              55.8581356
            ],
            [
              37.4300718,
              55.857988
            ],
            [
              37.4307607,
              55.8578875
            ],
            [
              37.4315722,
              55.8577394
            ],
            [
              37.4325436,
              55.8575134
            ],
            [
              37.4336329,
              55.8572014
            ],
            [
              37.4340447,
              55.8570529
            ],
            [
              37.434906,
              55.8566687
            ],
            [
              37.4355908,
              55.8563078
            ],
            [
              37.4362226,
              55.8559181
            ],
            [
              37.4367992,
              55.8555008
            ],
            [
              37.4372655,
              55.8551026
            ],
            [
              37.4375447,
              55.8548062
            ],
            [
              37.4377823,
              55.8544974
            ],
            [
              37.4378931,
              55.8543364
            ],
            [
              37.438109,
              55.853961
            ],
            [
              37.4382719,
              55.8535767
            ],
            [
              37.4396666,
              55.8495629
            ],
            [
              37.4399695,
              55.8485872
            ],
            [
              37.4399836,
              55.8484954
            ],
            [
              37.439973,
              55.8483198
            ],
            [
              37.4392158,
              55.8446536
            ],
            [
              37.43893,
              55.8431493
            ],
            [
              37.4378999,
              55.8381558
            ],
            [
              37.4378178,
              55.8377109
            ],
            [
              37.4378298,
              55.8376366
            ],
            [
              37.4378723,
              55.8375659
            ],
            [
              37.437943,
              55.8375027
            ],
            [
              37.4380741,
              55.8374362
            ],
            [
              37.4381952,
              55.8374051
            ],
            [
              37.4383212,
              55.8373942
            ],
            [
              37.4513906,
              55.8364384
            ],
            [
              37.451491,
              55.836417
            ],
            [
              37.4515747,
              55.8363791
            ],
            [
              37.4519839,
              55.8360092
            ],
            [
              37.4520781,
              55.8359516
            ],
            [
              37.4521936,
              55.8359079
            ],
            [
              37.4524061,
              55.8358729
            ],
            [
              37.4530344,
              55.8358575
            ],
            [
              37.453111,
              55.8358659
            ],
            [
              37.4532362,
              55.8359177
            ]
          ],
          [
            [
              37.4519581,
              55.8360309
            ],
            [
              37.4521145,
              55.8359353
            ],
            [
              37.4522793,
              55.8358878
            ],
            [
              37.4530344,
              55.8358575
            ],
            [
              37.453111,
              55.8358659
            ],
            [
              37.4532362,
              55.8359177
            ],
            [
              37.4532912,
              55.8359701
            ],
            [
              37.4533144,
              55.8360364
            ],
            [
              37.4532991,
              55.8360899
            ],
            [
              37.4532687,
              55.8361269
            ],
            [
              37.4531567,
              55.8361892
            ],
            [
              37.4524228,
              55.8363788
            ],
            [
              37.4522049,
              55.8364088
            ],
            [
              37.4382968,
              55.8374391
            ],
            [
              37.4380954,
              55.8374825
            ],
            [
              37.4380138,
              55.8375228
            ],
            [
              37.437935,
              55.8375909
            ],
            [
              37.4379027,
              55.8376493
            ],
            [
              37.4378972,
              55.8377222
            ],
            [
              37.4400683,
              55.8483148
            ],
            [
              37.4400792,
              55.8484979
            ],
            [
              37.4400644,
              55.8485941
            ],
            [
              37.4397608,
              55.8495726
            ],
            [
              37.4383655,
              55.8535882
            ],
            [
              37.4382012,
              55.8539756
            ],
            [
              37.4379833,
              55.8543544
            ],
            [
              37.4378709,
              55.8545178
            ],
            [
              37.437631,
              55.8548295
            ],
            [
              37.4373482,
              55.8551297
            ],
            [
              37.436876,
              55.8555331
            ],
            [
              37.4362959,
              55.8559528
            ],
            [
              37.4356589,
              55.8563456
            ],
            [
              37.4349692,
              55.8567091
            ],
            [
              37.4340995,
              55.8570971
            ],
            [
              37.433682,
              55.8572477
            ],
            [
              37.4325835,
              55.8575624
            ],
            [
              37.4317148,
              55.8577689
            ],
            [
              37.4307134,
              55.8579618
            ],
            [
              37.4300717,
              55.8580463
            ],
            [
              37.4291281,
              55.8581413
            ],
            [
              37.4275619,
              55.8582412
            ],
            [
              37.4254692,
              55.8582927
            ],
            [
              37.4244758,
              55.8582941
            ],
            [
              37.4226977,
              55.8582324
            ],
            [
              37.420746,
              55.8581335
            ],
            [
              37.4196243,
              55.8580546
            ],
            [
              37.417329,
              55.8578636
            ],
            [
              37.4166906,
              55.857796
            ],
            [
              37.4160637,
              55.8577004
            ],
            [
              37.4153499,
              55.8575615
            ],
            [
              37.4142391,
              55.8572931
            ],
            [
              37.4135484,
              55.8570875
            ],
            [
              37.4128093,
              55.8568311
            ],
            [
              37.412209,
              55.8565865
            ],
            [
              37.41181,
              55.8564104
            ],
            [
              37.4113278,
              55.8561717
            ],
            [
              37.4104884,
              55.8556847
            ],
            [
              37.409659,
              55.8551225
            ],
            [
              37.4094375,
              55.8549352
            ],
            [
              37.4090221,
              55.8545291
            ],
            [
              37.4085649,
              55.8539994
            ],
            [
              37.4081703,
              55.8534404
            ],
            [
              37.4072845,
              55.8521017
            ],
            [
              37.4066193,
              55.8510378
            ],
            [
              37.4066154,
              55.8509482
            ],
            [
              37.4066538,
              55.8508922
            ],
            [
              37.4067212,
              55.8508456
            ],
            [
              37.4069139,
              55.8507975
            ],
            [
              37.4072946,
              55.8508014
            ],
            [
              37.4074453,
              55.8508389
            ],
            [
              37.407498,
              55.8508752
            ],
            [
              37.4075281,
              55.850919
            ],
            [
              37.4075338,
              55.8509572
            ],
            [
              37.4074741,
              55.8512247
            ],
            [
              37.4073309,
              55.8515841
            ],
            [
              37.4072784,
              55.8517657
            ],
            [
              37.4072677,
              55.851879
            ],
            [
              37.4073208,
              55.8519901
            ]
          ]
        ]
      },
      "properties": {
        "ID": 4424,
        "RouteNumber": "6к",
        "RouteName": "Братцево - Восточный мост",
        "TrackOfFollowing": "Братцево - Братцево - НИИАТ - Ул. Вилиса Лациса - Улица Героев Панфиловцев, 33 - Университет имени Менделеева - Туристская ул. - Ул. Героев Панфиловцев, 21 - Планерная улица - Улица Фомичёвой - Метро «Сходненская» - Нелидовская улица - Улица Фабрициуса - Западный мост - Новопоселковая улица - Восточный мост",
        "ReverseTrackOfFollowing": "Восточный мост - Восточный мост - Новопоселковая улица - Западный мост - Улица Фабрициуса - Нелидовская улица - Метро «Сходненская» - Улица Фомичёвой - Планерная улица - Улица Героев Панфиловцев, 21 - Туристская улица - Университет имени Менделеева - Улица Героев Панфиловцев, 33 - Улица Вилиса Лациса - НИИАТ - Детская больница - Братцево",
        "TypeOfTransport": "Трамвай",
        "CarrierName": "ГУП Мосгортранс",
        "global_id": 5102385151
      }
    },
    {
      "type": "Feature",
      "geometry": {
        "type": "MultiLineString",
        "coordinates": [
          [
            [
              37.5360166,
              55.6927356
            ],
            [
              37.5357785,
              55.6926111
            ],
            [
              37.5356874,
              55.6925057
            ],
            [
              37.5356744,
              55.6924353
            ],
            [
              37.535694,
              55.6923655
            ],
            [
              37.5357449,
              55.6923009
            ],
            [
              37.5358237,
              55.6922459
            ],
            [
              37.5362208,
              55.692045
            ],
            [
              37.5363499,
              55.6920146
            ],
            [
              37.5364546,
              55.6920092
            ],
            [
              37.5365912,
              55.6920262
            ],
            [
              37.536701,
              55.6920605
            ],
            [
              37.5371337,
              55.6922803
            ],
            [
              37.5372754,
              55.6922951
            ],
            [
              37.5374306,
              55.6922596
            ],
            [
              37.5395388,
              55.6910596
            ],
            [
              37.5421696,
              55.6895349
            ],
            [
              37.5445965,
              55.6880916
            ],
            [
              37.5474215,
              55.6865371
            ],
            [
              37.5516184,
              55.684136
            ],
            [
              37.5517389,
              55.6840868
            ],
            [
              37.5518707,
              55.6840647
            ],
            [
              37.5520429,
              55.684062
            ],
            [
              37.5522104,
              55.6840845
            ],
            [
              37.5523619,
              55.6841308
            ],
            [
              37.552505,
              55.6842123
            ],
            [
              37.5538945,
              55.6853733
            ],
            [
              37.560117,
              55.6904729
            ],
            [
              37.5614635,
              55.691555
            ],
            [
              37.5616732,
              55.6916932
            ],
            [
              37.5665044,
              55.6944543
            ],
            [
              37.5776496,
              55.7007603
            ],
            [
              37.5835294,
              55.7041192
            ],
            [
              37.5866983,
              55.705897
            ],
            [
              37.5934712,
              55.7097503
            ],
            [
              37.5935936,
              55.709805
            ],
            [
              37.5938027,
              55.7098443
            ],
            [
              37.5973494,
              55.7099796
            ],
            [
              37.5999171,
              55.7103906
            ],
            [
              37.6015889,
              55.7105879
            ],
            [
              37.6059273,
              55.7112274
            ],
            [
              37.6062584,
              55.7112975
            ],
            [
              37.6065268,
              55.7114296
            ],
            [
              37.6067064,
              55.7114981
            ],
            [
              37.6069043,
              55.7115479
            ],
            [
              37.607139,
              55.7115798
            ],
            [
              37.6209434,
              55.7111996
            ],
            [
              37.6211362,
              55.7112289
            ],
            [
              37.621449,
              55.7113612
            ],
            [
              37.6216758,
              55.7113955
            ],
            [
              37.6269635,
              55.7114842
            ],
            [
              37.6323773,
              55.7116207
            ],
            [
              37.6326873,
              55.7116609
            ],
            [
              37.6329092,
              55.7117612
            ],
            [
              37.6330192,
              55.711874
            ],
            [
              37.6330644,
              55.7119792
            ],
            [
              37.6330758,
              55.7120502
            ],
            [
              37.6331281,
              55.7131066
            ],
            [
              37.6332952,
              55.7144533
            ],
            [
              37.6333036,
              55.7145951
            ],
            [
              37.6332183,
              55.7157709
            ],
            [
              37.6332315,
              55.7159125
            ],
            [
              37.6354571,
              55.7211066
            ],
            [
              37.635899,
              55.7220521
            ],
            [
              37.6364468,
              55.7233283
            ],
            [
              37.6365357,
              55.7238377
            ],
            [
              37.6372856,
              55.726283
            ],
            [
              37.6373363,
              55.7265126
            ],
            [
              37.6373513,
              55.7267427
            ],
            [
              37.6372611,
              55.7279147
            ],
            [
              37.6372213,
              55.7280986
            ],
            [
              37.6371797,
              55.728192
            ],
            [
              37.6369875,
              55.7284626
            ],
            [
              37.6368911,
              55.7286951
            ],
            [
              37.6368411,
              55.7289049
            ],
            [
              37.6366797,
              55.7299706
            ],
            [
              37.6365953,
              55.7301842
            ],
            [
              37.6363042,
              55.7305698
            ],
            [
              37.6360265,
              55.7309005
            ],
            [
              37.6353107,
              55.7316958
            ],
            [
              37.6343243,
              55.7333344
            ],
            [
              37.6339347,
              55.7339414
            ],
            [
              37.633462,
              55.7345718
            ],
            [
              37.6330641,
              55.7350784
            ],
            [
              37.6315696,
              55.7366101
            ],
            [
              37.6314258,
              55.7368175
            ],
            [
              37.6310728,
              55.7374068
            ],
            [
              37.6304491,
              55.7384958
            ],
            [
              37.6302382,
              55.7389236
            ],
            [
              37.6301378,
              55.739187
            ],
            [
              37.6297299,
              55.740697
            ],
            [
              37.6297081,
              55.7408513
            ],
            [
              37.6297158,
              55.7418
            ],
            [
              37.6297436,
              55.7420092
            ],
            [
              37.6297952,
              55.7421154
            ],
            [
              37.6298758,
              55.7422122
            ],
            [
              37.6300498,
              55.7423411
            ],
            [
              37.63099,
              55.7427944
            ],
            [
              37.6316446,
              55.743077
            ],
            [
              37.63275,
              55.7433682
            ],
            [
              37.6337277,
              55.7438675
            ],
            [
              37.6358775,
              55.745165
            ],
            [
              37.6374212,
              55.7461274
            ],
            [
              37.637877,
              55.7464353
            ],
            [
              37.6396619,
              55.7477053
            ],
            [
              37.6411649,
              55.7488151
            ],
            [
              37.6413099,
              55.7489936
            ],
            [
              37.6415324,
              55.7494246
            ],
            [
              37.6422457,
              55.7502535
            ],
            [
              37.6423154,
              55.7503135
            ],
            [
              37.6429328,
              55.750574
            ],
            [
              37.6435975,
              55.7507198
            ],
            [
              37.6440692,
              55.7507871
            ],
            [
              37.6446228,
              55.7507584
            ],
            [
              37.6450858,
              55.7508417
            ],
            [
              37.6452871,
              55.7509031
            ],
            [
              37.645909,
              55.7511955
            ],
            [
              37.6461879,
              55.751481
            ],
            [
              37.6474389,
              55.7529069
            ],
            [
              37.6476024,
              55.7531738
            ],
            [
              37.6484134,
              55.7546634
            ],
            [
              37.6485552,
              55.7549636
            ],
            [
              37.6486422,
              55.7552001
            ],
            [
              37.6487072,
              55.7554879
            ],
            [
              37.6487335,
              55.7556878
            ],
            [
              37.6487201,
              55.7558209
            ],
            [
              37.6486707,
              55.755979
            ],
            [
              37.6485749,
              55.756162
            ],
            [
              37.6483087,
              55.7564771
            ],
            [
              37.6478454,
              55.7569589
            ],
            [
              37.6471288,
              55.7577898
            ],
            [
              37.6467446,
              55.7585573
            ],
            [
              37.646184,
              55.7594667
            ],
            [
              37.6459735,
              55.7600649
            ],
            [
              37.6459672,
              55.760261
            ],
            [
              37.6460009,
              55.7605118
            ],
            [
              37.6459731,
              55.7606264
            ],
            [
              37.6459139,
              55.7607372
            ],
            [
              37.6456282,
              55.7610311
            ],
            [
              37.6443478,
              55.7622331
            ],
            [
              37.644117,
              55.7623901
            ],
            [
              37.6432315,
              55.762871
            ],
            [
              37.641639,
              55.7636806
            ],
            [
              37.6394347,
              55.7646985
            ],
            [
              37.6392975,
              55.7647324
            ],
            [
              37.6391477,
              55.7647342
            ],
            [
              37.6390081,
              55.7647034
            ],
            [
              37.6389,
              55.764645
            ],
            [
              37.6388398,
              55.7645676
            ],
            [
              37.6388368,
              55.7644831
            ],
            [
              37.6388913,
              55.7644044
            ],
            [
              37.6390062,
              55.7643216
            ]
          ],
          [
            [
              37.6393927,
              55.7647127
            ],
            [
              37.6391775,
              55.7647365
            ],
            [
              37.6389834,
              55.7646938
            ],
            [
              37.6389,
              55.764645
            ],
            [
              37.6388574,
              55.7646001
            ],
            [
              37.6388315,
              55.764534
            ],
            [
              37.6388432,
              55.7644665
            ],
            [
              37.6388913,
              55.7644044
            ],
            [
              37.6390062,
              55.7643216
            ],
            [
              37.6404594,
              55.7635725
            ],
            [
              37.6416467,
              55.7629312
            ],
            [
              37.6421525,
              55.7625871
            ],
            [
              37.6427718,
              55.76213
            ],
            [
              37.6433082,
              55.7617
            ],
            [
              37.6434408,
              55.7615696
            ],
            [
              37.6442627,
              55.760602
            ],
            [
              37.6446585,
              55.7601065
            ],
            [
              37.6448265,
              55.7599443
            ],
            [
              37.6450442,
              55.7596838
            ],
            [
              37.6454977,
              55.7590853
            ],
            [
              37.6463245,
              55.7578504
            ],
            [
              37.6475711,
              55.7566543
            ],
            [
              37.6480385,
              55.7560637
            ],
            [
              37.648138,
              55.7559148
            ],
            [
              37.6482118,
              55.7557698
            ],
            [
              37.6482505,
              55.7555396
            ],
            [
              37.6481128,
              55.7551103
            ],
            [
              37.6477202,
              55.7542886
            ],
            [
              37.6472897,
              55.7535659
            ],
            [
              37.6470522,
              55.7531941
            ],
            [
              37.6466221,
              55.75258
            ],
            [
              37.6457435,
              55.7513956
            ],
            [
              37.6455163,
              55.7512536
            ],
            [
              37.6451168,
              55.7510528
            ],
            [
              37.6449782,
              55.7509992
            ],
            [
              37.6435358,
              55.7507438
            ],
            [
              37.6429682,
              55.7506252
            ],
            [
              37.6427196,
              55.7505345
            ],
            [
              37.6422677,
              55.7503376
            ],
            [
              37.6421889,
              55.7502698
            ],
            [
              37.6414736,
              55.7494385
            ],
            [
              37.6412491,
              55.7490043
            ],
            [
              37.6411414,
              55.748862
            ],
            [
              37.6396121,
              55.7477277
            ],
            [
              37.6378281,
              55.7464583
            ],
            [
              37.637374,
              55.7461515
            ],
            [
              37.6345894,
              55.744426
            ],
            [
              37.6336816,
              55.7438923
            ],
            [
              37.6327281,
              55.7434078
            ],
            [
              37.6326009,
              55.7433612
            ],
            [
              37.6318501,
              55.7431743
            ],
            [
              37.6315396,
              55.7430822
            ],
            [
              37.6302191,
              55.7424802
            ],
            [
              37.6300854,
              55.7424143
            ],
            [
              37.6298761,
              55.7422788
            ],
            [
              37.6297358,
              55.7421284
            ],
            [
              37.6296809,
              55.7420157
            ],
            [
              37.6296521,
              55.7418006
            ],
            [
              37.6296444,
              55.7408499
            ],
            [
              37.6296666,
              55.7406932
            ],
            [
              37.630076,
              55.7391901
            ],
            [
              37.6301762,
              55.7389153
            ],
            [
              37.6303881,
              55.7384856
            ],
            [
              37.6310124,
              55.7373954
            ],
            [
              37.6313656,
              55.7368056
            ],
            [
              37.6315118,
              55.736595
            ],
            [
              37.6330059,
              55.7350638
            ],
            [
              37.6334033,
              55.7345578
            ],
            [
              37.6338748,
              55.7339291
            ],
            [
              37.6342639,
              55.733323
            ],
            [
              37.6352688,
              55.731662
            ],
            [
              37.6360878,
              55.7307538
            ],
            [
              37.6365342,
              55.7301741
            ],
            [
              37.6366162,
              55.7299629
            ],
            [
              37.6367778,
              55.728901
            ],
            [
              37.6368284,
              55.7286888
            ],
            [
              37.6369178,
              55.7284676
            ],
            [
              37.637123,
              55.7281821
            ],
            [
              37.6371848,
              55.728001
            ],
            [
              37.6371975,
              55.7279131
            ],
            [
              37.6372876,
              55.7267426
            ],
            [
              37.6372728,
              55.7265155
            ],
            [
              37.6372226,
              55.7262882
            ],
            [
              37.6364871,
              55.7238685
            ],
            [
              37.6363865,
              55.723335
            ],
            [
              37.6358373,
              55.7220609
            ],
            [
              37.6353956,
              55.7211158
            ],
            [
              37.6331676,
              55.715914
            ],
            [
              37.6331547,
              55.7157678
            ],
            [
              37.6332399,
              55.7145948
            ],
            [
              37.6332316,
              55.7144553
            ],
            [
              37.6330646,
              55.713109
            ],
            [
              37.6330084,
              55.7120428
            ],
            [
              37.6329716,
              55.7119087
            ],
            [
              37.6328529,
              55.7117823
            ],
            [
              37.6326534,
              55.7116949
            ],
            [
              37.6323794,
              55.7116581
            ],
            [
              37.6279846,
              55.7115421
            ],
            [
              37.621684,
              55.7114257
            ],
            [
              37.6215042,
              55.7114363
            ],
            [
              37.6212077,
              55.7115395
            ],
            [
              37.6210213,
              55.7115678
            ],
            [
              37.6067257,
              55.7119593
            ],
            [
              37.6065594,
              55.7119296
            ],
            [
              37.6064417,
              55.7118568
            ],
            [
              37.6063051,
              55.711516
            ],
            [
              37.6061972,
              55.7113929
            ],
            [
              37.6060213,
              55.711298
            ],
            [
              37.6057263,
              55.7112276
            ],
            [
              37.6010888,
              55.7105559
            ],
            [
              37.599915,
              55.7104277
            ],
            [
              37.5973375,
              55.710015
            ],
            [
              37.5937646,
              55.7098782
            ],
            [
              37.5935691,
              55.709844
            ],
            [
              37.5924639,
              55.7092319
            ],
            [
              37.5866557,
              55.7059239
            ],
            [
              37.583495,
              55.7041479
            ],
            [
              37.5751047,
              55.6993665
            ],
            [
              37.5664624,
              55.6944811
            ],
            [
              37.5621589,
              55.6920324
            ],
            [
              37.5615762,
              55.6916834
            ],
            [
              37.5613487,
              55.6915227
            ],
            [
              37.5600646,
              55.6904932
            ],
            [
              37.5538456,
              55.6853969
            ],
            [
              37.5524524,
              55.6842325
            ],
            [
              37.5523245,
              55.68416
            ],
            [
              37.5521877,
              55.6841181
            ],
            [
              37.5520363,
              55.6840977
            ],
            [
              37.5518794,
              55.6841003
            ],
            [
              37.5517667,
              55.6841192
            ],
            [
              37.5516631,
              55.6841616
            ],
            [
              37.5474663,
              55.6865626
            ],
            [
              37.5446357,
              55.6881174
            ],
            [
              37.5422155,
              55.6895597
            ],
            [
              37.5395842,
              55.6910847
            ],
            [
              37.5374136,
              55.6923232
            ],
            [
              37.5365838,
              55.6927805
            ],
            [
              37.5363891,
              55.6928308
            ],
            [
              37.5361784,
              55.692809
            ],
            [
              37.5357785,
              55.6926111
            ],
            [
              37.535714,
              55.6925505
            ],
            [
              37.5356795,
              55.6924825
            ],
            [
              37.5356838,
              55.6923884
            ],
            [
              37.5357683,
              55.6922813
            ],
            [
              37.5362512,
              55.692035
            ],
            [
              37.5364194,
              55.6920093
            ],
            [
              37.5365581,
              55.6920194
            ],
            [
              37.536701,
              55.6920605
            ],
            [
              37.5368702,
              55.6921427
            ]
          ]
        ]
      },
      "properties": {
        "ID": 4425,
        "RouteNumber": "39",
        "RouteName": "Метро «Университет» - Метро «Чистые пруды»",
        "TrackOfFollowing": "Метро «Университет» - Метро «Университет» - Драмтеатр - Ленинский проспект - Центр здоровья детей - Черёмушкинский рынок - Университетская клиника РУДН - Дарвиновский музей - Ул. Губкина - Улица Ляпунова - Ул. Бардина - Просп. 60 - летия Октября - Метро «Ленинский проспект» (южный вход) - Метро «Ленинский проспект» (северный вход) - Ул. Орджоникидзе - Донской монастырь - Серпуховский Вал - Хавская ул. - Даниловский рынок - Метро «Тульская» - Свято - Данилов монастырь - Улица Даниловский Вал - 1 - й Павловский переулок - Дубининская улица, 57 - Жуков проезд - Стремянный переулок - Павелецкий вокзал - Метро «Павелецкая» - Вишняковский переулок - Метро «Третьяковская» - Метро «Новокузнецкая» - Комиссариатский мост - Яузские Ворота - Воронцово Поле - Казарменный переулок - Покровские Ворота - Большой Харитоньевский переулок - Метро «Чистые пруды»",
        "ReverseTrackOfFollowing": "Метро «Чистые пруды» - Б. Харитоньевский пер. - Покровские Ворота - Казарменный переулок - Воронцово Поле - Яузские Ворота - Комиссариатский мост - Метро «Новокузнецкая» - Метро «Третьяковская» - Вишняковский переулок - Метро «Павелецкая» - Павелецкий вокзал - Стремянный переулок - Жуков проезд - Дубининская улица, 57 - 1 - й Павловский переулок - Улица Даниловский Вал - Свято - Данилов монастырь - Метро «Тульская» - Даниловский рынок - Хавская ул. - Серпуховский Вал - Донской монастырь - Улица Орджоникидзе - Метро «Ленинский проспект» (северный вход) - Метро «Ленинский проспект» (южный вход) - Просп. 60 - летия Октября - Ул. Бардина - Ул. Ляпунова - Ул. Губкина - Дарвиновский музей - Университетская клиника РУДН - Черёмушкинский рынок - Центр здоровья детей - Ленинский проспект - Драмтеатр - Метро «Университет» - Метро «Университет»",
        "TypeOfTransport": "Трамвай",
        "CarrierName": "ГУП Мосгортранс",
        "global_id": 5102385154
      }
    },
    {
      "type": "Feature",
      "geometry": {
        "type": "MultiLineString",
        "coordinates": [
          [
            [
              37.6949851,
              55.715211
            ],
            [
              37.6954544,
              55.7153232
            ],
            [
              37.6956368,
              55.7153945
            ],
            [
              37.6957051,
              55.7154526
            ],
            [
              37.6957421,
              55.7155184
            ],
            [
              37.6957484,
              55.7155846
            ],
            [
              37.6957196,
              55.715666
            ],
            [
              37.6956527,
              55.715739
            ],
            [
              37.6955776,
              55.7157862
            ],
            [
              37.6954011,
              55.7158364
            ],
            [
              37.6951234,
              55.7158441
            ],
            [
              37.694897,
              55.715804
            ],
            [
              37.694749,
              55.7157344
            ],
            [
              37.6946334,
              55.715631
            ],
            [
              37.6943757,
              55.7151847
            ],
            [
              37.6943258,
              55.7151214
            ],
            [
              37.6942252,
              55.7150488
            ],
            [
              37.6940994,
              55.7149938
            ],
            [
              37.6923782,
              55.7144935
            ],
            [
              37.6903272,
              55.7139348
            ],
            [
              37.6873851,
              55.7130784
            ],
            [
              37.6826784,
              55.7117438
            ],
            [
              37.6823758,
              55.7116919
            ],
            [
              37.6820814,
              55.7116987
            ],
            [
              37.6814649,
              55.7117468
            ],
            [
              37.6813044,
              55.7117731
            ],
            [
              37.6811449,
              55.7118263
            ],
            [
              37.680999,
              55.7119274
            ],
            [
              37.6799821,
              55.7132925
            ],
            [
              37.6788107,
              55.7148037
            ],
            [
              37.6772284,
              55.7169095
            ],
            [
              37.6767118,
              55.7175678
            ],
            [
              37.6743974,
              55.7206662
            ],
            [
              37.6742489,
              55.7207971
            ],
            [
              37.6740783,
              55.7208762
            ],
            [
              37.6738931,
              55.7209261
            ],
            [
              37.6714789,
              55.7213915
            ],
            [
              37.6642604,
              55.7228419
            ],
            [
              37.6641332,
              55.7229013
            ],
            [
              37.6641001,
              55.7229665
            ],
            [
              37.6640982,
              55.7236673
            ],
            [
              37.6640697,
              55.7242318
            ],
            [
              37.6640036,
              55.724736
            ],
            [
              37.6639022,
              55.7252836
            ],
            [
              37.6637984,
              55.725714
            ],
            [
              37.6636724,
              55.7261854
            ],
            [
              37.663484,
              55.7267437
            ],
            [
              37.6631789,
              55.7274208
            ],
            [
              37.6625053,
              55.7285497
            ],
            [
              37.6611888,
              55.7304546
            ],
            [
              37.6610974,
              55.7306063
            ],
            [
              37.6611058,
              55.730667
            ],
            [
              37.661146,
              55.7307124
            ],
            [
              37.6613112,
              55.7307764
            ],
            [
              37.6647612,
              55.7315268
            ],
            [
              37.6651924,
              55.7316073
            ],
            [
              37.6666777,
              55.7318238
            ],
            [
              37.6668407,
              55.731864
            ],
            [
              37.6669853,
              55.7319225
            ],
            [
              37.6671842,
              55.7320396
            ],
            [
              37.6676764,
              55.7324252
            ],
            [
              37.6688409,
              55.7334969
            ],
            [
              37.6691184,
              55.7338023
            ],
            [
              37.6704773,
              55.7350134
            ],
            [
              37.6706941,
              55.7352335
            ],
            [
              37.6708688,
              55.7355058
            ],
            [
              37.6711014,
              55.7359254
            ],
            [
              37.6719582,
              55.737079
            ],
            [
              37.672804,
              55.7383362
            ],
            [
              37.6734161,
              55.7392968
            ],
            [
              37.6738744,
              55.7398413
            ],
            [
              37.6739033,
              55.7399648
            ],
            [
              37.6737455,
              55.741395
            ],
            [
              37.6736961,
              55.7414597
            ],
            [
              37.67362,
              55.7414879
            ],
            [
              37.6735424,
              55.7414935
            ],
            [
              37.6715442,
              55.7413418
            ],
            [
              37.6714552,
              55.7413624
            ],
            [
              37.6714076,
              55.7414026
            ],
            [
              37.6712066,
              55.7422038
            ],
            [
              37.6710185,
              55.7431207
            ],
            [
              37.6706155,
              55.7448337
            ],
            [
              37.6702023,
              55.7468476
            ],
            [
              37.6702293,
              55.7469524
            ],
            [
              37.670293,
              55.7470261
            ],
            [
              37.6706054,
              55.7472819
            ],
            [
              37.670885,
              55.7475661
            ],
            [
              37.6714993,
              55.7482869
            ],
            [
              37.6716387,
              55.7483862
            ],
            [
              37.6718024,
              55.7484505
            ],
            [
              37.6720537,
              55.7484878
            ],
            [
              37.6727721,
              55.748466
            ],
            [
              37.6736235,
              55.7483872
            ],
            [
              37.6742863,
              55.7482795
            ],
            [
              37.674762,
              55.7482606
            ],
            [
              37.6749967,
              55.7482898
            ],
            [
              37.67521,
              55.7483523
            ],
            [
              37.6753297,
              55.748405
            ],
            [
              37.6755769,
              55.7485823
            ],
            [
              37.675975,
              55.7489923
            ],
            [
              37.6762367,
              55.7492937
            ],
            [
              37.6766212,
              55.7498818
            ],
            [
              37.677026,
              55.7504421
            ],
            [
              37.679298,
              55.7534323
            ],
            [
              37.6795382,
              55.7537044
            ],
            [
              37.6796216,
              55.7537767
            ],
            [
              37.684264,
              55.7570916
            ],
            [
              37.6857993,
              55.7582127
            ],
            [
              37.6858499,
              55.7583005
            ],
            [
              37.685914,
              55.7585961
            ],
            [
              37.6861498,
              55.75933
            ],
            [
              37.686199,
              55.7596017
            ],
            [
              37.686169,
              55.7596716
            ],
            [
              37.6860856,
              55.759748
            ],
            [
              37.6856489,
              55.7599736
            ],
            [
              37.6855875,
              55.7600486
            ],
            [
              37.685579,
              55.7601473
            ],
            [
              37.6857008,
              55.7603235
            ],
            [
              37.6867533,
              55.7614299
            ],
            [
              37.6868051,
              55.7615162
            ],
            [
              37.6868079,
              55.7615841
            ],
            [
              37.686784,
              55.7616369
            ],
            [
              37.6867398,
              55.7616839
            ],
            [
              37.6866533,
              55.7617349
            ],
            [
              37.6843218,
              55.7625797
            ],
            [
              37.6841326,
              55.7626365
            ],
            [
              37.6837268,
              55.7627239
            ],
            [
              37.6833019,
              55.7627756
            ],
            [
              37.680416,
              55.7630283
            ],
            [
              37.6802838,
              55.7630593
            ],
            [
              37.6802085,
              55.7631184
            ],
            [
              37.6801948,
              55.7631636
            ],
            [
              37.6803323,
              55.7637298
            ],
            [
              37.6803341,
              55.7640211
            ],
            [
              37.6800661,
              55.7658887
            ],
            [
              37.6796983,
              55.7679427
            ],
            [
              37.6793289,
              55.7697023
            ],
            [
              37.6788885,
              55.7713977
            ],
            [
              37.6785222,
              55.7729725
            ],
            [
              37.6784904,
              55.7732236
            ],
            [
              37.6778765,
              55.7753394
            ],
            [
              37.6778313,
              55.775431
            ],
            [
              37.6777571,
              55.7755117
            ],
            [
              37.6776096,
              55.7756066
            ],
            [
              37.6756314,
              55.7765705
            ],
            [
              37.6741225,
              55.7772904
            ],
            [
              37.6740157,
              55.7773169
            ],
            [
              37.6739046,
              55.7773134
            ],
            [
              37.6737972,
              55.7772862
            ],
            [
              37.6725469,
              55.7766953
            ],
            [
              37.671271,
              55.7761451
            ],
            [
              37.6710336,
              55.7760638
            ],
            [
              37.670933,
              55.7760615
            ],
            [
              37.670843,
              55.7760806
            ],
            [
              37.6704136,
              55.7763949
            ],
            [
              37.669169,
              55.7774433
            ],
            [
              37.6675671,
              55.7785852
            ],
            [
              37.6664712,
              55.7792888
            ],
            [
              37.6664152,
              55.7793424
            ],
            [
              37.6663881,
              55.7793948
            ],
            [
              37.6664043,
              55.7794937
            ],
            [
              37.6664986,
              55.7795774
            ],
            [
              37.6683763,
              55.7805335
            ],
            [
              37.6701984,
              55.7814929
            ],
            [
              37.6747304,
              55.7841392
            ],
            [
              37.6750136,
              55.7843598
            ],
            [
              37.6751601,
              55.7845066
            ],
            [
              37.6756352,
              55.7851888
            ],
            [
              37.6759883,
              55.785515
            ],
            [
              37.67628,
              55.785755
            ],
            [
              37.6767288,
              55.7860636
            ],
            [
              37.6801106,
              55.7886977
            ],
            [
              37.6805655,
              55.7890219
            ],
            [
              37.6807571,
              55.7891353
            ],
            [
              37.6811817,
              55.789339
            ],
            [
              37.6818463,
              55.7895967
            ],
            [
              37.6819744,
              55.7896766
            ],
            [
              37.6820311,
              55.7897735
            ],
            [
              37.6820323,
              55.7898329
            ],
            [
              37.6820091,
              55.7898915
            ],
            [
              37.6809883,
              55.791361
            ],
            [
              37.6808746,
              55.7914186
            ],
            [
              37.6807501,
              55.7914306
            ],
            [
              37.6799562,
              55.7912606
            ],
            [
              37.6798093,
              55.7912832
            ],
            [
              37.6797451,
              55.7913322
            ],
            [
              37.6793027,
              55.7920544
            ]
          ],
          [
            [
              37.679729,
              55.7913586
            ],
            [
              37.6792905,
              55.7920764
            ],
            [
              37.6792793,
              55.7921232
            ],
            [
              37.679295,
              55.7921855
            ],
            [
              37.6793441,
              55.792242
            ],
            [
              37.6794218,
              55.7922872
            ],
            [
              37.6797284,
              55.7923593
            ],
            [
              37.6800293,
              55.7924035
            ],
            [
              37.6801508,
              55.7923883
            ],
            [
              37.6802347,
              55.7923578
            ],
            [
              37.6803194,
              55.7922888
            ],
            [
              37.6810915,
              55.791112
            ],
            [
              37.6818943,
              55.7899671
            ],
            [
              37.6819689,
              55.7898292
            ],
            [
              37.6819676,
              55.7897768
            ],
            [
              37.6819446,
              55.789726
            ],
            [
              37.6818825,
              55.7896657
            ],
            [
              37.6818158,
              55.7896292
            ],
            [
              37.6811434,
              55.7893677
            ],
            [
              37.6807124,
              55.789161
            ],
            [
              37.6805178,
              55.7890457
            ],
            [
              37.6800592,
              55.788719
            ],
            [
              37.6766722,
              55.7860808
            ],
            [
              37.6763731,
              55.7858671
            ],
            [
              37.6758028,
              55.785403
            ],
            [
              37.6756585,
              55.7852683
            ],
            [
              37.6755272,
              55.7851176
            ],
            [
              37.6751873,
              55.7845996
            ],
            [
              37.675108,
              55.7845058
            ],
            [
              37.674836,
              55.7842622
            ],
            [
              37.6745606,
              55.7840679
            ],
            [
              37.6701543,
              55.7815195
            ],
            [
              37.6683331,
              55.7805599
            ],
            [
              37.6664543,
              55.7796033
            ],
            [
              37.6663438,
              55.779505
            ],
            [
              37.6663241,
              55.7794056
            ],
            [
              37.6663521,
              55.7793405
            ],
            [
              37.6664238,
              55.7792648
            ],
            [
              37.6675176,
              55.7785626
            ],
            [
              37.6691184,
              55.7774215
            ],
            [
              37.669434,
              55.7771424
            ],
            [
              37.6703615,
              55.7763741
            ],
            [
              37.6707441,
              55.7760826
            ],
            [
              37.6708108,
              55.776048
            ],
            [
              37.6709252,
              55.7760232
            ],
            [
              37.6710476,
              55.7760267
            ],
            [
              37.671308,
              55.7761159
            ],
            [
              37.6725872,
              55.7766675
            ],
            [
              37.673833,
              55.7772565
            ],
            [
              37.6740049,
              55.7772815
            ],
            [
              37.6740843,
              55.7772616
            ],
            [
              37.6755898,
              55.7765432
            ],
            [
              37.6775672,
              55.7755798
            ],
            [
              37.6776735,
              55.7755162
            ],
            [
              37.6777518,
              55.7754439
            ],
            [
              37.6778138,
              55.775333
            ],
            [
              37.6784224,
              55.7732458
            ],
            [
              37.678459,
              55.7729811
            ],
            [
              37.6788254,
              55.7713928
            ],
            [
              37.6792657,
              55.7696976
            ],
            [
              37.6796349,
              55.7679388
            ],
            [
              37.6800027,
              55.7658855
            ],
            [
              37.6802706,
              55.764018
            ],
            [
              37.6802678,
              55.7637185
            ],
            [
              37.6801308,
              55.7631808
            ],
            [
              37.6801402,
              55.7631215
            ],
            [
              37.6801734,
              55.7630777
            ],
            [
              37.6802428,
              55.7630329
            ],
            [
              37.6804262,
              55.7629912
            ],
            [
              37.6832907,
              55.7627402
            ],
            [
              37.6837091,
              55.7626894
            ],
            [
              37.6839129,
              55.7626496
            ],
            [
              37.6842898,
              55.7625487
            ],
            [
              37.6865497,
              55.7617322
            ],
            [
              37.6866875,
              55.7616634
            ],
            [
              37.6867246,
              55.761624
            ],
            [
              37.6867469,
              55.7615658
            ],
            [
              37.6867363,
              55.7615067
            ],
            [
              37.6866974,
              55.7614423
            ],
            [
              37.6856417,
              55.7603361
            ],
            [
              37.6855346,
              55.7602049
            ],
            [
              37.6854954,
              55.7601107
            ],
            [
              37.6854676,
              55.7599626
            ],
            [
              37.6854491,
              55.7596892
            ],
            [
              37.6853215,
              55.7586312
            ],
            [
              37.6853393,
              55.7585883
            ],
            [
              37.6853862,
              55.7585447
            ],
            [
              37.6857228,
              55.7583871
            ],
            [
              37.685769,
              55.7583247
            ],
            [
              37.6857701,
              55.7582682
            ],
            [
              37.6857043,
              55.7581885
            ],
            [
              37.6795047,
              55.7537413
            ],
            [
              37.6792397,
              55.7534467
            ],
            [
              37.6774755,
              55.7511324
            ],
            [
              37.6767226,
              55.7501215
            ],
            [
              37.6761204,
              55.7492408
            ],
            [
              37.6756216,
              55.7486841
            ],
            [
              37.675428,
              55.7485235
            ],
            [
              37.6752907,
              55.7484357
            ],
            [
              37.6751,
              55.7483575
            ],
            [
              37.6748685,
              55.7483125
            ],
            [
              37.6745723,
              55.74829
            ],
            [
              37.6743147,
              55.7483028
            ],
            [
              37.6732262,
              55.7484698
            ],
            [
              37.6727721,
              55.7485022
            ],
            [
              37.672119,
              55.7485282
            ],
            [
              37.6718976,
              55.7485067
            ],
            [
              37.6717219,
              55.7484694
            ],
            [
              37.6715542,
              55.748402
            ],
            [
              37.6714484,
              55.7483256
            ],
            [
              37.6704392,
              55.7472018
            ],
            [
              37.6701999,
              55.7470238
            ],
            [
              37.6701528,
              55.7469493
            ],
            [
              37.6701391,
              55.7468431
            ],
            [
              37.6705522,
              55.7448294
            ],
            [
              37.6709553,
              55.7431162
            ],
            [
              37.6711435,
              55.7421993
            ],
            [
              37.6713462,
              55.7413882
            ],
            [
              37.6714284,
              55.7413243
            ],
            [
              37.6715499,
              55.7413046
            ],
            [
              37.6735273,
              55.7414537
            ],
            [
              37.6736502,
              55.7414262
            ],
            [
              37.6736833,
              55.7413807
            ],
            [
              37.6738322,
              55.7400511
            ],
            [
              37.6738347,
              55.7399367
            ],
            [
              37.6738073,
              55.7398535
            ],
            [
              37.6732911,
              55.7392165
            ],
            [
              37.6727491,
              55.7383545
            ],
            [
              37.671899,
              55.7370924
            ],
            [
              37.671417,
              55.7364346
            ],
            [
              37.6706871,
              55.7355499
            ],
            [
              37.6703136,
              55.7351643
            ],
            [
              37.6688238,
              55.7338948
            ],
            [
              37.6684883,
              55.7336456
            ],
            [
              37.6661751,
              55.7322331
            ],
            [
              37.6657332,
              55.7319906
            ],
            [
              37.6655386,
              55.7319006
            ],
            [
              37.6646198,
              55.731606
            ],
            [
              37.6635892,
              55.7313327
            ],
            [
              37.6612169,
              55.7307899
            ],
            [
              37.6611415,
              55.7307616
            ],
            [
              37.6610713,
              55.7307115
            ],
            [
              37.6610398,
              55.7306636
            ],
            [
              37.6610352,
              55.7305998
            ],
            [
              37.6611284,
              55.7304441
            ],
            [
              37.6624457,
              55.7285369
            ],
            [
              37.6631182,
              55.72741
            ],
            [
              37.6634218,
              55.7267359
            ],
            [
              37.6636096,
              55.7261795
            ],
            [
              37.6637354,
              55.7257089
            ],
            [
              37.663839,
              55.7252794
            ],
            [
              37.6639402,
              55.7247328
            ],
            [
              37.6640061,
              55.72423
            ],
            [
              37.6640345,
              55.7236666
            ],
            [
              37.6640465,
              55.7229474
            ],
            [
              37.6640832,
              55.722877
            ],
            [
              37.6641437,
              55.7228369
            ],
            [
              37.6642248,
              55.7228109
            ],
            [
              37.671458,
              55.7213576
            ],
            [
              37.6738705,
              55.7208925
            ],
            [
              37.6740828,
              55.7208295
            ],
            [
              37.6742265,
              55.7207551
            ],
            [
              37.6743284,
              55.7206612
            ],
            [
              37.6765872,
              55.7176241
            ],
            [
              37.6771699,
              55.7168952
            ],
            [
              37.6787523,
              55.7147894
            ],
            [
              37.6799236,
              55.7132783
            ],
            [
              37.6809487,
              55.711901
            ],
            [
              37.6811035,
              55.7117898
            ],
            [
              37.6812288,
              55.7117424
            ],
            [
              37.6813776,
              55.7117116
            ],
            [
              37.6821752,
              55.7116474
            ],
            [
              37.6824767,
              55.7116622
            ],
            [
              37.6827062,
              55.7117114
            ],
            [
              37.6874139,
              55.7130464
            ],
            [
              37.6903556,
              55.7139027
            ],
            [
              37.6924059,
              55.7144612
            ],
            [
              37.6944589,
              55.7150691
            ],
            [
              37.6954544,
              55.7153232
            ],
            [
              37.6955918,
              55.7153696
            ],
            [
              37.6956746,
              55.7154222
            ],
            [
              37.6957278,
              55.715485
            ],
            [
              37.6957484,
              55.7155846
            ],
            [
              37.6957196,
              55.715666
            ],
            [
              37.6956527,
              55.715739
            ],
            [
              37.6955776,
              55.7157862
            ],
            [
              37.695481,
              55.7158211
            ],
            [
              37.6952158,
              55.7158488
            ],
            [
              37.6949653,
              55.7158226
            ],
            [
              37.6947756,
              55.715751
            ],
            [
              37.6946666,
              55.7156661
            ],
            [
              37.6945991,
              55.7155848
            ],
            [
              37.6944631,
              55.715339
            ]
          ]
        ]
      },
      "properties": {
        "ID": 4427,
        "RouteNumber": "43",
        "RouteName": "МЦК Угрешская - Метро «Сокольники»",
        "TrackOfFollowing": "МЦК Угрешская - Угрешский переезд - Городской сборный пункт - Южнопортовая ул. - МЦК Дубровка - Метро «Дубровка» - Новоостаповская ул. - ЦНИИТМАШ - Шарикоподшипниковская улица - Арбатецкая улица - Динамовская улица - Метро «Пролетарская» - Кинотеатр «Победа» - Абельмановская Застава - Малая Андроньевская улица - Малый Рогожский переулок - Большая Андроньевская улица - Музей имени Андрея Рублёва - Дом культуры «Серп и Молот» - Трамвайно - ремонтный завод - Библиотека имени Грина - Красноказарменная площадь - Лефортовский мост - Лефортовская набережная - МГТУ имени Н.Э. Баумана - Денисовский переулок - Аптекарский переулок - Метро «Бауманская» - Басманный двор - Поликлиника - Ольховская улица - Метро «Красносельская» - Леснорядская улица - МЦД Митьково - Метро «Сокольники» - 2 - й Полевой переулок - Метро «Сокольники»",
        "ReverseTrackOfFollowing": "Метро «Сокольники» - Метро «Сокольники» - 2 - й Полевой переулок - Метро «Сокольники» - МЦД Митьково - Леснорядская улица - Метро «Красносельская» - Нижняя Красносельская улица - Ольховская улица - Поликлиника - Басманный двор - Метро «Бауманская» - Аптекарский переулок - Денисовский переулок - МГТУ имени Н.Э. Баумана - Лефортовская наб. - Лефортовский мост - Красноказарменная площадь - Библиотека имени Грина - Трамвайно - ремонтный завод - Дом культуры «Серп и Молот» - Музей имени Андрея Рублёва - Большая Андроньевская улица - Малый Рогожский переулок - Малая Андроньевская улица - Абельмановская Застава - Кинотеатр «Победа» - Метро «Пролетарская» - Динамовская улица - Арбатецкая улица - Шарикоподшипниковская ул. - ЦНИИТМАШ - Новоостаповская улица - Метро «Дубровка» - МЦК Дубровка - Южнопортовая ул. - Городской сборный пункт - Угрешский переезд - МЦК Угрешская",
        "TypeOfTransport": "Трамвай",
        "CarrierName": "ГУП Мосгортранс",
        "global_id": 5102385157
      }
    },
    {
      "type": "Feature",
      "geometry": {
        "type": "MultiLineString",
        "coordinates": [
          [
            [
              37.8230986,
              55.7942528
            ],
            [
              37.8230899,
              55.7943137
            ],
            [
              37.8230566,
              55.7943576
            ],
            [
              37.8230008,
              55.7943936
            ],
            [
              37.8229079,
              55.7944221
            ],
            [
              37.8226169,
              55.794435
            ],
            [
              37.8224338,
              55.7944066
            ],
            [
              37.8223422,
              55.7943739
            ],
            [
              37.822273,
              55.7943267
            ],
            [
              37.8222282,
              55.7942548
            ],
            [
              37.8222331,
              55.7938214
            ],
            [
              37.8222164,
              55.7937571
            ],
            [
              37.8221652,
              55.7936988
            ],
            [
              37.8220802,
              55.7936512
            ],
            [
              37.8218835,
              55.7936108
            ],
            [
              37.8141198,
              55.7934923
            ],
            [
              37.7997673,
              55.7932417
            ],
            [
              37.7934944,
              55.7931834
            ],
            [
              37.7906626,
              55.7931303
            ],
            [
              37.7892906,
              55.7930743
            ],
            [
              37.7865019,
              55.7930271
            ],
            [
              37.7850595,
              55.7929816
            ],
            [
              37.7843074,
              55.7929366
            ],
            [
              37.7827559,
              55.792805
            ],
            [
              37.7770955,
              55.7919993
            ],
            [
              37.7766137,
              55.7918799
            ],
            [
              37.7681454,
              55.7893426
            ],
            [
              37.7669909,
              55.7890326
            ],
            [
              37.7660996,
              55.7888522
            ],
            [
              37.7652366,
              55.7887046
            ],
            [
              37.7643104,
              55.7885696
            ],
            [
              37.7626148,
              55.7883938
            ],
            [
              37.7625204,
              55.7883602
            ],
            [
              37.7624224,
              55.7882992
            ],
            [
              37.7623717,
              55.7882416
            ],
            [
              37.7623424,
              55.7881482
            ],
            [
              37.7626367,
              55.7869918
            ],
            [
              37.7626352,
              55.7869558
            ],
            [
              37.7626024,
              55.7868864
            ],
            [
              37.7625333,
              55.7868261
            ],
            [
              37.7623465,
              55.7867594
            ],
            [
              37.7613528,
              55.7867344
            ],
            [
              37.7491554,
              55.7865979
            ],
            [
              37.7477153,
              55.7865676
            ],
            [
              37.747392,
              55.7865183
            ],
            [
              37.7471514,
              55.7864187
            ],
            [
              37.7463363,
              55.785899
            ],
            [
              37.7459354,
              55.7855749
            ],
            [
              37.7458455,
              55.7854834
            ],
            [
              37.7457471,
              55.7853286
            ],
            [
              37.7457188,
              55.7852202
            ],
            [
              37.7460548,
              55.7834249
            ],
            [
              37.7460524,
              55.7833699
            ],
            [
              37.7460175,
              55.7833099
            ],
            [
              37.7459473,
              55.7832613
            ],
            [
              37.7458509,
              55.7832302
            ],
            [
              37.7369622,
              55.7829338
            ],
            [
              37.7345372,
              55.7828425
            ],
            [
              37.7307177,
              55.7826665
            ],
            [
              37.7267841,
              55.7825073
            ],
            [
              37.721793,
              55.7823302
            ],
            [
              37.7192944,
              55.7822173
            ],
            [
              37.7191034,
              55.7821691
            ],
            [
              37.718971,
              55.7821084
            ],
            [
              37.7188245,
              55.7819992
            ],
            [
              37.7187479,
              55.781874
            ],
            [
              37.7182756,
              55.7803377
            ],
            [
              37.7182732,
              55.7802465
            ],
            [
              37.7183208,
              55.7801593
            ],
            [
              37.7183868,
              55.7801017
            ],
            [
              37.7184749,
              55.7800544
            ],
            [
              37.718731,
              55.7799806
            ],
            [
              37.719047,
              55.7799256
            ],
            [
              37.720423,
              55.7797409
            ],
            [
              37.7205553,
              55.7797
            ],
            [
              37.7206498,
              55.7796336
            ],
            [
              37.7206882,
              55.7795689
            ],
            [
              37.7206183,
              55.7789111
            ],
            [
              37.7206034,
              55.7786338
            ],
            [
              37.7206123,
              55.7785412
            ],
            [
              37.7206944,
              55.7783171
            ],
            [
              37.7208216,
              55.7781363
            ],
            [
              37.7220694,
              55.7767988
            ],
            [
              37.7323368,
              55.7654644
            ],
            [
              37.7345631,
              55.7630835
            ],
            [
              37.7393771,
              55.7578247
            ],
            [
              37.7406024,
              55.7565298
            ],
            [
              37.7406377,
              55.7564603
            ],
            [
              37.7406202,
              55.7563856
            ],
            [
              37.7405384,
              55.7563146
            ],
            [
              37.7403412,
              55.7562419
            ],
            [
              37.7354883,
              55.755281
            ],
            [
              37.7176375,
              55.751807
            ],
            [
              37.7172898,
              55.7517458
            ],
            [
              37.7165031,
              55.7516415
            ],
            [
              37.7157358,
              55.7514973
            ],
            [
              37.7153906,
              55.7514228
            ],
            [
              37.7148934,
              55.7512729
            ],
            [
              37.7125125,
              55.7507996
            ],
            [
              37.705386,
              55.7493954
            ],
            [
              37.6988351,
              55.7481506
            ],
            [
              37.698083,
              55.7480683
            ],
            [
              37.6926382,
              55.7476768
            ],
            [
              37.6815154,
              55.7468261
            ],
            [
              37.6811418,
              55.7468324
            ],
            [
              37.6806478,
              55.7468836
            ],
            [
              37.6805095,
              55.7468628
            ],
            [
              37.6803982,
              55.7468121
            ],
            [
              37.6794405,
              55.7457515
            ],
            [
              37.6788711,
              55.7451705
            ],
            [
              37.6782227,
              55.7445682
            ],
            [
              37.6774399,
              55.7437488
            ],
            [
              37.6742943,
              55.7403872
            ],
            [
              37.67364,
              55.7396553
            ],
            [
              37.6732911,
              55.7392165
            ],
            [
              37.6727491,
              55.7383545
            ],
            [
              37.671899,
              55.7370924
            ],
            [
              37.671417,
              55.7364346
            ],
            [
              37.6706871,
              55.7355499
            ],
            [
              37.6703136,
              55.7351643
            ],
            [
              37.6688238,
              55.7338948
            ],
            [
              37.6684883,
              55.7336456
            ],
            [
              37.6681398,
              55.7334246
            ],
            [
              37.6661751,
              55.7322331
            ],
            [
              37.6657332,
              55.7319906
            ],
            [
              37.6655386,
              55.7319006
            ],
            [
              37.6646198,
              55.731606
            ],
            [
              37.6635892,
              55.7313327
            ],
            [
              37.6612826,
              55.7308088
            ],
            [
              37.661159,
              55.7307698
            ],
            [
              37.6610956,
              55.7307332
            ],
            [
              37.6610454,
              55.730676
            ],
            [
              37.6610323,
              55.7306254
            ],
            [
              37.6610444,
              55.7305747
            ],
            [
              37.6611284,
              55.7304441
            ],
            [
              37.6624457,
              55.7285369
            ],
            [
              37.6631182,
              55.72741
            ],
            [
              37.6634218,
              55.7267359
            ],
            [
              37.6636096,
              55.7261795
            ],
            [
              37.6637354,
              55.7257089
            ],
            [
              37.663839,
              55.7252794
            ],
            [
              37.6639402,
              55.7247328
            ],
            [
              37.6640061,
              55.72423
            ],
            [
              37.6640345,
              55.7236666
            ],
            [
              37.6640465,
              55.7229474
            ],
            [
              37.6640832,
              55.722877
            ],
            [
              37.6641437,
              55.7228369
            ],
            [
              37.6642248,
              55.7228109
            ],
            [
              37.671458,
              55.7213576
            ],
            [
              37.6738705,
              55.7208925
            ],
            [
              37.6740416,
              55.7208444
            ],
            [
              37.6741941,
              55.7207758
            ],
            [
              37.6743284,
              55.7206612
            ],
            [
              37.6765872,
              55.7176241
            ],
            [
              37.6771699,
              55.7168952
            ],
            [
              37.6785988,
              55.7149921
            ],
            [
              37.678632,
              55.7148786
            ],
            [
              37.6785874,
              55.714775
            ],
            [
              37.6785008,
              55.7147097
            ],
            [
              37.6781601,
              55.7145914
            ],
            [
              37.6780955,
              55.7145548
            ],
            [
              37.6780446,
              55.7144735
            ],
            [
              37.6780442,
              55.7144308
            ],
            [
              37.678068,
              55.7143756
            ],
            [
              37.6781513,
              55.714305
            ],
            [
              37.678255,
              55.714265
            ],
            [
              37.6783797,
              55.7142474
            ],
            [
              37.6785168,
              55.7142499
            ],
            [
              37.6786777,
              55.7142828
            ],
            [
              37.678786,
              55.7143304
            ],
            [
              37.6788586,
              55.7143859
            ],
            [
              37.6789025,
              55.7144686
            ]
          ],
          [
            [
              37.6782565,
              55.7146258
            ],
            [
              37.6781454,
              55.7145852
            ],
            [
              37.6780856,
              55.7145461
            ],
            [
              37.6780483,
              55.7144876
            ],
            [
              37.6780442,
              55.7144308
            ],
            [
              37.678068,
              55.7143756
            ],
            [
              37.6781339,
              55.7143153
            ],
            [
              37.6783023,
              55.7142551
            ],
            [
              37.6785168,
              55.7142499
            ],
            [
              37.6787348,
              55.7143045
            ],
            [
              37.6788586,
              55.7143859
            ],
            [
              37.6789147,
              55.7145167
            ],
            [
              37.6789136,
              55.7146399
            ],
            [
              37.6788808,
              55.7147148
            ],
            [
              37.6772284,
              55.7169095
            ],
            [
              37.6767118,
              55.7175678
            ],
            [
              37.6743974,
              55.7206662
            ],
            [
              37.6742489,
              55.7207971
            ],
            [
              37.6740783,
              55.7208762
            ],
            [
              37.6738931,
              55.7209261
            ],
            [
              37.6714789,
              55.7213915
            ],
            [
              37.6642604,
              55.7228419
            ],
            [
              37.6641332,
              55.7229013
            ],
            [
              37.6641001,
              55.7229665
            ],
            [
              37.6640982,
              55.7236673
            ],
            [
              37.6640697,
              55.7242318
            ],
            [
              37.6640036,
              55.724736
            ],
            [
              37.6639022,
              55.7252836
            ],
            [
              37.6637984,
              55.725714
            ],
            [
              37.6636724,
              55.7261854
            ],
            [
              37.663484,
              55.7267437
            ],
            [
              37.6631789,
              55.7274208
            ],
            [
              37.6625053,
              55.7285497
            ],
            [
              37.6611888,
              55.7304546
            ],
            [
              37.6611046,
              55.7305863
            ],
            [
              37.6610952,
              55.7306267
            ],
            [
              37.6611116,
              55.7306766
            ],
            [
              37.6611573,
              55.7307204
            ],
            [
              37.6613112,
              55.7307764
            ],
            [
              37.6636376,
              55.7312926
            ],
            [
              37.6651924,
              55.7316073
            ],
            [
              37.6667881,
              55.7318485
            ],
            [
              37.6669853,
              55.7319225
            ],
            [
              37.6671842,
              55.7320396
            ],
            [
              37.6676764,
              55.7324252
            ],
            [
              37.6688409,
              55.7334969
            ],
            [
              37.6691184,
              55.7338023
            ],
            [
              37.6704773,
              55.7350134
            ],
            [
              37.6706941,
              55.7352335
            ],
            [
              37.6708688,
              55.7355058
            ],
            [
              37.6711014,
              55.7359254
            ],
            [
              37.6719582,
              55.737079
            ],
            [
              37.672804,
              55.7383362
            ],
            [
              37.6734161,
              55.7392968
            ],
            [
              37.6736975,
              55.7396397
            ],
            [
              37.6743518,
              55.740372
            ],
            [
              37.6774961,
              55.7437319
            ],
            [
              37.6782778,
              55.7445503
            ],
            [
              37.6789262,
              55.7451525
            ],
            [
              37.6794964,
              55.7457343
            ],
            [
              37.6804476,
              55.7467894
            ],
            [
              37.6805384,
              55.7468308
            ],
            [
              37.6806707,
              55.7468479
            ],
            [
              37.681135,
              55.7467967
            ],
            [
              37.6816146,
              55.7467973
            ],
            [
              37.6926406,
              55.7476454
            ],
            [
              37.6980927,
              55.7480328
            ],
            [
              37.6988507,
              55.7481158
            ],
            [
              37.7054065,
              55.7493614
            ],
            [
              37.7125336,
              55.7507657
            ],
            [
              37.7149153,
              55.7512401
            ],
            [
              37.7154162,
              55.7513909
            ],
            [
              37.7157561,
              55.7514642
            ],
            [
              37.716521,
              55.751608
            ],
            [
              37.717306,
              55.751712
            ],
            [
              37.7176571,
              55.7517737
            ],
            [
              37.7355092,
              55.7552471
            ],
            [
              37.7403451,
              55.7562047
            ],
            [
              37.7405674,
              55.7562817
            ],
            [
              37.7406733,
              55.7563734
            ],
            [
              37.7406971,
              55.7564578
            ],
            [
              37.7406645,
              55.756543
            ],
            [
              37.7394335,
              55.7578414
            ],
            [
              37.7346187,
              55.7630992
            ],
            [
              37.7323934,
              55.7654809
            ],
            [
              37.7221261,
              55.7768152
            ],
            [
              37.7208803,
              55.7781503
            ],
            [
              37.7207554,
              55.7783276
            ],
            [
              37.7206758,
              55.7785438
            ],
            [
              37.7206672,
              55.7786357
            ],
            [
              37.7206858,
              55.7789149
            ],
            [
              37.7207525,
              55.7795628
            ],
            [
              37.7207063,
              55.7796502
            ],
            [
              37.7205982,
              55.7797266
            ],
            [
              37.7204445,
              55.7797747
            ],
            [
              37.7187546,
              55.7800139
            ],
            [
              37.718526,
              55.7800783
            ],
            [
              37.718384,
              55.7801721
            ],
            [
              37.7183388,
              55.7802507
            ],
            [
              37.7183389,
              55.7803333
            ],
            [
              37.7188105,
              55.7818671
            ],
            [
              37.7188297,
              55.781923
            ],
            [
              37.718882,
              55.7819836
            ],
            [
              37.7190135,
              55.7820816
            ],
            [
              37.7192989,
              55.7821845
            ],
            [
              37.7217973,
              55.7822943
            ],
            [
              37.7267884,
              55.7824715
            ],
            [
              37.7307226,
              55.7826307
            ],
            [
              37.7345418,
              55.7828067
            ],
            [
              37.7369665,
              55.7828979
            ],
            [
              37.7458707,
              55.7831983
            ],
            [
              37.7459861,
              55.7832356
            ],
            [
              37.7460701,
              55.7832937
            ],
            [
              37.7461029,
              55.7833402
            ],
            [
              37.7461202,
              55.783423
            ],
            [
              37.7457873,
              55.7852235
            ],
            [
              37.7458055,
              55.7853212
            ],
            [
              37.7458996,
              55.785469
            ],
            [
              37.7459866,
              55.7855575
            ],
            [
              37.7464131,
              55.7858952
            ],
            [
              37.7471703,
              55.7863778
            ],
            [
              37.7474203,
              55.7864862
            ],
            [
              37.7477208,
              55.7865318
            ],
            [
              37.7491574,
              55.786562
            ],
            [
              37.761354,
              55.7866984
            ],
            [
              37.7623648,
              55.786725
            ],
            [
              37.7624956,
              55.7867601
            ],
            [
              37.7626028,
              55.7868171
            ],
            [
              37.7626617,
              55.7868732
            ],
            [
              37.7626983,
              55.7869508
            ],
            [
              37.7626988,
              55.7870048
            ],
            [
              37.7624046,
              55.7881234
            ],
            [
              37.7624096,
              55.7881811
            ],
            [
              37.762459,
              55.7882639
            ],
            [
              37.7625378,
              55.7883212
            ],
            [
              37.7626156,
              55.7883535
            ],
            [
              37.7627498,
              55.7883806
            ],
            [
              37.7636326,
              55.788456
            ],
            [
              37.7643246,
              55.7885346
            ],
            [
              37.7652538,
              55.78867
            ],
            [
              37.7661196,
              55.7888181
            ],
            [
              37.7670146,
              55.7889993
            ],
            [
              37.7681742,
              55.7893106
            ],
            [
              37.7766428,
              55.791848
            ],
            [
              37.7771189,
              55.7919659
            ],
            [
              37.7827693,
              55.7927699
            ],
            [
              37.7843154,
              55.7929009
            ],
            [
              37.7850649,
              55.7929458
            ],
            [
              37.7865041,
              55.7929912
            ],
            [
              37.7893058,
              55.7930386
            ],
            [
              37.7906654,
              55.7930944
            ],
            [
              37.797287,
              55.7931933
            ],
            [
              37.799738,
              55.7932058
            ],
            [
              37.8141216,
              55.7934564
            ],
            [
              37.8225245,
              55.7935855
            ],
            [
              37.8227076,
              55.7935967
            ],
            [
              37.8228548,
              55.7936286
            ],
            [
              37.8229773,
              55.7936846
            ],
            [
              37.8230631,
              55.7937592
            ],
            [
              37.8231064,
              55.7938689
            ],
            [
              37.8230981,
              55.7942781
            ],
            [
              37.8230839,
              55.7943252
            ],
            [
              37.8230446,
              55.7943675
            ],
            [
              37.8229661,
              55.7944074
            ],
            [
              37.8227788,
              55.7944364
            ],
            [
              37.8225112,
              55.7944222
            ],
            [
              37.8223225,
              55.7943633
            ],
            [
              37.8222491,
              55.7942992
            ],
            [
              37.8222255,
              55.7942396
            ],
            [
              37.8222331,
              55.7938214
            ],
            [
              37.8222164,
              55.7937571
            ],
            [
              37.8221652,
              55.7936988
            ],
            [
              37.8220802,
              55.7936512
            ],
            [
              37.8218835,
              55.7936108
            ]
          ]
        ]
      },
      "properties": {
        "ID": 4428,
        "RouteNumber": "12",
        "RouteName": "Восточное Измайлово - МЦК Дубровка",
        "TrackOfFollowing": "Восточное Измайлово - Восточное Измайлово - 15 - я Парковая улица - 13 - я Парковая улица - Районный центр «Первомайский» - Метро «Первомайская» - 7 - я Парковая улица - 5 - я Парковая улица - 3 - я Парковая улица - Измайловская площадь - Галерея «Измайлово» - Главная аллея - Метро «Партизанская» - Мост Окружной железной дороги - Фортунатовская улица - Улица Ибрагимова - Метро «Семёновская» - Метро «Семёновская» - Кирпичная улица - Вольная улица - 10 - я улица Соколиной Горы - 9 - я улица Соколиной Горы - 8 - я улица Соколиной Горы - Проспект Будённого, 24 - 5 - я улица Соколиной Горы - 3 - я улица Соколиной Горы - Гаражная улица - Улица Буракова - Д/к «Компрессор» - Метро «Авиамоторная» - Метро «Авиамоторная» - Горбатый путепровод - Душинская улица - Старообрядческая улица - МЦД Москва - Товарная - Метро «Площадь Ильича» - Библиотечная улица - Новорогожская улица - Малая Андроньевская улица - Абельмановская Застава - Кинотеатр «Победа» - Метро «Пролетарская» - Динамовская улица - Арбатецкая улица - Шарикоподшипниковская ул. - ЦНИИТМАШ - Новоостаповская улица - Метро «Дубровка» - МЦК Дубровка - МЦК Дубровка",
        "ReverseTrackOfFollowing": "МЦК Дубровка - МЦК Дубровка - Метро «Дубровка» - Новоостаповская ул. - ЦНИИТМАШ - Шарикоподшипниковская улица - Арбатецкая улица - Динамовская улица - Метро «Пролетарская» - Кинотеатр «Победа» - Абельмановская Застава - Новорогожская улица - Библиотечная улица - Метро «Площадь Ильича» - МЦД Москва - Товарная - Старообрядческая улица - Душинская улица - Горбатый путепровод - Метро «Авиамоторная» - Метро «Авиамоторная» - Дом культуры «Компрессор» - Улица Буракова - Гаражная улица - 3 - я улица Соколиной Горы - 5 - я улица Соколиной Горы - Проспект Будённого, 24 - 8 - я улица Соколиной Горы - 9 - я улица Соколиной Горы - 10 - я улица Соколиной Горы - Вольная улица - Кирпичная улица - Метро «Семёновская» - Улица Ибрагимова - Фортунатовская ул. - Мост Окружной железной дороги - Метро «Партизанская» - Главная аллея - Галерея «Измайлово» - Измайловская площадь - 3 - я Парковая улица - 5 - я Парковая улица - 7 - я Парковая улица - Метро «Первомайская» - Районный центр «Первомайский» - 13 - я Парковая улица - 15 - я Парковая улица - Восточное Измайлово",
        "TypeOfTransport": "Трамвай",
        "CarrierName": "ГУП Мосгортранс",
        "global_id": 5102385147
      }
    },
    {
      "type": "Feature",
      "geometry": {
        "type": "MultiLineString",
        "coordinates": [
          [
            [
              37.766367,
              55.8289703
            ],
            [
              37.7663313,
              55.8286437
            ],
            [
              37.7663053,
              55.8285485
            ],
            [
              37.7662532,
              55.8284567
            ],
            [
              37.7661762,
              55.8283706
            ],
            [
              37.7660183,
              55.8282568
            ],
            [
              37.7583282,
              55.8245174
            ],
            [
              37.75676,
              55.8237328
            ],
            [
              37.7550939,
              55.8228393
            ],
            [
              37.7541748,
              55.822306
            ],
            [
              37.7516117,
              55.8210044
            ],
            [
              37.751085,
              55.8207682
            ],
            [
              37.7476953,
              55.8194732
            ],
            [
              37.7467426,
              55.8190886
            ],
            [
              37.7425851,
              55.8172968
            ],
            [
              37.7421545,
              55.8170816
            ],
            [
              37.7388516,
              55.8151743
            ],
            [
              37.7355419,
              55.8132922
            ],
            [
              37.7320315,
              55.8112473
            ],
            [
              37.7308855,
              55.8106025
            ],
            [
              37.727174,
              55.8084476
            ],
            [
              37.726724,
              55.8081655
            ],
            [
              37.7265977,
              55.8080282
            ],
            [
              37.7265467,
              55.8079291
            ],
            [
              37.7265232,
              55.8077751
            ],
            [
              37.7265476,
              55.8076705
            ],
            [
              37.7283405,
              55.8042561
            ],
            [
              37.7285528,
              55.8038129
            ],
            [
              37.7286738,
              55.8035157
            ],
            [
              37.7286613,
              55.803462
            ],
            [
              37.7286201,
              55.8034132
            ],
            [
              37.7284922,
              55.8033532
            ],
            [
              37.7269987,
              55.8030655
            ],
            [
              37.7269028,
              55.8030226
            ],
            [
              37.7268491,
              55.8029805
            ],
            [
              37.7268143,
              55.8029325
            ],
            [
              37.7268005,
              55.802864
            ],
            [
              37.7269955,
              55.8024423
            ],
            [
              37.7275536,
              55.8013757
            ],
            [
              37.7289584,
              55.7987566
            ],
            [
              37.7290082,
              55.7986408
            ],
            [
              37.7289928,
              55.7985503
            ],
            [
              37.7289326,
              55.7984708
            ],
            [
              37.7288192,
              55.7983982
            ],
            [
              37.7287135,
              55.79836
            ],
            [
              37.7119004,
              55.7954105
            ],
            [
              37.711032,
              55.7952694
            ],
            [
              37.7104706,
              55.7952278
            ],
            [
              37.7099294,
              55.7952133
            ],
            [
              37.7061977,
              55.7952705
            ],
            [
              37.7056332,
              55.7952563
            ],
            [
              37.7050788,
              55.7952204
            ],
            [
              37.7001537,
              55.7946127
            ],
            [
              37.6944261,
              55.7938594
            ],
            [
              37.6915086,
              55.7934259
            ],
            [
              37.6913058,
              55.7933582
            ],
            [
              37.6890872,
              55.7924489
            ],
            [
              37.6812587,
              55.7894138
            ],
            [
              37.6807124,
              55.789161
            ],
            [
              37.6805178,
              55.7890457
            ],
            [
              37.6800592,
              55.788719
            ],
            [
              37.6766722,
              55.7860808
            ],
            [
              37.6763731,
              55.7858671
            ],
            [
              37.6759514,
              55.7855267
            ],
            [
              37.6756585,
              55.7852683
            ],
            [
              37.6755272,
              55.7851176
            ],
            [
              37.6751873,
              55.7845996
            ],
            [
              37.675108,
              55.7845058
            ],
            [
              37.674836,
              55.7842622
            ],
            [
              37.6745232,
              55.7840444
            ],
            [
              37.6701543,
              55.7815195
            ],
            [
              37.6683331,
              55.7805599
            ],
            [
              37.6668997,
              55.7798252
            ],
            [
              37.6658071,
              55.7793267
            ],
            [
              37.6636344,
              55.7784176
            ],
            [
              37.6615247,
              55.7774978
            ],
            [
              37.6592697,
              55.7764451
            ],
            [
              37.6588097,
              55.7762437
            ],
            [
              37.6577835,
              55.7758812
            ],
            [
              37.6570561,
              55.7756401
            ],
            [
              37.6566562,
              55.775524
            ],
            [
              37.6539265,
              55.7749734
            ],
            [
              37.6525725,
              55.774626
            ],
            [
              37.652426,
              55.7746116
            ],
            [
              37.6522864,
              55.7746404
            ],
            [
              37.6520968,
              55.774742
            ],
            [
              37.6504207,
              55.7757537
            ],
            [
              37.6503278,
              55.7758276
            ],
            [
              37.6502838,
              55.7759054
            ],
            [
              37.6503073,
              55.7759859
            ],
            [
              37.6503585,
              55.7760323
            ],
            [
              37.6506743,
              55.7762197
            ],
            [
              37.6507082,
              55.7762596
            ],
            [
              37.6507186,
              55.7763035
            ],
            [
              37.6507044,
              55.7763471
            ],
            [
              37.6506715,
              55.7763826
            ],
            [
              37.650306,
              55.7766424
            ],
            [
              37.6501689,
              55.7766982
            ],
            [
              37.6500003,
              55.7767054
            ],
            [
              37.649909,
              55.7766863
            ],
            [
              37.6495972,
              55.7765719
            ]
          ],
          [
            [
              37.6504005,
              55.776055
            ],
            [
              37.6506743,
              55.7762197
            ],
            [
              37.6507131,
              55.7762704
            ],
            [
              37.6507145,
              55.7763256
            ],
            [
              37.6506715,
              55.7763826
            ],
            [
              37.6502343,
              55.7766796
            ],
            [
              37.6500733,
              55.7767088
            ],
            [
              37.649909,
              55.7766863
            ],
            [
              37.6495495,
              55.7765523
            ],
            [
              37.6494732,
              55.7765019
            ],
            [
              37.6494283,
              55.7764406
            ],
            [
              37.649418,
              55.7763911
            ],
            [
              37.6494285,
              55.7763417
            ],
            [
              37.6494987,
              55.7762602
            ],
            [
              37.6509855,
              55.7753584
            ],
            [
              37.6522888,
              55.7745764
            ],
            [
              37.6524456,
              55.774519
            ],
            [
              37.6526554,
              55.7744971
            ],
            [
              37.652818,
              55.7745215
            ],
            [
              37.6535046,
              55.7747046
            ],
            [
              37.6540915,
              55.7749536
            ],
            [
              37.6542751,
              55.7750116
            ],
            [
              37.6568117,
              55.775534
            ],
            [
              37.657925,
              55.7758875
            ],
            [
              37.6588473,
              55.7762147
            ],
            [
              37.6593097,
              55.7764172
            ],
            [
              37.6615644,
              55.7774698
            ],
            [
              37.6626382,
              55.777944
            ],
            [
              37.6658443,
              55.7792977
            ],
            [
              37.6666058,
              55.7796338
            ],
            [
              37.6683763,
              55.7805335
            ],
            [
              37.6701984,
              55.7814929
            ],
            [
              37.674451,
              55.7839703
            ],
            [
              37.6748178,
              55.7842004
            ],
            [
              37.6750903,
              55.7844321
            ],
            [
              37.6752606,
              55.7846347
            ],
            [
              37.6756352,
              55.7851888
            ],
            [
              37.6759883,
              55.785515
            ],
            [
              37.67628,
              55.785755
            ],
            [
              37.6767288,
              55.7860636
            ],
            [
              37.6801106,
              55.7886977
            ],
            [
              37.6805655,
              55.7890219
            ],
            [
              37.6807571,
              55.7891353
            ],
            [
              37.6812951,
              55.7893843
            ],
            [
              37.6891238,
              55.7924194
            ],
            [
              37.6914696,
              55.7933748
            ],
            [
              37.6916719,
              55.7934221
            ],
            [
              37.6944412,
              55.7938245
            ],
            [
              37.7001676,
              55.7945776
            ],
            [
              37.7050891,
              55.795185
            ],
            [
              37.7056377,
              55.7952204
            ],
            [
              37.7061987,
              55.7952345
            ],
            [
              37.7099301,
              55.7951774
            ],
            [
              37.7104752,
              55.795192
            ],
            [
              37.7110452,
              55.7952343
            ],
            [
              37.7119193,
              55.7953762
            ],
            [
              37.7254247,
              55.7977551
            ],
            [
              37.7287558,
              55.7983269
            ],
            [
              37.7288969,
              55.7983738
            ],
            [
              37.728982,
              55.798424
            ],
            [
              37.729044,
              55.7984839
            ],
            [
              37.7290794,
              55.7985503
            ],
            [
              37.7290821,
              55.7986426
            ],
            [
              37.7276148,
              55.8013859
            ],
            [
              37.7270568,
              55.8024521
            ],
            [
              37.7268646,
              55.8028651
            ],
            [
              37.7268703,
              55.8029086
            ],
            [
              37.7269055,
              55.802963
            ],
            [
              37.7270311,
              55.8030345
            ],
            [
              37.7285692,
              55.803336
            ],
            [
              37.7286882,
              55.8034068
            ],
            [
              37.7287225,
              55.8034519
            ],
            [
              37.7287375,
              55.8035166
            ],
            [
              37.7286146,
              55.8038218
            ],
            [
              37.7284019,
              55.8042658
            ],
            [
              37.726598,
              55.8077038
            ],
            [
              37.7265888,
              55.8078233
            ],
            [
              37.7266106,
              55.8079212
            ],
            [
              37.7266934,
              55.8080614
            ],
            [
              37.7267801,
              55.8081471
            ],
            [
              37.7272202,
              55.8084228
            ],
            [
              37.7282744,
              55.8090392
            ],
            [
              37.730931,
              55.8105772
            ],
            [
              37.7320769,
              55.811222
            ],
            [
              37.7355791,
              55.8132622
            ],
            [
              37.738897,
              55.8151491
            ],
            [
              37.7422135,
              55.8170654
            ],
            [
              37.7425077,
              55.8172165
            ],
            [
              37.7467806,
              55.8190598
            ],
            [
              37.7477319,
              55.8194438
            ],
            [
              37.751144,
              55.8207492
            ],
            [
              37.7516768,
              55.8209885
            ],
            [
              37.7542817,
              55.8223136
            ],
            [
              37.7551391,
              55.822814
            ],
            [
              37.75643,
              55.8235142
            ],
            [
              37.7583703,
              55.8244904
            ],
            [
              37.7646142,
              55.8275254
            ],
            [
              37.7660419,
              55.8282287
            ],
            [
              37.7663244,
              55.8283879
            ],
            [
              37.7668758,
              55.8285993
            ],
            [
              37.7675834,
              55.8289306
            ],
            [
              37.7677952,
              55.8290926
            ],
            [
              37.7682329,
              55.829309
            ],
            [
              37.7682832,
              55.8293784
            ],
            [
              37.768272,
              55.8294532
            ],
            [
              37.7682017,
              55.8295169
            ],
            [
              37.7677932,
              55.8297337
            ],
            [
              37.7676914,
              55.8297612
            ],
            [
              37.7675727,
              55.8297642
            ],
            [
              37.7674288,
              55.8297284
            ],
            [
              37.7665425,
              55.8292901
            ],
            [
              37.7664461,
              55.8292233
            ],
            [
              37.7663913,
              55.8291436
            ],
            [
              37.7663217,
              55.8285958
            ],
            [
              37.7662825,
              55.828502
            ],
            [
              37.7661762,
              55.8283706
            ],
            [
              37.7659557,
              55.8282239
            ],
            [
              37.7645725,
              55.8275526
            ]
          ]
        ]
      },
      "properties": {
        "ID": 4429,
        "RouteNumber": "13",
        "RouteName": "Метрогородок - Каланчёвская улица",
        "TrackOfFollowing": "Метрогородок - Детские ясли - сад - Монтажная ул. - Консультативно - диагностический центр - Тагильская ул. - Плодоовощной комбинат - Метро «Бульвар Рокоссовского» - Районный центр «Янтарь» - Просторная ул. - Черкизово - Халтуринская улица - Зельев переулок - Метро «Преображенская площадь» - Преображенская площадь - Трамв. депо им. Русакова - Малая Остроумовская улица - Клуб Русакова - Сцена «Мельников» - Метро «Сокольники» - МЦД Митьково - Леснорядская улица - Метро «Красносельская» - Метро «Комсомольская» - МЦД Площадь трёх вокзалов - Каланчёвская улица",
        "ReverseTrackOfFollowing": "Каланчёвская улица - Каланчёвская улица - МЦД Площадь трёх вокзалов - Метро «Комсомольская» - Метро «Красносельская» - Леснорядская улица - МЦД Митьково - Метро «Сокольники» - Клуб Русакова - Сцена «Мельников» - М. Остроумовская ул. - Трамвайное депо имени Русакова - Преображенская площадь - Метро «Преображенская площадь» - Зельев пер. - Халтуринская улица - Черкизово - Просторная ул. - Районный центр «Янтарь» - Метро «Бульвар Рокоссовского» - Плодоовощной комбинат - Тагильская улица - Консультативно - диагностический центр - Монтажная ул. - Детские ясли - сад - Метрогородок - Метрогородок",
        "TypeOfTransport": "Трамвай",
        "CarrierName": "ГУП Мосгортранс",
        "global_id": 5102385144
      }
    },
    {
      "type": "Feature",
      "geometry": {
        "type": "MultiLineString",
        "coordinates": [
          [
            [
              37.5360166,
              55.6927356
            ],
            [
              37.5357785,
              55.6926111
            ],
            [
              37.5356874,
              55.6925057
            ],
            [
              37.5356744,
              55.6924353
            ],
            [
              37.535694,
              55.6923655
            ],
            [
              37.5357449,
              55.6923009
            ],
            [
              37.5358237,
              55.6922459
            ],
            [
              37.5362208,
              55.692045
            ],
            [
              37.5363499,
              55.6920146
            ],
            [
              37.5364546,
              55.6920092
            ],
            [
              37.5365912,
              55.6920262
            ],
            [
              37.536701,
              55.6920605
            ],
            [
              37.5371337,
              55.6922803
            ],
            [
              37.5372754,
              55.6922951
            ],
            [
              37.5374306,
              55.6922596
            ],
            [
              37.5395388,
              55.6910596
            ],
            [
              37.5421696,
              55.6895349
            ],
            [
              37.5445965,
              55.6880916
            ],
            [
              37.5474215,
              55.6865371
            ],
            [
              37.5516184,
              55.684136
            ],
            [
              37.5517732,
              55.6840785
            ],
            [
              37.5519854,
              55.68406
            ],
            [
              37.5522104,
              55.6840845
            ],
            [
              37.5523619,
              55.6841308
            ],
            [
              37.552505,
              55.6842123
            ],
            [
              37.5538945,
              55.6853733
            ],
            [
              37.560117,
              55.6904729
            ],
            [
              37.5614635,
              55.691555
            ],
            [
              37.5616732,
              55.6916932
            ],
            [
              37.5665044,
              55.6944543
            ],
            [
              37.575147,
              55.6993398
            ],
            [
              37.5835294,
              55.7041192
            ],
            [
              37.5866983,
              55.705897
            ],
            [
              37.5934712,
              55.7097503
            ],
            [
              37.5936327,
              55.7098169
            ],
            [
              37.5938027,
              55.7098443
            ],
            [
              37.5973494,
              55.7099796
            ],
            [
              37.5999171,
              55.7103906
            ],
            [
              37.6015889,
              55.7105879
            ],
            [
              37.6058413,
              55.7112136
            ],
            [
              37.6060628,
              55.7112647
            ],
            [
              37.606206,
              55.7113362
            ],
            [
              37.606311,
              55.7114279
            ],
            [
              37.6063842,
              55.7115526
            ],
            [
              37.6079882,
              55.7158984
            ],
            [
              37.608303,
              55.716733
            ],
            [
              37.6085147,
              55.7172466
            ],
            [
              37.6093375,
              55.7194788
            ],
            [
              37.6096888,
              55.720395
            ],
            [
              37.6107631,
              55.7230443
            ],
            [
              37.6112054,
              55.7244139
            ],
            [
              37.6113686,
              55.7249808
            ],
            [
              37.6117482,
              55.7267971
            ],
            [
              37.6118203,
              55.7268523
            ],
            [
              37.611916,
              55.7268734
            ],
            [
              37.6127048,
              55.7268803
            ],
            [
              37.6128381,
              55.7268934
            ],
            [
              37.6129554,
              55.7269315
            ],
            [
              37.6130425,
              55.72699
            ],
            [
              37.613089,
              55.7270617
            ],
            [
              37.6130916,
              55.7271223
            ]
          ],
          [
            [
              37.6117365,
              55.7267636
            ],
            [
              37.6117726,
              55.7268242
            ],
            [
              37.6118821,
              55.7268696
            ],
            [
              37.6127048,
              55.7268803
            ],
            [
              37.6128997,
              55.7269096
            ],
            [
              37.6130035,
              55.7269586
            ],
            [
              37.6130713,
              55.7270247
            ],
            [
              37.613089,
              55.7270617
            ],
            [
              37.6130892,
              55.727138
            ],
            [
              37.6130432,
              55.7272098
            ],
            [
              37.6129423,
              55.727276
            ],
            [
              37.6128177,
              55.7273149
            ],
            [
              37.6127018,
              55.7273272
            ],
            [
              37.6120301,
              55.7273306
            ],
            [
              37.611865,
              55.7272831
            ],
            [
              37.6117641,
              55.7271953
            ],
            [
              37.6114107,
              55.7254226
            ],
            [
              37.6112822,
              55.7248969
            ],
            [
              37.6111427,
              55.7244202
            ],
            [
              37.6107008,
              55.7230516
            ],
            [
              37.6096263,
              55.720402
            ],
            [
              37.6092821,
              55.7194998
            ],
            [
              37.6084526,
              55.7172544
            ],
            [
              37.6079237,
              55.7159062
            ],
            [
              37.6063197,
              55.7115496
            ],
            [
              37.6062607,
              55.7114518
            ],
            [
              37.6061972,
              55.7113929
            ],
            [
              37.6060213,
              55.711298
            ],
            [
              37.6057263,
              55.7112276
            ],
            [
              37.6010888,
              55.7105559
            ],
            [
              37.599915,
              55.7104277
            ],
            [
              37.5973375,
              55.710015
            ],
            [
              37.5937302,
              55.7098766
            ],
            [
              37.5935691,
              55.709844
            ],
            [
              37.5934296,
              55.709778
            ],
            [
              37.5866557,
              55.7059239
            ],
            [
              37.583495,
              55.7041479
            ],
            [
              37.5751047,
              55.6993665
            ],
            [
              37.5664624,
              55.6944811
            ],
            [
              37.5621589,
              55.6920324
            ],
            [
              37.5615762,
              55.6916834
            ],
            [
              37.5613487,
              55.6915227
            ],
            [
              37.5600646,
              55.6904932
            ],
            [
              37.5538456,
              55.6853969
            ],
            [
              37.5524524,
              55.6842325
            ],
            [
              37.5523653,
              55.6841782
            ],
            [
              37.5521877,
              55.6841181
            ],
            [
              37.5519844,
              55.684096
            ],
            [
              37.5517959,
              55.6841121
            ],
            [
              37.5516631,
              55.6841616
            ],
            [
              37.5474663,
              55.6865626
            ],
            [
              37.5446357,
              55.6881174
            ],
            [
              37.5422155,
              55.6895597
            ],
            [
              37.5395842,
              55.6910847
            ],
            [
              37.5374136,
              55.6923232
            ],
            [
              37.5365838,
              55.6927805
            ],
            [
              37.5363891,
              55.6928308
            ],
            [
              37.5361784,
              55.692809
            ],
            [
              37.5357785,
              55.6926111
            ],
            [
              37.535714,
              55.6925505
            ],
            [
              37.5356795,
              55.6924825
            ],
            [
              37.5356838,
              55.6923884
            ],
            [
              37.5357683,
              55.6922813
            ],
            [
              37.5362512,
              55.692035
            ],
            [
              37.5364194,
              55.6920093
            ],
            [
              37.5365581,
              55.6920194
            ],
            [
              37.536701,
              55.6920605
            ],
            [
              37.5368702,
              55.6921427
            ]
          ]
        ]
      },
      "properties": {
        "ID": 4430,
        "RouteNumber": "14",
        "RouteName": "Метро «Университет» - Метро «Октябрьская»",
        "TrackOfFollowing": "Метро «Университет» - Метро «Университет» - Драмтеатр - Ленинский проспект - Центр здоровья детей - Черёмушкинский рынок - Университетская клиника РУДН - Дарвиновский музей - Ул. Губкина - Улица Ляпунова - Ул. Бардина - Просп. 60 - летия Октября - Метро «Ленинский проспект» (южный вход) - Метро «Ленинский проспект» (северный вход) - Ул. Орджоникидзе - Донской монастырь - Серпуховский Вал - Улица Лестева - Метро «Шаболовская» - Фабрика «Ударница» - Метро «Октябрьская» - Метро «Октябрьская»",
        "ReverseTrackOfFollowing": "Метро «Октябрьская» - Метро «Октябрьская» - Фабрика «Ударница» - Метро «Шаболовская» - Улица Лестева - Серпуховский Вал - Донской монастырь - Улица Орджоникидзе - Метро «Ленинский проспект» (северный вход) - Метро «Ленинский проспект» (южный вход) - Просп. 60 - летия Октября - Ул. Бардина - Ул. Ляпунова - Ул. Губкина - Дарвиновский музей - Университетская клиника РУДН - Черёмушкинский рынок - Центр здоровья детей - Ленинский проспект - Драмтеатр - Метро «Университет» - Метро «Университет»",
        "TypeOfTransport": "Трамвай",
        "CarrierName": "ГУП Мосгортранс",
        "global_id": 5102385146
      }
    },
    {
      "type": "Feature",
      "geometry": {
        "type": "MultiLineString",
        "coordinates": [
          [
            [
              37.5886432,
              55.5952159
            ],
            [
              37.5887988,
              55.5951188
            ],
            [
              37.588985,
              55.5950532
            ],
            [
              37.5909448,
              55.5947187
            ],
            [
              37.5911615,
              55.594723
            ],
            [
              37.5913588,
              55.594774
            ],
            [
              37.5915067,
              55.5948639
            ],
            [
              37.5915613,
              55.5949538
            ],
            [
              37.5915607,
              55.5950276
            ],
            [
              37.5915257,
              55.5950875
            ],
            [
              37.5914347,
              55.5951427
            ],
            [
              37.5913316,
              55.5951665
            ],
            [
              37.5891943,
              55.5951972
            ],
            [
              37.5888708,
              55.5952098
            ],
            [
              37.5887209,
              55.5952397
            ],
            [
              37.5885392,
              55.5953365
            ],
            [
              37.5882635,
              55.5955195
            ],
            [
              37.5880876,
              55.5956623
            ],
            [
              37.5879968,
              55.5957771
            ],
            [
              37.5879387,
              55.5958985
            ],
            [
              37.587916,
              55.5960865
            ],
            [
              37.5879607,
              55.5963404
            ],
            [
              37.589435,
              55.6027099
            ],
            [
              37.5896678,
              55.6035629
            ],
            [
              37.5903428,
              55.606493
            ],
            [
              37.5907547,
              55.6081668
            ],
            [
              37.5911046,
              55.6097449
            ],
            [
              37.5918703,
              55.6127896
            ],
            [
              37.5922433,
              55.6140197
            ],
            [
              37.5928117,
              55.616015
            ],
            [
              37.5935519,
              55.6184988
            ],
            [
              37.5938571,
              55.6195828
            ],
            [
              37.5943355,
              55.6209729
            ],
            [
              37.5945996,
              55.6216253
            ],
            [
              37.5951558,
              55.6228347
            ],
            [
              37.5965273,
              55.6257468
            ],
            [
              37.5967955,
              55.6262378
            ],
            [
              37.597131,
              55.6267153
            ],
            [
              37.597351,
              55.6269798
            ],
            [
              37.6010149,
              55.6312696
            ],
            [
              37.6032872,
              55.6339925
            ],
            [
              37.603656,
              55.6344818
            ],
            [
              37.6039559,
              55.634986
            ],
            [
              37.6040973,
              55.6352839
            ],
            [
              37.604399,
              55.6358434
            ],
            [
              37.6047198,
              55.6365277
            ],
            [
              37.6051464,
              55.6375907
            ],
            [
              37.6053047,
              55.638149
            ],
            [
              37.6054903,
              55.6389404
            ],
            [
              37.6055969,
              55.6396788
            ],
            [
              37.605659,
              55.6407431
            ],
            [
              37.6056612,
              55.6414802
            ],
            [
              37.6055918,
              55.6457495
            ],
            [
              37.6054321,
              55.652067
            ],
            [
              37.6053988,
              55.6542359
            ],
            [
              37.605315,
              55.6564275
            ],
            [
              37.6053427,
              55.6565789
            ],
            [
              37.6054387,
              55.656721
            ],
            [
              37.6058461,
              55.6570699
            ],
            [
              37.6132768,
              55.6631943
            ],
            [
              37.6143164,
              55.6640311
            ],
            [
              37.6144506,
              55.6641049
            ],
            [
              37.6146582,
              55.6641528
            ],
            [
              37.6148454,
              55.6641531
            ],
            [
              37.6174076,
              55.663892
            ],
            [
              37.6208349,
              55.6634679
            ],
            [
              37.621268,
              55.6634297
            ],
            [
              37.6214651,
              55.6634279
            ],
            [
              37.6220236,
              55.6634707
            ],
            [
              37.6226774,
              55.6636269
            ],
            [
              37.6233065,
              55.6638223
            ],
            [
              37.6235395,
              55.6639417
            ],
            [
              37.6237012,
              55.6640451
            ],
            [
              37.6238017,
              55.6641248
            ],
            [
              37.6239797,
              55.6643431
            ],
            [
              37.6240586,
              55.6645128
            ],
            [
              37.6240817,
              55.6646639
            ],
            [
              37.6240537,
              55.6659284
            ],
            [
              37.6240037,
              55.666526
            ],
            [
              37.6239101,
              55.6673413
            ],
            [
              37.6239149,
              55.6674385
            ],
            [
              37.623956,
              55.6675522
            ],
            [
              37.6257508,
              55.6696588
            ],
            [
              37.62587,
              55.6698203
            ],
            [
              37.6272266,
              55.6718733
            ],
            [
              37.6273746,
              55.6721341
            ],
            [
              37.6275591,
              55.6725835
            ],
            [
              37.6276128,
              55.6728612
            ],
            [
              37.6276256,
              55.6730842
            ],
            [
              37.6275997,
              55.6734152
            ],
            [
              37.6275558,
              55.6736708
            ],
            [
              37.6275036,
              55.6738566
            ],
            [
              37.6274243,
              55.6740541
            ],
            [
              37.627306,
              55.6742886
            ],
            [
              37.626682,
              55.6752104
            ],
            [
              37.6265675,
              55.675457
            ],
            [
              37.6255286,
              55.6783082
            ],
            [
              37.624598,
              55.680952
            ],
            [
              37.6244724,
              55.6814502
            ],
            [
              37.6243086,
              55.6819724
            ],
            [
              37.6227301,
              55.6883288
            ],
            [
              37.6224009,
              55.6898703
            ],
            [
              37.6222417,
              55.6904735
            ],
            [
              37.6221757,
              55.6907839
            ],
            [
              37.6221608,
              55.6912342
            ],
            [
              37.6218359,
              55.6928906
            ],
            [
              37.6213922,
              55.6953439
            ],
            [
              37.6212454,
              55.6960558
            ],
            [
              37.6208068,
              55.6984948
            ],
            [
              37.6207414,
              55.6990202
            ],
            [
              37.6207433,
              55.6991875
            ],
            [
              37.6207648,
              55.6993074
            ],
            [
              37.6209305,
              55.699731
            ],
            [
              37.621394,
              55.7006085
            ],
            [
              37.6216063,
              55.7010718
            ],
            [
              37.6218358,
              55.7016533
            ],
            [
              37.6219012,
              55.7017532
            ],
            [
              37.6220406,
              55.7018149
            ],
            [
              37.6221391,
              55.7018256
            ],
            [
              37.6225468,
              55.7018073
            ],
            [
              37.6226372,
              55.7018212
            ],
            [
              37.6227112,
              55.7018537
            ],
            [
              37.6227768,
              55.7019224
            ],
            [
              37.6227883,
              55.7019946
            ],
            [
              37.6226559,
              55.7022165
            ]
          ],
          [
            [
              37.6221642,
              55.7018252
            ],
            [
              37.6225279,
              55.7018069
            ],
            [
              37.6226372,
              55.7018212
            ],
            [
              37.6227112,
              55.7018537
            ],
            [
              37.6227584,
              55.7018952
            ],
            [
              37.6227874,
              55.7019509
            ],
            [
              37.6227845,
              55.702009
            ],
            [
              37.6226559,
              55.7022165
            ],
            [
              37.6225694,
              55.702293
            ],
            [
              37.6224558,
              55.702338
            ],
            [
              37.6223095,
              55.7023572
            ],
            [
              37.6221639,
              55.7023439
            ],
            [
              37.6220515,
              55.7023003
            ],
            [
              37.6219786,
              55.7022296
            ],
            [
              37.6215575,
              55.701112
            ],
            [
              37.6213287,
              55.7006127
            ],
            [
              37.6208067,
              55.6996031
            ],
            [
              37.6207018,
              55.6993126
            ],
            [
              37.6206767,
              55.6990659
            ],
            [
              37.6207434,
              55.6984916
            ],
            [
              37.6211821,
              55.696052
            ],
            [
              37.6213304,
              55.6953296
            ],
            [
              37.6217727,
              55.6928869
            ],
            [
              37.6220976,
              55.69123
            ],
            [
              37.6221124,
              55.6907806
            ],
            [
              37.6221787,
              55.6904688
            ],
            [
              37.6223608,
              55.6898026
            ],
            [
              37.6226671,
              55.6883241
            ],
            [
              37.6230612,
              55.6867901
            ],
            [
              37.6240853,
              55.6826205
            ],
            [
              37.624265,
              55.6819413
            ],
            [
              37.6244103,
              55.6814682
            ],
            [
              37.6245355,
              55.6809455
            ],
            [
              37.6254664,
              55.6783007
            ],
            [
              37.6265054,
              55.6754492
            ],
            [
              37.6266219,
              55.6751986
            ],
            [
              37.6272461,
              55.6742766
            ],
            [
              37.6274414,
              55.673849
            ],
            [
              37.627493,
              55.6736652
            ],
            [
              37.6275364,
              55.6734117
            ],
            [
              37.627562,
              55.6730833
            ],
            [
              37.6275493,
              55.6728626
            ],
            [
              37.6274962,
              55.6725888
            ],
            [
              37.6273141,
              55.672145
            ],
            [
              37.627166,
              55.6718842
            ],
            [
              37.6258104,
              55.6698329
            ],
            [
              37.6256921,
              55.6696726
            ],
            [
              37.6239338,
              55.6676232
            ],
            [
              37.6238682,
              55.667503
            ],
            [
              37.6238465,
              55.6673404
            ],
            [
              37.6239402,
              55.666524
            ],
            [
              37.6239902,
              55.6659273
            ],
            [
              37.6240182,
              55.6646649
            ],
            [
              37.6239959,
              55.6645185
            ],
            [
              37.6239197,
              55.6643549
            ],
            [
              37.623745,
              55.6641412
            ],
            [
              37.6236516,
              55.6640676
            ],
            [
              37.6234945,
              55.663967
            ],
            [
              37.6232682,
              55.663851
            ],
            [
              37.6226496,
              55.6636592
            ],
            [
              37.6220043,
              55.663505
            ],
            [
              37.621466,
              55.6634639
            ],
            [
              37.6212759,
              55.6634654
            ],
            [
              37.6208489,
              55.663503
            ],
            [
              37.61742,
              55.6639273
            ],
            [
              37.614839,
              55.6641901
            ],
            [
              37.6146126,
              55.6641864
            ],
            [
              37.6143961,
              55.6641296
            ],
            [
              37.6142721,
              55.664059
            ],
            [
              37.6131466,
              55.663149
            ],
            [
              37.6057936,
              55.6570901
            ],
            [
              37.6053828,
              55.656738
            ],
            [
              37.6052809,
              55.6565872
            ],
            [
              37.6052516,
              55.6564267
            ],
            [
              37.6053352,
              55.6542354
            ],
            [
              37.6053685,
              55.6520668
            ],
            [
              37.6055283,
              55.6457495
            ],
            [
              37.6055975,
              55.6414881
            ],
            [
              37.6055955,
              55.6407433
            ],
            [
              37.6055465,
              55.6398151
            ],
            [
              37.6054378,
              55.6390027
            ],
            [
              37.6053788,
              55.6387183
            ],
            [
              37.6052419,
              55.6381544
            ],
            [
              37.6050837,
              55.6375964
            ],
            [
              37.6048137,
              55.6369018
            ],
            [
              37.6043379,
              55.6358533
            ],
            [
              37.6040363,
              55.6352938
            ],
            [
              37.6038951,
              55.6349964
            ],
            [
              37.6035967,
              55.6344946
            ],
            [
              37.6032293,
              55.6340072
            ],
            [
              37.6009576,
              55.6312851
            ],
            [
              37.5972936,
              55.6269953
            ],
            [
              37.5970727,
              55.6267296
            ],
            [
              37.5967357,
              55.6262497
            ],
            [
              37.5964663,
              55.6257567
            ],
            [
              37.5945379,
              55.6216339
            ],
            [
              37.5942734,
              55.6209804
            ],
            [
              37.5938954,
              55.6199027
            ],
            [
              37.5928424,
              55.6163421
            ],
            [
              37.5921807,
              55.6140257
            ],
            [
              37.5918207,
              55.6128467
            ],
            [
              37.5910416,
              55.6097496
            ],
            [
              37.5906918,
              55.6081716
            ],
            [
              37.5902798,
              55.6064972
            ],
            [
              37.589605,
              55.603568
            ],
            [
              37.5893722,
              55.602715
            ],
            [
              37.5879343,
              55.5964957
            ],
            [
              37.5878526,
              55.5960883
            ],
            [
              37.5878762,
              55.5958919
            ],
            [
              37.587937,
              55.595765
            ],
            [
              37.5880319,
              55.5956451
            ],
            [
              37.5881589,
              55.595535
            ],
            [
              37.5885852,
              55.5952507
            ],
            [
              37.5887587,
              55.5951402
            ],
            [
              37.5888874,
              55.5950818
            ],
            [
              37.5890366,
              55.5950422
            ],
            [
              37.5909448,
              55.5947187
            ],
            [
              37.5911187,
              55.5947183
            ],
            [
              37.5912843,
              55.5947484
            ],
            [
              37.5914254,
              55.5948059
            ],
            [
              37.5915388,
              55.5948977
            ]
          ]
        ]
      },
      "properties": {
        "ID": 4432,
        "RouteNumber": "16",
        "RouteName": "Чертаново Южное - Даниловская мануфактура",
        "TrackOfFollowing": "Чертаново Южное - Чертаново Южное - Поликлиника - ОВД «Чертаново Южное» - Чертановская улица, 53 - Кировоградские пруды - Чертановская ул., 44 - Чертаново Центральное - Детская стоматологическая п - ка - Чертановская ул., 28 - Кинотеатр «Ашхабад» - Школьный парк - Футбольная школа Чертаново - Сумской проезд - Верхний Чертановский пруд - Метро «Чертановская» - Балаклавский проспект - Черноморский бульв. - Симферопольский бульвар, 20 - Метро «Каховская» - Болотниковская улица - Фруктовая улица - Нахимовский проспект - Симферопольский бульвар - Хлебозаводский пр. - 1 - й Нагатинский пр. - Нижние Котлы - Платформа Нагатинская - Метро «Нагатинская» - МЦК Верхние Котлы - Стадион «Труд» - Даниловская мануфактура - Даниловская мануфактура",
        "ReverseTrackOfFollowing": "Даниловская мануфактура - Даниловская мануфактура - Стадион «Труд» - МЦК Верхние Котлы - Метро «Нагатинская» - Платформа Нагатинская - Нижние Котлы - 1 - й Нагатинский пр. - Хлебозаводский проезд - Симферопольский бульв. - Нахимовский проспект - Фруктовая улица - Болотниковская улица - Метро «Каховская» - Симферопольский бульвар, 20 - Черноморский бульвар - Балаклавский проспект - Метро «Чертановская» - Верхний Чертановский пруд - Сумской проезд - Футбольная школа Чертаново - Школьный парк - Кинотеатр «Ашхабад» - Чертановская ул., 28 - Детская стоматологическая п - ка - Чертаново Центральное - Чертановская ул., 44 - Кировоградские пруды - Чертановская улица, 53 - ОВД «Чертаново Южное» - Поликлиника - Чертаново Южное - Чертаново Южное",
        "TypeOfTransport": "Трамвай",
        "CarrierName": "ГУП Мосгортранс",
        "global_id": 5102385145
      }
    },
    {
      "type": "Feature",
      "geometry": {
        "type": "MultiLineString",
        "coordinates": [
          [
            [
              37.6437051,
              55.8872782
            ],
            [
              37.6430508,
              55.8873434
            ],
            [
              37.6429115,
              55.8873448
            ],
            [
              37.6427181,
              55.887302
            ],
            [
              37.6425803,
              55.8872146
            ],
            [
              37.6425301,
              55.8871211
            ],
            [
              37.6425474,
              55.887024
            ],
            [
              37.6431909,
              55.8862869
            ],
            [
              37.6432177,
              55.886213
            ],
            [
              37.6431939,
              55.8861415
            ],
            [
              37.6389052,
              55.8816338
            ],
            [
              37.6361868,
              55.8788218
            ],
            [
              37.6360769,
              55.8786914
            ],
            [
              37.6359688,
              55.8785007
            ],
            [
              37.6359347,
              55.8784017
            ],
            [
              37.6359165,
              55.878251
            ],
            [
              37.635943,
              55.8780155
            ],
            [
              37.6362459,
              55.8769423
            ],
            [
              37.6372138,
              55.8737791
            ],
            [
              37.6378599,
              55.8715337
            ],
            [
              37.6380223,
              55.8711047
            ],
            [
              37.6381489,
              55.870979
            ],
            [
              37.6383061,
              55.8709042
            ],
            [
              37.6384968,
              55.8708604
            ],
            [
              37.6387021,
              55.8708519
            ],
            [
              37.6420452,
              55.8711503
            ],
            [
              37.6462313,
              55.8715485
            ],
            [
              37.6479968,
              55.8716522
            ],
            [
              37.6492082,
              55.8716596
            ],
            [
              37.6497274,
              55.8716362
            ],
            [
              37.6519542,
              55.871397
            ],
            [
              37.6539178,
              55.8711378
            ],
            [
              37.6574544,
              55.8705771
            ],
            [
              37.6607228,
              55.8700814
            ],
            [
              37.6628427,
              55.8697204
            ],
            [
              37.6631815,
              55.8696064
            ],
            [
              37.663377,
              55.8695069
            ],
            [
              37.6635423,
              55.8693914
            ],
            [
              37.6637252,
              55.8691946
            ],
            [
              37.6637996,
              55.8690517
            ],
            [
              37.6638196,
              55.8689247
            ],
            [
              37.6637862,
              55.8688034
            ],
            [
              37.6632665,
              55.8677493
            ],
            [
              37.6603214,
              55.8620475
            ],
            [
              37.6601278,
              55.8614525
            ],
            [
              37.6600483,
              55.8611055
            ],
            [
              37.6599956,
              55.8605811
            ],
            [
              37.6600185,
              55.8599721
            ],
            [
              37.6601109,
              55.8594547
            ],
            [
              37.6602138,
              55.859081
            ],
            [
              37.660386,
              55.8586539
            ],
            [
              37.6607628,
              55.8579579
            ],
            [
              37.6611713,
              55.8573871
            ],
            [
              37.6614724,
              55.8570481
            ],
            [
              37.6617585,
              55.8567619
            ],
            [
              37.6622648,
              55.8563347
            ],
            [
              37.6626975,
              55.8560264
            ],
            [
              37.6696052,
              55.8515843
            ],
            [
              37.6702575,
              55.8511532
            ],
            [
              37.6703792,
              55.8510598
            ],
            [
              37.670448,
              55.8509833
            ],
            [
              37.6705196,
              55.850847
            ],
            [
              37.670777,
              55.8494916
            ],
            [
              37.6707967,
              55.849126
            ],
            [
              37.6707738,
              55.8487508
            ],
            [
              37.6707257,
              55.8484354
            ],
            [
              37.6702885,
              55.8471128
            ],
            [
              37.6701224,
              55.8466714
            ],
            [
              37.6700356,
              55.8465079
            ],
            [
              37.6699462,
              55.8463825
            ],
            [
              37.6698059,
              55.8462357
            ],
            [
              37.6696443,
              55.8460979
            ],
            [
              37.6667813,
              55.8439949
            ],
            [
              37.6666126,
              55.8438783
            ],
            [
              37.6659673,
              55.8434912
            ],
            [
              37.6647462,
              55.8425723
            ],
            [
              37.6646556,
              55.8424805
            ],
            [
              37.6645901,
              55.8423605
            ],
            [
              37.6645386,
              55.8420587
            ],
            [
              37.6645074,
              55.8419828
            ],
            [
              37.6644281,
              55.841877
            ],
            [
              37.6626366,
              55.8404771
            ],
            [
              37.6619051,
              55.8398601
            ],
            [
              37.6614257,
              55.8394787
            ],
            [
              37.6592129,
              55.8378139
            ],
            [
              37.6577581,
              55.836741
            ],
            [
              37.657542,
              55.8366172
            ],
            [
              37.6565737,
              55.8362635
            ],
            [
              37.6562817,
              55.8360834
            ],
            [
              37.6546511,
              55.834457
            ],
            [
              37.6533182,
              55.8332314
            ],
            [
              37.6515426,
              55.831453
            ],
            [
              37.6514337,
              55.8313676
            ],
            [
              37.6511042,
              55.8311729
            ],
            [
              37.6509326,
              55.8310338
            ],
            [
              37.6489854,
              55.8291269
            ],
            [
              37.647022,
              55.8271611
            ],
            [
              37.6469486,
              55.8271102
            ],
            [
              37.6467772,
              55.8270719
            ],
            [
              37.646548,
              55.8270892
            ],
            [
              37.6454766,
              55.8273319
            ],
            [
              37.6452926,
              55.8273261
            ],
            [
              37.6451565,
              55.8272854
            ],
            [
              37.6447049,
              55.8270685
            ],
            [
              37.6398592,
              55.8245974
            ],
            [
              37.6365672,
              55.8228786
            ],
            [
              37.6362182,
              55.8226573
            ],
            [
              37.6360238,
              55.822481
            ],
            [
              37.6358793,
              55.8223123
            ],
            [
              37.635817,
              55.8222688
            ],
            [
              37.6357092,
              55.8222258
            ],
            [
              37.6350939,
              55.8220605
            ],
            [
              37.6348087,
              55.8220473
            ],
            [
              37.6313412,
              55.8221624
            ],
            [
              37.630846,
              55.8220867
            ],
            [
              37.6296677,
              55.8218445
            ],
            [
              37.6293986,
              55.8218174
            ],
            [
              37.623632,
              55.8218432
            ],
            [
              37.6195327,
              55.8218795
            ],
            [
              37.6193055,
              55.8219065
            ],
            [
              37.6192282,
              55.8219382
            ],
            [
              37.6191721,
              55.8219818
            ],
            [
              37.6191399,
              55.8220464
            ],
            [
              37.6191423,
              55.8223258
            ],
            [
              37.6191225,
              55.8224615
            ],
            [
              37.6190415,
              55.8225535
            ],
            [
              37.6189041,
              55.822621
            ],
            [
              37.6187098,
              55.8226551
            ],
            [
              37.6169676,
              55.8227264
            ]
          ],
          [
            [
              37.6191396,
              55.8221062
            ],
            [
              37.6191423,
              55.8223258
            ],
            [
              37.6191225,
              55.8224615
            ],
            [
              37.6190816,
              55.8225189
            ],
            [
              37.619018,
              55.8225694
            ],
            [
              37.6188716,
              55.8226306
            ],
            [
              37.6187098,
              55.8226551
            ],
            [
              37.6166429,
              55.82274
            ],
            [
              37.6164652,
              55.822776
            ],
            [
              37.6163254,
              55.8228474
            ],
            [
              37.6162555,
              55.822923
            ],
            [
              37.6162332,
              55.8229923
            ],
            [
              37.6162832,
              55.8235936
            ],
            [
              37.6162202,
              55.8241398
            ],
            [
              37.6161915,
              55.8241932
            ],
            [
              37.6161287,
              55.8242363
            ],
            [
              37.6160025,
              55.8242675
            ],
            [
              37.6158842,
              55.8242609
            ],
            [
              37.6153125,
              55.8241048
            ],
            [
              37.6152319,
              55.8240578
            ],
            [
              37.6151944,
              55.8240098
            ],
            [
              37.6151914,
              55.8239317
            ],
            [
              37.6152517,
              55.8238612
            ],
            [
              37.6155923,
              55.8236447
            ],
            [
              37.6159623,
              55.8234551
            ],
            [
              37.616075,
              55.8233698
            ],
            [
              37.616149,
              55.823272
            ],
            [
              37.616175,
              55.8232026
            ],
            [
              37.6161668,
              55.8230066
            ],
            [
              37.616183,
              55.8229348
            ],
            [
              37.6162298,
              55.8228658
            ],
            [
              37.6163305,
              55.8227895
            ],
            [
              37.61647,
              55.8227335
            ],
            [
              37.6166359,
              55.8227043
            ],
            [
              37.6187149,
              55.8226189
            ],
            [
              37.6188699,
              55.8225952
            ],
            [
              37.6190018,
              55.8225304
            ],
            [
              37.6190616,
              55.8224553
            ],
            [
              37.6190781,
              55.8223575
            ],
            [
              37.6190765,
              55.8220423
            ],
            [
              37.6191022,
              55.8219817
            ],
            [
              37.6192062,
              55.8219008
            ],
            [
              37.6193751,
              55.8218554
            ],
            [
              37.6200584,
              55.8218339
            ],
            [
              37.6293057,
              55.8217805
            ],
            [
              37.6296888,
              55.8218106
            ],
            [
              37.6308673,
              55.8220528
            ],
            [
              37.6313453,
              55.8221265
            ],
            [
              37.6348133,
              55.8220114
            ],
            [
              37.6350682,
              55.8220208
            ],
            [
              37.6352245,
              55.8220504
            ],
            [
              37.6358584,
              55.8222389
            ],
            [
              37.6359384,
              55.8222959
            ],
            [
              37.6360346,
              55.8224116
            ],
            [
              37.6362577,
              55.8226219
            ],
            [
              37.6363651,
              55.8227045
            ],
            [
              37.6366112,
              55.8228526
            ],
            [
              37.6399022,
              55.8245709
            ],
            [
              37.6447477,
              55.8270418
            ],
            [
              37.6451948,
              55.8272566
            ],
            [
              37.6453361,
              55.8272953
            ],
            [
              37.6454906,
              55.8272933
            ],
            [
              37.6465888,
              55.8270466
            ],
            [
              37.6468071,
              55.8270375
            ],
            [
              37.6469874,
              55.8270817
            ],
            [
              37.6470772,
              55.8271431
            ],
            [
              37.6486309,
              55.8287002
            ],
            [
              37.6509877,
              55.8310156
            ],
            [
              37.6511528,
              55.8311495
            ],
            [
              37.6514808,
              55.8313434
            ],
            [
              37.6515959,
              55.8314333
            ],
            [
              37.6533736,
              55.8332134
            ],
            [
              37.6547067,
              55.8344392
            ],
            [
              37.6563344,
              55.836063
            ],
            [
              37.6566126,
              55.836235
            ],
            [
              37.6575784,
              55.8365877
            ],
            [
              37.6578058,
              55.836717
            ],
            [
              37.6592639,
              55.8377923
            ],
            [
              37.6614767,
              55.8394571
            ],
            [
              37.6619581,
              55.83984
            ],
            [
              37.6626894,
              55.8404569
            ],
            [
              37.6644851,
              55.8418608
            ],
            [
              37.6645883,
              55.8420137
            ],
            [
              37.6646526,
              55.8423529
            ],
            [
              37.6647134,
              55.8424655
            ],
            [
              37.6647988,
              55.8425519
            ],
            [
              37.6660173,
              55.8434688
            ],
            [
              37.6666589,
              55.8438536
            ],
            [
              37.6668312,
              55.8439725
            ],
            [
              37.6696948,
              55.8460759
            ],
            [
              37.6698593,
              55.846216
            ],
            [
              37.6700052,
              55.8463686
            ],
            [
              37.6701366,
              55.846563
            ],
            [
              37.6703328,
              55.8470571
            ],
            [
              37.6707888,
              55.8484299
            ],
            [
              37.6708196,
              55.8485684
            ],
            [
              37.6708605,
              55.8491259
            ],
            [
              37.6708407,
              55.8494945
            ],
            [
              37.6705829,
              55.8508516
            ],
            [
              37.6705605,
              55.8509133
            ],
            [
              37.6704732,
              55.8510391
            ],
            [
              37.6703075,
              55.8511756
            ],
            [
              37.6692679,
              55.8518593
            ],
            [
              37.66274,
              55.8560556
            ],
            [
              37.6623222,
              55.8563514
            ],
            [
              37.6618138,
              55.8567799
            ],
            [
              37.6615289,
              55.857065
            ],
            [
              37.6612284,
              55.8574031
            ],
            [
              37.6608221,
              55.8579713
            ],
            [
              37.6604477,
              55.8586632
            ],
            [
              37.6602765,
              55.8590878
            ],
            [
              37.6601743,
              55.8594592
            ],
            [
              37.6600821,
              55.8599757
            ],
            [
              37.6600594,
              55.8605805
            ],
            [
              37.6601118,
              55.861102
            ],
            [
              37.6601862,
              55.8614283
            ],
            [
              37.6603018,
              55.8618063
            ],
            [
              37.6603861,
              55.8620354
            ],
            [
              37.6606049,
              55.8624771
            ],
            [
              37.663328,
              55.8677395
            ],
            [
              37.6638659,
              55.8688369
            ],
            [
              37.663883,
              55.868967
            ],
            [
              37.6638285,
              55.8691344
            ],
            [
              37.6637311,
              55.8692782
            ],
            [
              37.6635134,
              55.8694735
            ],
            [
              37.6632205,
              55.8696348
            ],
            [
              37.6628688,
              55.8697532
            ],
            [
              37.6607402,
              55.870116
            ],
            [
              37.6574714,
              55.8706118
            ],
            [
              37.6538381,
              55.8711875
            ],
            [
              37.6519678,
              55.8714321
            ],
            [
              37.649735,
              55.8716718
            ],
            [
              37.6492106,
              55.8716955
            ],
            [
              37.6479934,
              55.871688
            ],
            [
              37.6462223,
              55.871584
            ],
            [
              37.6420348,
              55.8711858
            ],
            [
              37.6386945,
              55.8708876
            ],
            [
              37.6385092,
              55.8708957
            ],
            [
              37.6383373,
              55.8709356
            ],
            [
              37.6381958,
              55.8710034
            ],
            [
              37.6380985,
              55.8710925
            ],
            [
              37.6379247,
              55.8715333
            ],
            [
              37.6372768,
              55.8737851
            ],
            [
              37.6361781,
              55.877405
            ],
            [
              37.6359854,
              55.8781339
            ],
            [
              37.6359803,
              55.8782491
            ],
            [
              37.6360115,
              55.8784494
            ],
            [
              37.6360793,
              55.8785954
            ],
            [
              37.6362432,
              55.8788048
            ],
            [
              37.6389616,
              55.8816168
            ],
            [
              37.6432503,
              55.8861246
            ],
            [
              37.6433577,
              55.8862667
            ],
            [
              37.6434704,
              55.8865127
            ],
            [
              37.6439488,
              55.8869858
            ],
            [
              37.6439899,
              55.8870465
            ],
            [
              37.6439976,
              55.887095
            ],
            [
              37.6439849,
              55.8871433
            ],
            [
              37.6439023,
              55.8872282
            ],
            [
              37.6438127,
              55.8872661
            ],
            [
              37.643608,
              55.8872879
            ]
          ]
        ]
      },
      "properties": {
        "ID": 4433,
        "RouteNumber": "17",
        "RouteName": "Северное Медведково - Усадьба Останкино",
        "TrackOfFollowing": "Северное Медведково - Северное Медведково - Улица Тихомирова - Поликлиника - Улица Молодцова - Культурно - досуговый центр - МФЦ Южное Медведково - Проезд Шокальского - Сухонская улица - Олонецкий проезд - Метро «Бабушкинская» - Печорская улица - Радужная улица - Верхоянская улица - Берингов проезд - Социальный фонд России - Северянинский путепровод - МЦК Ростокино - Улица Докукина - Сельскохозяйственная улица - Улица Сергея Эйзенштейна - ВДНХ (северный вход) - Метро «ВДНХ» - ВДНХ (южный вход) - Улица Цандера - Аргуновская улица - Усадьба Останкино",
        "ReverseTrackOfFollowing": "Усадьба Останкино - Усадьба Останкино - Аргуновская улица - Улица Цандера - ВДНХ (южный вход) - Метро «ВДНХ» - ВДНХ (северный вход) - Улица Сергея Эйзенштейна - Сельскохозяйственная улица - Улица Докукина - МЦК Ростокино - Северянинский путепровод - Социальный фонд России - Берингов проезд - Верхоянская улица - Радужная улица - Печорская улица - Метро «Бабушкинская» - Олонецкий проезд - Сухонская улица - Проезд Шокальского - МФЦ «Южное Медведково» - Культурно - досуговый центр - Улица Молодцова - Поликлиника - Улица Тихомирова - Северное Медведково",
        "TypeOfTransport": "Трамвай",
        "CarrierName": "ГУП Мосгортранс",
        "global_id": 5102385153
      }
    },
    {
      "type": "Feature",
      "geometry": {
        "type": "MultiLineString",
        "coordinates": [
          [
            [
              37.3879759,
              55.7994212
            ],
            [
              37.3880095,
              55.7993282
            ],
            [
              37.3881561,
              55.7992457
            ],
            [
              37.3883341,
              55.7992293
            ],
            [
              37.3885044,
              55.7992761
            ],
            [
              37.390384,
              55.8003454
            ],
            [
              37.3905751,
              55.800476
            ],
            [
              37.3907191,
              55.8006148
            ],
            [
              37.3972748,
              55.8102437
            ],
            [
              37.3985254,
              55.8120288
            ],
            [
              37.3986343,
              55.812109
            ],
            [
              37.3987894,
              55.8121596
            ],
            [
              37.3989309,
              55.8121734
            ],
            [
              37.3990852,
              55.8121597
            ],
            [
              37.4005593,
              55.8118299
            ],
            [
              37.4015791,
              55.811588
            ],
            [
              37.4018234,
              55.811506
            ],
            [
              37.4020399,
              55.8114042
            ],
            [
              37.4027817,
              55.8109295
            ],
            [
              37.4047981,
              55.8095666
            ],
            [
              37.4060876,
              55.8087222
            ],
            [
              37.407294,
              55.8078667
            ],
            [
              37.4101847,
              55.8058756
            ],
            [
              37.4103936,
              55.8057552
            ],
            [
              37.4107645,
              55.8056119
            ],
            [
              37.411139,
              55.8055282
            ],
            [
              37.4123603,
              55.8053559
            ],
            [
              37.4164505,
              55.8047955
            ],
            [
              37.4190605,
              55.8044548
            ],
            [
              37.4239343,
              55.8038401
            ],
            [
              37.424811,
              55.8037561
            ],
            [
              37.4254832,
              55.8037278
            ],
            [
              37.4268018,
              55.8036968
            ],
            [
              37.4277432,
              55.8037093
            ],
            [
              37.4287799,
              55.8038456
            ],
            [
              37.4340499,
              55.8046788
            ],
            [
              37.4345384,
              55.8047514
            ],
            [
              37.4351019,
              55.8048104
            ],
            [
              37.435673,
              55.8048444
            ],
            [
              37.4449107,
              55.8051826
            ],
            [
              37.4505271,
              55.8054126
            ],
            [
              37.4529581,
              55.805549
            ],
            [
              37.4550446,
              55.8057286
            ],
            [
              37.4557145,
              55.805829
            ],
            [
              37.4561366,
              55.8059188
            ],
            [
              37.4569126,
              55.8061346
            ],
            [
              37.4571578,
              55.8062247
            ],
            [
              37.4576168,
              55.80643
            ],
            [
              37.4579813,
              55.8066487
            ],
            [
              37.458241,
              55.8068536
            ],
            [
              37.4613359,
              55.8095022
            ],
            [
              37.4614245,
              55.8096417
            ],
            [
              37.4614279,
              55.8098121
            ],
            [
              37.4614443,
              55.8098805
            ],
            [
              37.4614887,
              55.8099448
            ],
            [
              37.4615874,
              55.8100198
            ]
          ],
          [
            [
              37.4613359,
              55.8095022
            ],
            [
              37.4614245,
              55.8096417
            ],
            [
              37.4614302,
              55.8098351
            ],
            [
              37.4614709,
              55.8099241
            ],
            [
              37.4616266,
              55.8100456
            ],
            [
              37.4620835,
              55.8102515
            ],
            [
              37.4622106,
              55.8103342
            ],
            [
              37.4622712,
              55.8103949
            ],
            [
              37.4623113,
              55.8104701
            ],
            [
              37.4623051,
              55.8105327
            ],
            [
              37.46225,
              55.8106044
            ],
            [
              37.4621314,
              55.8106684
            ],
            [
              37.4620291,
              55.8106912
            ],
            [
              37.4616507,
              55.8107032
            ],
            [
              37.4614864,
              55.8106777
            ],
            [
              37.4613605,
              55.810613
            ],
            [
              37.461312,
              55.8105548
            ],
            [
              37.4612977,
              55.8104971
            ],
            [
              37.4613651,
              55.809708
            ],
            [
              37.4613526,
              55.8096242
            ],
            [
              37.4613057,
              55.8095443
            ],
            [
              37.4591769,
              55.8077152
            ],
            [
              37.4579315,
              55.8066712
            ],
            [
              37.4575739,
              55.8064566
            ],
            [
              37.4571202,
              55.8062538
            ],
            [
              37.4568817,
              55.806166
            ],
            [
              37.4561095,
              55.8059513
            ],
            [
              37.4556943,
              55.805863
            ],
            [
              37.4552682,
              55.8057934
            ],
            [
              37.4546342,
              55.8057257
            ],
            [
              37.4529498,
              55.8055846
            ],
            [
              37.4505216,
              55.8054484
            ],
            [
              37.4449065,
              55.8052185
            ],
            [
              37.4356676,
              55.8048802
            ],
            [
              37.4350927,
              55.8048459
            ],
            [
              37.4345244,
              55.8047864
            ],
            [
              37.434033,
              55.8047135
            ],
            [
              37.4287635,
              55.8038803
            ],
            [
              37.4279569,
              55.8037673
            ],
            [
              37.4275038,
              55.803739
            ],
            [
              37.4268032,
              55.8037327
            ],
            [
              37.4251986,
              55.8037756
            ],
            [
              37.4239465,
              55.8038753
            ],
            [
              37.4190747,
              55.8044898
            ],
            [
              37.4164653,
              55.8048305
            ],
            [
              37.4123754,
              55.8053908
            ],
            [
              37.4111556,
              55.8055628
            ],
            [
              37.4107942,
              55.8056437
            ],
            [
              37.4105485,
              55.8057308
            ],
            [
              37.4102329,
              55.8058992
            ],
            [
              37.4073437,
              55.8078893
            ],
            [
              37.4061367,
              55.8087451
            ],
            [
              37.4048467,
              55.8095898
            ],
            [
              37.4028306,
              55.8109526
            ],
            [
              37.4020846,
              55.8114298
            ],
            [
              37.4018603,
              55.8115353
            ],
            [
              37.4015326,
              55.8116398
            ],
            [
              37.3990607,
              55.8122017
            ],
            [
              37.3989491,
              55.8122136
            ],
            [
              37.3987986,
              55.8122061
            ],
            [
              37.3986596,
              55.8121728
            ],
            [
              37.3985225,
              55.8121
            ],
            [
              37.3983304,
              55.8118518
            ],
            [
              37.3966667,
              55.8094609
            ],
            [
              37.3906617,
              55.8006304
            ],
            [
              37.3905228,
              55.8004964
            ],
            [
              37.3903382,
              55.8003704
            ],
            [
              37.3897959,
              55.8000923
            ],
            [
              37.3894624,
              55.799992
            ],
            [
              37.3884098,
              55.7997666
            ],
            [
              37.3881732,
              55.7996853
            ],
            [
              37.3881099,
              55.7996497
            ],
            [
              37.3880166,
              55.799564
            ],
            [
              37.3879802,
              55.7994914
            ],
            [
              37.3879732,
              55.7994411
            ],
            [
              37.3879919,
              55.7993632
            ]
          ]
        ]
      },
      "properties": {
        "ID": 4434,
        "RouteNumber": "21",
        "RouteName": "Таллинская улица - Метро «Щукинская»",
        "TrackOfFollowing": "Таллинская улица - Таллинская улица - Строгинский бульвар - Мякининский пр. - Школа имени Маресьева - Культурный центр «Строгино» - Музыкальная школа им. Майкапара - Улица Маршала Катукова - Ул. Исаковского, 33 - Детская поликлиника - Метро «Щукинская»",
        "ReverseTrackOfFollowing": "Метро «Щукинская» - Метро «Щукинская» - Медицинский центр имени Бурназяна - Детская п - ка - Ул. Исаковского, 33 - Ул. Марш. Катукова - Музыкальная школа им. Майкапара - Культурный центр «Строгино» - Школа им. Маресьева - Мякининский пр. - Строгинский бульв. - Таллинская улица - Таллинская улица",
        "TypeOfTransport": "Трамвай",
        "CarrierName": "ГУП Мосгортранс",
        "global_id": 5102385152
      }
    },
    {
      "type": "Feature",
      "geometry": {
        "type": "MultiLineString",
        "coordinates": [
          [
            [
              37.5218902,
              55.8390391
            ],
            [
              37.521829,
              55.8388964
            ],
            [
              37.5218239,
              55.8388338
            ],
            [
              37.5218575,
              55.8387526
            ],
            [
              37.5219341,
              55.8386812
            ],
            [
              37.5220784,
              55.8386163
            ],
            [
              37.522219,
              55.83859
            ],
            [
              37.5224035,
              55.8385916
            ],
            [
              37.5225585,
              55.8386222
            ],
            [
              37.5226891,
              55.8386783
            ],
            [
              37.5227825,
              55.8387543
            ],
            [
              37.5230778,
              55.8393092
            ],
            [
              37.5231766,
              55.839391
            ],
            [
              37.5248642,
              55.8399478
            ],
            [
              37.5250427,
              55.8399938
            ],
            [
              37.5252007,
              55.8400046
            ],
            [
              37.5253939,
              55.839979
            ],
            [
              37.5288733,
              55.8390759
            ],
            [
              37.5290297,
              55.839006
            ],
            [
              37.5290821,
              55.8389137
            ],
            [
              37.5290541,
              55.8388327
            ],
            [
              37.5287364,
              55.8384571
            ],
            [
              37.5284506,
              55.8381508
            ],
            [
              37.5282598,
              55.8380046
            ],
            [
              37.527642,
              55.8376626
            ],
            [
              37.5263926,
              55.8370949
            ],
            [
              37.5262641,
              55.8370076
            ],
            [
              37.5257238,
              55.8362432
            ],
            [
              37.5252265,
              55.8352109
            ],
            [
              37.5251227,
              55.8350628
            ],
            [
              37.5226723,
              55.8329099
            ],
            [
              37.5210942,
              55.8315671
            ],
            [
              37.5198501,
              55.8304144
            ],
            [
              37.519623,
              55.830129
            ],
            [
              37.5192334,
              55.8295086
            ],
            [
              37.5182206,
              55.8275259
            ],
            [
              37.5180568,
              55.8272298
            ],
            [
              37.5179572,
              55.8270874
            ],
            [
              37.5178779,
              55.8270297
            ],
            [
              37.5177787,
              55.8269854
            ],
            [
              37.5167654,
              55.8266823
            ],
            [
              37.5166358,
              55.8266271
            ],
            [
              37.5157706,
              55.8260052
            ],
            [
              37.5156716,
              55.825897
            ],
            [
              37.5156323,
              55.8258164
            ],
            [
              37.5156191,
              55.8256997
            ],
            [
              37.515636,
              55.8256208
            ],
            [
              37.5156749,
              55.8255436
            ],
            [
              37.5178337,
              55.8229745
            ],
            [
              37.5178489,
              55.8228968
            ],
            [
              37.5177998,
              55.8228236
            ],
            [
              37.5177172,
              55.8227778
            ],
            [
              37.5175139,
              55.8227142
            ],
            [
              37.515189,
              55.8220901
            ],
            [
              37.5014981,
              55.8185455
            ],
            [
              37.5014074,
              55.8184884
            ],
            [
              37.5013527,
              55.8184163
            ],
            [
              37.5013406,
              55.8183446
            ],
            [
              37.5013701,
              55.8182698
            ],
            [
              37.5025345,
              55.816891
            ],
            [
              37.5036813,
              55.8153785
            ],
            [
              37.5037217,
              55.815258
            ],
            [
              37.5037865,
              55.8147212
            ],
            [
              37.5037569,
              55.8146202
            ],
            [
              37.5036773,
              55.8145345
            ],
            [
              37.5035125,
              55.8144568
            ],
            [
              37.5032824,
              55.8144222
            ],
            [
              37.5019817,
              55.814521
            ],
            [
              37.5010144,
              55.8145154
            ],
            [
              37.497983,
              55.8140044
            ],
            [
              37.4977169,
              55.8139648
            ],
            [
              37.4962612,
              55.8138314
            ],
            [
              37.4957911,
              55.8137367
            ],
            [
              37.491486,
              55.8121723
            ],
            [
              37.4913094,
              55.8120968
            ],
            [
              37.4910842,
              55.8119577
            ],
            [
              37.4906784,
              55.8115699
            ],
            [
              37.490192,
              55.8110409
            ],
            [
              37.4900841,
              55.8108718
            ],
            [
              37.4900486,
              55.8107848
            ],
            [
              37.4900148,
              55.8106438
            ],
            [
              37.4900166,
              55.8104088
            ],
            [
              37.4900491,
              55.8102559
            ],
            [
              37.4901237,
              55.8101077
            ],
            [
              37.4910322,
              55.8090019
            ],
            [
              37.4911599,
              55.8089211
            ],
            [
              37.4912779,
              55.8088787
            ],
            [
              37.491468,
              55.808849
            ],
            [
              37.4916624,
              55.8088764
            ],
            [
              37.4922488,
              55.8092078
            ],
            [
              37.4924128,
              55.809243
            ],
            [
              37.4925873,
              55.8092324
            ],
            [
              37.4948457,
              55.8087642
            ],
            [
              37.495884,
              55.8084858
            ],
            [
              37.4962232,
              55.8084155
            ],
            [
              37.4974543,
              55.8081979
            ],
            [
              37.501619,
              55.8074128
            ],
            [
              37.5060634,
              55.8065602
            ],
            [
              37.5081997,
              55.8060401
            ],
            [
              37.5084373,
              55.8059331
            ],
            [
              37.508824,
              55.8056668
            ],
            [
              37.5089377,
              55.8056085
            ],
            [
              37.5095737,
              55.8054543
            ]
          ],
          [
            [
              37.5081264,
              55.806058
            ],
            [
              37.50835,
              55.8059832
            ],
            [
              37.508878,
              55.8056344
            ],
            [
              37.5090039,
              55.8055882
            ],
            [
              37.5094121,
              55.8054853
            ],
            [
              37.5096233,
              55.8054482
            ],
            [
              37.5097878,
              55.8054478
            ],
            [
              37.5098768,
              55.8054792
            ],
            [
              37.5099523,
              55.8055318
            ],
            [
              37.5100046,
              55.8056306
            ],
            [
              37.509999,
              55.8056814
            ],
            [
              37.5099646,
              55.8057355
            ],
            [
              37.5098622,
              55.8057992
            ],
            [
              37.5093048,
              55.8059436
            ],
            [
              37.5091027,
              55.8059748
            ],
            [
              37.5086151,
              55.8059781
            ],
            [
              37.5060872,
              55.8065935
            ],
            [
              37.5056306,
              55.8066904
            ],
            [
              37.4962429,
              55.8084497
            ],
            [
              37.495906,
              55.8085195
            ],
            [
              37.4948676,
              55.8087979
            ],
            [
              37.4926377,
              55.8092592
            ],
            [
              37.4924405,
              55.809275
            ],
            [
              37.4922269,
              55.8092465
            ],
            [
              37.492049,
              55.8091741
            ],
            [
              37.4918624,
              55.8090387
            ],
            [
              37.4916288,
              55.8089069
            ],
            [
              37.4914938,
              55.808885
            ],
            [
              37.4913058,
              55.808911
            ],
            [
              37.4911667,
              55.8089657
            ],
            [
              37.4910645,
              55.8090419
            ],
            [
              37.4901797,
              55.810121
            ],
            [
              37.4900858,
              55.8103384
            ],
            [
              37.4900714,
              55.8105259
            ],
            [
              37.4900879,
              55.810689
            ],
            [
              37.4901463,
              55.8108637
            ],
            [
              37.4902501,
              55.8110261
            ],
            [
              37.4903187,
              55.8111034
            ],
            [
              37.4907342,
              55.8115526
            ],
            [
              37.4910751,
              55.8118783
            ],
            [
              37.4912035,
              55.8119831
            ],
            [
              37.4913517,
              55.81207
            ],
            [
              37.4958195,
              55.8137045
            ],
            [
              37.4962802,
              55.813797
            ],
            [
              37.4977301,
              55.8139296
            ],
            [
              37.4980008,
              55.8139699
            ],
            [
              37.5009772,
              55.8144738
            ],
            [
              37.5019723,
              55.8144877
            ],
            [
              37.5032841,
              55.8143862
            ],
            [
              37.5034607,
              55.8144046
            ],
            [
              37.5035817,
              55.8144382
            ],
            [
              37.5037008,
              55.8144943
            ],
            [
              37.503793,
              55.814574
            ],
            [
              37.5038314,
              55.8146355
            ],
            [
              37.5038502,
              55.8147232
            ],
            [
              37.5037853,
              55.8152607
            ],
            [
              37.5037626,
              55.8153471
            ],
            [
              37.5037161,
              55.8154304
            ],
            [
              37.5025926,
              55.8169058
            ],
            [
              37.5014254,
              55.8182816
            ],
            [
              37.5013352,
              55.8183433
            ],
            [
              37.5012476,
              55.8183775
            ],
            [
              37.501007,
              55.8184069
            ],
            [
              37.5008006,
              55.8183752
            ],
            [
              37.4999595,
              55.8181657
            ],
            [
              37.4997716,
              55.8181696
            ],
            [
              37.4996074,
              55.8182211
            ],
            [
              37.499527,
              55.8182789
            ],
            [
              37.4985927,
              55.8193662
            ],
            [
              37.498595,
              55.819434
            ],
            [
              37.4987692,
              55.8196228
            ],
            [
              37.4988372,
              55.8197439
            ],
            [
              37.4988423,
              55.8198346
            ],
            [
              37.4988013,
              55.8199074
            ],
            [
              37.498731,
              55.8199502
            ],
            [
              37.4986496,
              55.8199725
            ],
            [
              37.4984632,
              55.8199884
            ],
            [
              37.498267,
              55.8199785
            ],
            [
              37.4981025,
              55.8199322
            ],
            [
              37.4980148,
              55.8198742
            ],
            [
              37.497972,
              55.8198139
            ],
            [
              37.4979645,
              55.8197491
            ],
            [
              37.4979912,
              55.8196883
            ],
            [
              37.4981128,
              55.8195794
            ],
            [
              37.4984494,
              55.8194088
            ],
            [
              37.498542,
              55.8193399
            ],
            [
              37.4991856,
              55.8185964
            ],
            [
              37.4992424,
              55.8185156
            ],
            [
              37.4993046,
              55.8183077
            ],
            [
              37.4993525,
              55.8182369
            ],
            [
              37.4994668,
              55.8181626
            ],
            [
              37.4996095,
              55.8181172
            ],
            [
              37.4997415,
              55.8180997
            ],
            [
              37.4998641,
              55.8181042
            ],
            [
              37.5045254,
              55.8192908
            ],
            [
              37.515216,
              55.8220575
            ],
            [
              37.5175424,
              55.8226821
            ],
            [
              37.5177522,
              55.8227478
            ],
            [
              37.5178526,
              55.8228034
            ],
            [
              37.5179122,
              55.8228923
            ],
            [
              37.5178937,
              55.8229866
            ],
            [
              37.5157299,
              55.8255606
            ],
            [
              37.5156984,
              55.8256282
            ],
            [
              37.515679,
              55.8257375
            ],
            [
              37.515696,
              55.8258124
            ],
            [
              37.5157555,
              55.8259157
            ],
            [
              37.5158242,
              55.8259854
            ],
            [
              37.5166847,
              55.8266054
            ],
            [
              37.5167979,
              55.8266514
            ],
            [
              37.5178124,
              55.826955
            ],
            [
              37.5179241,
              55.8270053
            ],
            [
              37.5180118,
              55.8270689
            ],
            [
              37.5180699,
              55.8271434
            ],
            [
              37.5184392,
              55.827832
            ],
            [
              37.5192941,
              55.8294976
            ],
            [
              37.5196827,
              55.8301162
            ],
            [
              37.5199061,
              55.8303973
            ],
            [
              37.5211479,
              55.8315476
            ],
            [
              37.5227262,
              55.8328906
            ],
            [
              37.525177,
              55.8350438
            ],
            [
              37.525288,
              55.8352012
            ],
            [
              37.5257839,
              55.8362312
            ],
            [
              37.5263212,
              55.8369955
            ],
            [
              37.5264893,
              55.837092
            ],
            [
              37.527684,
              55.8376356
            ],
            [
              37.52831,
              55.8379824
            ],
            [
              37.5285033,
              55.8381306
            ],
            [
              37.528587,
              55.8382135
            ],
            [
              37.5291118,
              55.8388173
            ],
            [
              37.5291436,
              55.8388827
            ],
            [
              37.5291391,
              55.8389484
            ],
            [
              37.5291119,
              55.8389964
            ],
            [
              37.5290444,
              55.8390533
            ],
            [
              37.5289456,
              55.8390961
            ],
            [
              37.5254192,
              55.840012
            ],
            [
              37.5251555,
              55.8400404
            ],
            [
              37.5248949,
              55.8399979
            ],
            [
              37.5230758,
              55.8394125
            ],
            [
              37.5227923,
              55.8393783
            ],
            [
              37.5223108,
              55.8393822
            ],
            [
              37.5221326,
              55.8393446
            ],
            [
              37.5220206,
              55.839281
            ],
            [
              37.5219678,
              55.8392156
            ],
            [
              37.521829,
              55.8388964
            ],
            [
              37.521835,
              55.8387924
            ],
            [
              37.5218728,
              55.8387336
            ],
            [
              37.5219341,
              55.8386812
            ],
            [
              37.5220153,
              55.8386384
            ],
            [
              37.5221468,
              55.8386001
            ],
            [
              37.5223627,
              55.8385883
            ],
            [
              37.522594,
              55.838634
            ],
            [
              37.5227164,
              55.8386957
            ],
            [
              37.5227989,
              55.8387756
            ],
            [
              37.5230684,
              55.8392935
            ],
            [
              37.5231556,
              55.8393793
            ],
            [
              37.5249204,
              55.8399648
            ]
          ]
        ]
      },
      "properties": {
        "ID": 4435,
        "RouteNumber": "23",
        "RouteName": "Михалково - Метро «Сокол»",
        "TrackOfFollowing": "Михалково - Михалково - Пр. Черепановых - Соболевский пр. - 3 - й Михалковский пер. - Коптевский рынок - Коптевская улица - Коптево - Новопетровская улица - Районный центр «Рассвет» - 3 - й Новоподмосковный пер. - Школа имени Зои и Александра Космодемьянских - 1 - й Новоподмосковный переулок - Мост Победы - Ул. Константина Царева - Факультетский переулок - МЦК Стрешнево - Панфиловский путепровод - Улица Панфилова - Университет «РОСБИОТЕХ» - Гидропроект - Метро «Сокол»",
        "ReverseTrackOfFollowing": "Метро «Сокол» - Гидропроект - Университет «РОСБИОТЕХ» - Улица Панфилова - Панфиловский путепровод - МЦК Стрешнево - Факультетский переулок - Ул. Константина Царева - Мост Победы - 1 - й Новоподмосковный переулок - Метро «Войковская» - Метро «Войковская» - Школа имени Зои и Александра Космодемьянских - 3 - й Новоподмосковный переулок - Районный центр «Рассвет» - Новопетровская улица - Коптево - Коптевская ул. - Коптевский рынок - 3 - й Михалковский переулок - Соболевский проезд - Пр. Черепановых - Михалково - Михалково",
        "TypeOfTransport": "Трамвай",
        "CarrierName": "ГУП Мосгортранс",
        "global_id": 5102385156
      }
    },
    {
      "type": "Feature",
      "geometry": {
        "type": "MultiLineString",
        "coordinates": [
          [
            [
              37.5857203,
              55.6802459
            ],
            [
              37.5854866,
              55.6800209
            ],
            [
              37.5854683,
              55.6799513
            ],
            [
              37.5855038,
              55.6798839
            ],
            [
              37.5855864,
              55.6798312
            ],
            [
              37.5856815,
              55.6798057
            ],
            [
              37.5859753,
              55.6797678
            ],
            [
              37.5861571,
              55.6797829
            ],
            [
              37.5863105,
              55.67984
            ],
            [
              37.5866604,
              55.68014
            ],
            [
              37.5872818,
              55.6804903
            ],
            [
              37.5875141,
              55.6806451
            ],
            [
              37.5877177,
              55.6808141
            ],
            [
              37.5894584,
              55.6824049
            ],
            [
              37.5955864,
              55.6880311
            ],
            [
              37.595917,
              55.6884242
            ],
            [
              37.5960742,
              55.6885819
            ],
            [
              37.5973125,
              55.6896923
            ],
            [
              37.597585,
              55.6899224
            ],
            [
              37.5978777,
              55.6901274
            ],
            [
              37.598201,
              55.6903173
            ],
            [
              37.5985524,
              55.6904905
            ],
            [
              37.5989302,
              55.6906462
            ],
            [
              37.6068239,
              55.6936686
            ],
            [
              37.6092242,
              55.6946096
            ],
            [
              37.6093776,
              55.6946785
            ],
            [
              37.6095133,
              55.6947645
            ],
            [
              37.6099259,
              55.695137
            ],
            [
              37.6106572,
              55.6958842
            ],
            [
              37.6117366,
              55.6970349
            ],
            [
              37.6125007,
              55.6978863
            ],
            [
              37.6142732,
              55.6998087
            ],
            [
              37.6150782,
              55.7007393
            ],
            [
              37.6151475,
              55.7008591
            ],
            [
              37.6151695,
              55.7009426
            ],
            [
              37.6151634,
              55.701024
            ],
            [
              37.6151328,
              55.7011044
            ],
            [
              37.6149494,
              55.7013219
            ],
            [
              37.6146743,
              55.7015797
            ],
            [
              37.6145578,
              55.701712
            ],
            [
              37.6144841,
              55.701853
            ],
            [
              37.6143952,
              55.702266
            ],
            [
              37.6142578,
              55.7024658
            ],
            [
              37.6130792,
              55.7036407
            ],
            [
              37.6124686,
              55.704292
            ],
            [
              37.611456,
              55.7053929
            ],
            [
              37.6106084,
              55.7063603
            ],
            [
              37.6105481,
              55.7065162
            ],
            [
              37.6105446,
              55.7067018
            ],
            [
              37.6106049,
              55.7075284
            ],
            [
              37.6106747,
              55.708201
            ],
            [
              37.6106651,
              55.7082608
            ],
            [
              37.6106256,
              55.7083205
            ],
            [
              37.6104795,
              55.7084077
            ],
            [
              37.6102757,
              55.708442
            ],
            [
              37.6096322,
              55.7083679
            ],
            [
              37.6092469,
              55.7083396
            ],
            [
              37.6073294,
              55.708232
            ],
            [
              37.6071822,
              55.7082616
            ],
            [
              37.6070996,
              55.7083216
            ],
            [
              37.6065247,
              55.7094044
            ],
            [
              37.6064635,
              55.709545
            ],
            [
              37.6063848,
              55.7098422
            ],
            [
              37.6062262,
              55.7107458
            ],
            [
              37.6062148,
              55.7108918
            ],
            [
              37.6062612,
              55.7111302
            ],
            [
              37.6062973,
              55.7112207
            ],
            [
              37.6063415,
              55.711283
            ],
            [
              37.6064383,
              55.7113637
            ],
            [
              37.6065828,
              55.711448
            ],
            [
              37.6067064,
              55.7114981
            ],
            [
              37.6069043,
              55.7115479
            ],
            [
              37.6071824,
              55.711581
            ],
            [
              37.6209434,
              55.7111996
            ],
            [
              37.6211362,
              55.7112289
            ],
            [
              37.621449,
              55.7113612
            ],
            [
              37.6217374,
              55.7113979
            ],
            [
              37.6269635,
              55.7114842
            ],
            [
              37.6324335,
              55.7116232
            ],
            [
              37.6325805,
              55.7116376
            ],
            [
              37.6327375,
              55.7116764
            ],
            [
              37.6328714,
              55.7117369
            ],
            [
              37.6329729,
              55.7118148
            ],
            [
              37.6330434,
              55.7119235
            ],
            [
              37.6330758,
              55.7120502
            ],
            [
              37.6331281,
              55.7131066
            ],
            [
              37.6332952,
              55.7144533
            ],
            [
              37.6333036,
              55.7145951
            ],
            [
              37.6332183,
              55.7157709
            ],
            [
              37.6332315,
              55.7159125
            ],
            [
              37.6354571,
              55.7211066
            ],
            [
              37.635899,
              55.7220521
            ],
            [
              37.6364306,
              55.7232805
            ],
            [
              37.6365357,
              55.7238377
            ],
            [
              37.6372856,
              55.726283
            ],
            [
              37.6373363,
              55.7265126
            ],
            [
              37.6373513,
              55.7267427
            ],
            [
              37.6372483,
              55.7280039
            ],
            [
              37.6371797,
              55.728192
            ],
            [
              37.6369875,
              55.7284626
            ],
            [
              37.6368911,
              55.7286951
            ],
            [
              37.6368411,
              55.7289049
            ],
            [
              37.6367068,
              55.7297838
            ],
            [
              37.6367331,
              55.7299035
            ],
            [
              37.6368324,
              55.729988
            ],
            [
              37.6369324,
              55.730026
            ],
            [
              37.6370482,
              55.7300447
            ],
            [
              37.640881,
              55.7303126
            ],
            [
              37.6419577,
              55.730386
            ],
            [
              37.642287,
              55.7303929
            ],
            [
              37.6424722,
              55.7303731
            ],
            [
              37.6462209,
              55.7293951
            ],
            [
              37.6509564,
              55.7282289
            ],
            [
              37.651022,
              55.7281791
            ],
            [
              37.6510196,
              55.7281012
            ],
            [
              37.6506844,
              55.7277906
            ],
            [
              37.6506546,
              55.7277391
            ],
            [
              37.6506534,
              55.727667
            ],
            [
              37.6507129,
              55.7275836
            ],
            [
              37.6508293,
              55.7275223
            ],
            [
              37.6510127,
              55.7274935
            ],
            [
              37.6511685,
              55.7275121
            ],
            [
              37.6525046,
              55.7280887
            ],
            [
              37.6555904,
              55.7294593
            ],
            [
              37.6558792,
              55.7295682
            ],
            [
              37.6576734,
              55.7299783
            ],
            [
              37.6642199,
              55.731415
            ],
            [
              37.6651924,
              55.7316073
            ],
            [
              37.6667336,
              55.731835
            ],
            [
              37.6669396,
              55.7319011
            ],
            [
              37.6671842,
              55.7320396
            ],
            [
              37.6676764,
              55.7324252
            ],
            [
              37.6688409,
              55.7334969
            ],
            [
              37.6691184,
              55.7338023
            ],
            [
              37.6706285,
              55.7351599
            ],
            [
              37.6706941,
              55.7352335
            ],
            [
              37.6708688,
              55.7355058
            ],
            [
              37.6711014,
              55.7359254
            ],
            [
              37.6719582,
              55.737079
            ],
            [
              37.672804,
              55.7383362
            ],
            [
              37.6734161,
              55.7392968
            ],
            [
              37.6736975,
              55.7396397
            ],
            [
              37.6743518,
              55.740372
            ],
            [
              37.6774961,
              55.7437319
            ],
            [
              37.6782778,
              55.7445503
            ],
            [
              37.6789262,
              55.7451525
            ],
            [
              37.6794964,
              55.7457343
            ],
            [
              37.6804151,
              55.7467612
            ],
            [
              37.6805212,
              55.7468254
            ],
            [
              37.6806707,
              55.7468479
            ],
            [
              37.681135,
              55.7467967
            ],
            [
              37.6816146,
              55.7467973
            ],
            [
              37.6926406,
              55.7476454
            ],
            [
              37.6980927,
              55.7480328
            ],
            [
              37.6988507,
              55.7481158
            ],
            [
              37.7054065,
              55.7493614
            ],
            [
              37.7125336,
              55.7507657
            ],
            [
              37.7149153,
              55.7512401
            ],
            [
              37.7154162,
              55.7513909
            ],
            [
              37.7157561,
              55.7514642
            ],
            [
              37.716521,
              55.751608
            ],
            [
              37.717306,
              55.751712
            ],
            [
              37.7176571,
              55.7517737
            ],
            [
              37.7260744,
              55.7534174
            ],
            [
              37.7261988,
              55.753459
            ],
            [
              37.726249,
              55.7535149
            ],
            [
              37.726228,
              55.7536086
            ],
            [
              37.7260993,
              55.753842
            ],
            [
              37.7259798,
              55.7539745
            ],
            [
              37.7258811,
              55.7540204
            ],
            [
              37.7257168,
              55.7540286
            ],
            [
              37.7253531,
              55.7539511
            ],
            [
              37.7252779,
              55.7538919
            ],
            [
              37.7252519,
              55.7537606
            ]
          ],
          [
            [
              37.7260888,
              55.753855
            ],
            [
              37.7259637,
              55.753986
            ],
            [
              37.7258195,
              55.7540311
            ],
            [
              37.7256997,
              55.7540257
            ],
            [
              37.7253885,
              55.7539621
            ],
            [
              37.7253158,
              55.7539319
            ],
            [
              37.7252733,
              55.7538808
            ],
            [
              37.7252414,
              55.7536941
            ],
            [
              37.725398,
              55.7533766
            ],
            [
              37.725375,
              55.7533353
            ],
            [
              37.7253138,
              55.7533073
            ],
            [
              37.7176375,
              55.751807
            ],
            [
              37.7172898,
              55.7517458
            ],
            [
              37.7165031,
              55.7516415
            ],
            [
              37.7157358,
              55.7514973
            ],
            [
              37.7153906,
              55.7514228
            ],
            [
              37.7148934,
              55.7512729
            ],
            [
              37.7125125,
              55.7507996
            ],
            [
              37.705386,
              55.7493954
            ],
            [
              37.6988351,
              55.7481506
            ],
            [
              37.698083,
              55.7480683
            ],
            [
              37.6926382,
              55.7476768
            ],
            [
              37.6815154,
              55.7468261
            ],
            [
              37.6811418,
              55.7468324
            ],
            [
              37.6806958,
              55.7468831
            ],
            [
              37.6804885,
              55.7468562
            ],
            [
              37.6803589,
              55.7467781
            ],
            [
              37.6794405,
              55.7457515
            ],
            [
              37.6788711,
              55.7451705
            ],
            [
              37.6782227,
              55.7445682
            ],
            [
              37.6774399,
              55.7437488
            ],
            [
              37.6742943,
              55.7403872
            ],
            [
              37.67364,
              55.7396553
            ],
            [
              37.6732911,
              55.7392165
            ],
            [
              37.6727491,
              55.7383545
            ],
            [
              37.671899,
              55.7370924
            ],
            [
              37.671417,
              55.7364346
            ],
            [
              37.6706871,
              55.7355499
            ],
            [
              37.6703136,
              55.7351643
            ],
            [
              37.6688238,
              55.7338948
            ],
            [
              37.6684883,
              55.7336456
            ],
            [
              37.6661751,
              55.7322331
            ],
            [
              37.6657332,
              55.7319906
            ],
            [
              37.6654335,
              55.7318616
            ],
            [
              37.6646198,
              55.731606
            ],
            [
              37.6632592,
              55.7312526
            ],
            [
              37.6559128,
              55.7296181
            ],
            [
              37.6555912,
              55.7295055
            ],
            [
              37.6511407,
              55.727543
            ],
            [
              37.6509868,
              55.7275303
            ],
            [
              37.6508616,
              55.7275533
            ],
            [
              37.6507514,
              55.7276167
            ],
            [
              37.6507131,
              55.7276877
            ],
            [
              37.6507232,
              55.7277471
            ],
            [
              37.6507606,
              55.7277966
            ],
            [
              37.6510843,
              55.7281011
            ],
            [
              37.6510942,
              55.7281473
            ],
            [
              37.6510825,
              55.7281903
            ],
            [
              37.6510488,
              55.72823
            ],
            [
              37.6509897,
              55.7282596
            ],
            [
              37.6462464,
              55.729428
            ],
            [
              37.6425282,
              55.7303956
            ],
            [
              37.6422495,
              55.7304187
            ],
            [
              37.6417577,
              55.7303972
            ],
            [
              37.6370141,
              55.730064
            ],
            [
              37.63689,
              55.7300443
            ],
            [
              37.6367827,
              55.7300039
            ],
            [
              37.6366756,
              55.7299137
            ],
            [
              37.6366431,
              55.7297822
            ],
            [
              37.6367778,
              55.728901
            ],
            [
              37.6368284,
              55.7286888
            ],
            [
              37.6369178,
              55.7284676
            ],
            [
              37.637123,
              55.7281821
            ],
            [
              37.6371848,
              55.728001
            ],
            [
              37.6372876,
              55.7267426
            ],
            [
              37.6372728,
              55.7265155
            ],
            [
              37.6372226,
              55.7262882
            ],
            [
              37.6364871,
              55.7238685
            ],
            [
              37.6363712,
              55.7232947
            ],
            [
              37.6358373,
              55.7220609
            ],
            [
              37.6353956,
              55.7211158
            ],
            [
              37.6331676,
              55.715914
            ],
            [
              37.6331547,
              55.7157678
            ],
            [
              37.6332399,
              55.7145948
            ],
            [
              37.6332316,
              55.7144553
            ],
            [
              37.6330646,
              55.713109
            ],
            [
              37.6330084,
              55.7120428
            ],
            [
              37.6329716,
              55.7119087
            ],
            [
              37.6329108,
              55.7118294
            ],
            [
              37.6328187,
              55.711761
            ],
            [
              37.6326984,
              55.7117083
            ],
            [
              37.6325181,
              55.7116687
            ],
            [
              37.6323794,
              55.7116581
            ],
            [
              37.6279846,
              55.7115421
            ],
            [
              37.621684,
              55.7114257
            ],
            [
              37.6215042,
              55.7114363
            ],
            [
              37.6211308,
              55.7115563
            ],
            [
              37.6209084,
              55.7115715
            ],
            [
              37.6067551,
              55.7119593
            ],
            [
              37.6066115,
              55.7119449
            ],
            [
              37.6064921,
              55.7118976
            ],
            [
              37.6064417,
              55.7118568
            ],
            [
              37.6064097,
              55.7118036
            ],
            [
              37.6062232,
              55.7112375
            ],
            [
              37.606156,
              55.7109348
            ],
            [
              37.6061627,
              55.7107431
            ],
            [
              37.6063216,
              55.709838
            ],
            [
              37.6064072,
              55.7095388
            ],
            [
              37.6067428,
              55.7088582
            ],
            [
              37.607042,
              55.7083062
            ],
            [
              37.6070829,
              55.7082671
            ],
            [
              37.6071625,
              55.7082267
            ],
            [
              37.6073149,
              55.7082005
            ],
            [
              37.6096756,
              55.7083351
            ],
            [
              37.610246,
              55.7084059
            ],
            [
              37.6104218,
              55.7083848
            ],
            [
              37.6105554,
              55.708317
            ],
            [
              37.6106025,
              55.7082543
            ],
            [
              37.6106111,
              55.7082031
            ],
            [
              37.6105413,
              55.7075299
            ],
            [
              37.6104809,
              55.7067025
            ],
            [
              37.6104846,
              55.7065132
            ],
            [
              37.6105485,
              55.7063481
            ],
            [
              37.6113993,
              55.7053766
            ],
            [
              37.6124121,
              55.7042754
            ],
            [
              37.6130232,
              55.7036236
            ],
            [
              37.6142029,
              55.7024487
            ],
            [
              37.6143446,
              55.7022273
            ],
            [
              37.6144216,
              55.7018459
            ],
            [
              37.6144985,
              55.7016988
            ],
            [
              37.6146196,
              55.7015613
            ],
            [
              37.6149652,
              55.7012306
            ],
            [
              37.6150961,
              55.7010627
            ],
            [
              37.6151108,
              55.7009535
            ],
            [
              37.6150435,
              55.7007966
            ],
            [
              37.6142166,
              55.699825
            ],
            [
              37.6124442,
              55.6979028
            ],
            [
              37.6116799,
              55.6970511
            ],
            [
              37.6099152,
              55.6951944
            ],
            [
              37.6094552,
              55.6947792
            ],
            [
              37.6092208,
              55.694652
            ],
            [
              37.6069838,
              55.693773
            ],
            [
              37.5988938,
              55.6906756
            ],
            [
              37.5985126,
              55.6905186
            ],
            [
              37.5981571,
              55.6903433
            ],
            [
              37.5978299,
              55.6901512
            ],
            [
              37.5975337,
              55.6899438
            ],
            [
              37.5972592,
              55.6897119
            ],
            [
              37.5960196,
              55.6886003
            ],
            [
              37.5958478,
              55.6884299
            ],
            [
              37.5955322,
              55.6880496
            ],
            [
              37.5894043,
              55.6824238
            ],
            [
              37.5876637,
              55.680833
            ],
            [
              37.5874615,
              55.6806654
            ],
            [
              37.5872342,
              55.6805083
            ],
            [
              37.5867918,
              55.6802746
            ],
            [
              37.5866221,
              55.680257
            ],
            [
              37.5861247,
              55.6803428
            ],
            [
              37.5859295,
              55.6803382
            ],
            [
              37.5857645,
              55.6802791
            ],
            [
              37.5855517,
              55.680087
            ]
          ]
        ]
      },
      "properties": {
        "ID": 4436,
        "RouteNumber": "38",
        "RouteName": "Черёмушки - Проезд Энтузиастов",
        "TrackOfFollowing": "Черёмушки - Улица Дмитрия Ульянова - Улица Винокурова - Улица Шверника - Загородное шоссе - Севастопольский просп., 1 - Больница имени Алексеева - Спортивная школа «Тринта» - Духовской переулок - 3 - я Рощинская улица - 3 - й Верхний Михайловский проезд - Серпуховский Вал - Хавская ул. - Даниловский рынок - Метро «Тульская» - Свято - Данилов монастырь - Улица Даниловский Вал - 1 - й Павловский переулок - Дубининская улица, 57 - Жуков проезд - Стремянный переулок - Павелецкий вокзал - Кожевническая улица - Новоспасский мост - Динамовская улица - Метро «Пролетарская» - Кинотеатр «Победа» - Абельмановская Застава - Новорогожская улица - Библиотечная улица - Метро «Площадь Ильича» - МЦД Москва - Товарная - Старообрядческая улица - Душинская улица - Горбатый путепровод - Метро «Авиамоторная» - Метро «Авиамоторная» - Дом культуры «Компрессор» - Проезд Энтузиастов",
        "ReverseTrackOfFollowing": "Проезд Энтузиастов - Д/к «Компрессор» - Метро «Авиамоторная» - Метро «Авиамоторная» - Горбатый путепровод - Душинская улица - Старообрядческая улица - МЦД Москва - Товарная - Метро «Площадь Ильича» - Библиотечная улица - Новорогожская улица - Малая Андроньевская улица - Абельмановская Застава - Кинотеатр «Победа» - Метро «Пролетарская» - Динамовская улица - Новоспасский мост - Кожевническая улица - Павелецкий вокзал - Павелецкий вокзал - Стремянный переулок - Жуков проезд - Дубининская улица, 57 - 1 - й Павловский переулок - Улица Даниловский Вал - Свято - Данилов монастырь - Метро «Тульская» - Даниловский рынок - Хавская ул. - Серпуховский Вал - 3 - я Рощинская улица - Духовской переулок - Спортивная школа «Тринта» - Больница имени Алексеева - Севастопольский проспект, 1 - Загородное шоссе - Ул. Шверника - Ул. Винокурова - Ул. Дмитрия Ульянова - Черёмушки",
        "TypeOfTransport": "Трамвай",
        "CarrierName": "ГУП Мосгортранс",
        "global_id": 5102385155
      }
    },
    {
      "type": "Feature",
      "geometry": {
        "type": "MultiLineString",
        "coordinates": [
          [
            [
              37.6191396,
              55.8221062
            ],
            [
              37.6191423,
              55.8223258
            ],
            [
              37.6191225,
              55.8224615
            ],
            [
              37.6190816,
              55.8225189
            ],
            [
              37.619018,
              55.8225694
            ],
            [
              37.6188716,
              55.8226306
            ],
            [
              37.6187098,
              55.8226551
            ],
            [
              37.6166429,
              55.82274
            ],
            [
              37.6164652,
              55.822776
            ],
            [
              37.6163254,
              55.8228474
            ],
            [
              37.6162555,
              55.822923
            ],
            [
              37.6162332,
              55.8229923
            ],
            [
              37.6162832,
              55.8235936
            ],
            [
              37.6162202,
              55.8241398
            ],
            [
              37.6161915,
              55.8241932
            ],
            [
              37.6161287,
              55.8242363
            ],
            [
              37.6160025,
              55.8242675
            ],
            [
              37.6158842,
              55.8242609
            ],
            [
              37.6153125,
              55.8241048
            ],
            [
              37.6152319,
              55.8240578
            ],
            [
              37.6151944,
              55.8240098
            ],
            [
              37.6151914,
              55.8239317
            ],
            [
              37.6152517,
              55.8238612
            ],
            [
              37.6155923,
              55.8236447
            ],
            [
              37.6159623,
              55.8234551
            ],
            [
              37.616075,
              55.8233698
            ],
            [
              37.616149,
              55.823272
            ],
            [
              37.616175,
              55.8232026
            ],
            [
              37.6161668,
              55.8230066
            ],
            [
              37.616183,
              55.8229348
            ],
            [
              37.6162298,
              55.8228658
            ],
            [
              37.6163305,
              55.8227895
            ],
            [
              37.61647,
              55.8227335
            ],
            [
              37.6166359,
              55.8227043
            ],
            [
              37.6187149,
              55.8226189
            ],
            [
              37.6188699,
              55.8225952
            ],
            [
              37.6190018,
              55.8225304
            ],
            [
              37.6190616,
              55.8224553
            ],
            [
              37.6190781,
              55.8223575
            ],
            [
              37.6190765,
              55.8220423
            ],
            [
              37.6191022,
              55.8219817
            ],
            [
              37.6192062,
              55.8219008
            ],
            [
              37.6193751,
              55.8218554
            ],
            [
              37.6200584,
              55.8218339
            ],
            [
              37.6293057,
              55.8217805
            ],
            [
              37.6296888,
              55.8218106
            ],
            [
              37.6308673,
              55.8220528
            ],
            [
              37.6313453,
              55.8221265
            ],
            [
              37.6348133,
              55.8220114
            ],
            [
              37.6350682,
              55.8220208
            ],
            [
              37.6352245,
              55.8220504
            ],
            [
              37.6358584,
              55.8222389
            ],
            [
              37.6359384,
              55.8222959
            ],
            [
              37.6360346,
              55.8224116
            ],
            [
              37.6362577,
              55.8226219
            ],
            [
              37.6363651,
              55.8227045
            ],
            [
              37.6366112,
              55.8228526
            ],
            [
              37.6399022,
              55.8245709
            ],
            [
              37.6448084,
              55.8270724
            ],
            [
              37.6452396,
              55.8272742
            ],
            [
              37.6453361,
              55.8272953
            ],
            [
              37.6454652,
              55.8272965
            ],
            [
              37.6465327,
              55.8270543
            ],
            [
              37.6469931,
              55.8269179
            ],
            [
              37.6480898,
              55.8265539
            ],
            [
              37.649448,
              55.8260985
            ],
            [
              37.6511171,
              55.8254984
            ],
            [
              37.6519892,
              55.8250583
            ],
            [
              37.6522859,
              55.8249315
            ],
            [
              37.6567428,
              55.8234301
            ],
            [
              37.6617386,
              55.8218532
            ],
            [
              37.665872,
              55.8206436
            ],
            [
              37.6682974,
              55.8199635
            ],
            [
              37.6712478,
              55.819086
            ],
            [
              37.6750505,
              55.8180084
            ],
            [
              37.6757006,
              55.8178556
            ],
            [
              37.6765135,
              55.8177018
            ],
            [
              37.6791368,
              55.8172766
            ],
            [
              37.6794392,
              55.8172115
            ],
            [
              37.6798347,
              55.817071
            ],
            [
              37.6817943,
              55.8161712
            ],
            [
              37.6824059,
              55.8158683
            ],
            [
              37.6829508,
              55.815651
            ],
            [
              37.6832412,
              55.8155621
            ],
            [
              37.6838546,
              55.8154242
            ],
            [
              37.6849613,
              55.8152892
            ],
            [
              37.6852647,
              55.8152215
            ],
            [
              37.686728,
              55.8141449
            ],
            [
              37.6868143,
              55.8140716
            ],
            [
              37.6868773,
              55.8139926
            ],
            [
              37.6869058,
              55.8139075
            ],
            [
              37.6869042,
              55.8138468
            ],
            [
              37.6868461,
              55.8137261
            ],
            [
              37.6863243,
              55.8130299
            ],
            [
              37.6849052,
              55.8112551
            ],
            [
              37.684789,
              55.8110734
            ],
            [
              37.6847848,
              55.8110284
            ],
            [
              37.6848082,
              55.8109699
            ],
            [
              37.6848934,
              55.8108934
            ],
            [
              37.6888142,
              55.8079992
            ],
            [
              37.6902428,
              55.8068871
            ],
            [
              37.6917188,
              55.8057731
            ],
            [
              37.6917559,
              55.8057296
            ],
            [
              37.6917618,
              55.8056786
            ],
            [
              37.6917446,
              55.805644
            ],
            [
              37.6908301,
              55.8048112
            ],
            [
              37.6898441,
              55.8038484
            ],
            [
              37.6892936,
              55.8033419
            ],
            [
              37.6884915,
              55.8026783
            ],
            [
              37.6882918,
              55.8024815
            ],
            [
              37.6882131,
              55.8023771
            ],
            [
              37.6870993,
              55.8004869
            ],
            [
              37.6869234,
              55.8002095
            ],
            [
              37.6867181,
              55.799953
            ],
            [
              37.6864764,
              55.7997051
            ],
            [
              37.6858877,
              55.7991733
            ],
            [
              37.6832474,
              55.7964294
            ],
            [
              37.6830874,
              55.7962404
            ],
            [
              37.6830351,
              55.796157
            ],
            [
              37.6829483,
              55.7959576
            ],
            [
              37.6824576,
              55.7946127
            ],
            [
              37.6821535,
              55.7938512
            ],
            [
              37.6817306,
              55.7928971
            ],
            [
              37.6816718,
              55.7928432
            ],
            [
              37.6815809,
              55.7928061
            ],
            [
              37.6804554,
              55.7925313
            ],
            [
              37.680373,
              55.7924866
            ],
            [
              37.6803115,
              55.7924085
            ],
            [
              37.6803029,
              55.7923397
            ],
            [
              37.680325,
              55.7922801
            ],
            [
              37.6808089,
              55.7915387
            ],
            [
              37.6808184,
              55.7915052
            ],
            [
              37.6808037,
              55.7914731
            ],
            [
              37.6807278,
              55.7914317
            ],
            [
              37.6799562,
              55.7912606
            ],
            [
              37.679822,
              55.7912781
            ],
            [
              37.6797451,
              55.7913322
            ],
            [
              37.6793027,
              55.7920544
            ]
          ],
          [
            [
              37.679729,
              55.7913586
            ],
            [
              37.6792905,
              55.7920764
            ],
            [
              37.6792828,
              55.7921547
            ],
            [
              37.6793156,
              55.7922148
            ],
            [
              37.6794,
              55.7922772
            ],
            [
              37.6794942,
              55.7923109
            ],
            [
              37.6805726,
              55.7925291
            ],
            [
              37.6815772,
              55.7927685
            ],
            [
              37.6817011,
              55.7928127
            ],
            [
              37.6817732,
              55.792865
            ],
            [
              37.6819114,
              55.7931396
            ],
            [
              37.6822156,
              55.793843
            ],
            [
              37.6825199,
              55.7946051
            ],
            [
              37.6830103,
              55.7959494
            ],
            [
              37.6830988,
              55.7961487
            ],
            [
              37.6831897,
              55.7962826
            ],
            [
              37.6859442,
              55.7991565
            ],
            [
              37.6865316,
              55.7996872
            ],
            [
              37.6867751,
              55.799937
            ],
            [
              37.6869825,
              55.8001961
            ],
            [
              37.6871596,
              55.8004752
            ],
            [
              37.6882809,
              55.8023756
            ],
            [
              37.6884014,
              55.8025342
            ],
            [
              37.6893473,
              55.8033225
            ],
            [
              37.6898989,
              55.80383
            ],
            [
              37.6908849,
              55.8047928
            ],
            [
              37.6918134,
              55.8056384
            ],
            [
              37.6918356,
              55.8056784
            ],
            [
              37.6918309,
              55.8057307
            ],
            [
              37.691791,
              55.805778
            ],
            [
              37.6902942,
              55.8069084
            ],
            [
              37.6888653,
              55.8080206
            ],
            [
              37.6848675,
              55.8109832
            ],
            [
              37.6848484,
              55.8110307
            ],
            [
              37.6848519,
              55.8110673
            ],
            [
              37.6849641,
              55.8112413
            ],
            [
              37.6863828,
              55.8130156
            ],
            [
              37.6869053,
              55.8137127
            ],
            [
              37.686968,
              55.8138449
            ],
            [
              37.6869529,
              55.8139726
            ],
            [
              37.6868984,
              55.8140596
            ],
            [
              37.6868421,
              55.8141135
            ],
            [
              37.6853125,
              55.8152446
            ],
            [
              37.6849837,
              55.8153245
            ],
            [
              37.6838729,
              55.8154586
            ],
            [
              37.6832694,
              55.8155943
            ],
            [
              37.6829834,
              55.8156818
            ],
            [
              37.6824472,
              55.8158957
            ],
            [
              37.6818355,
              55.8161987
            ],
            [
              37.6798747,
              55.817099
            ],
            [
              37.6794677,
              55.8172437
            ],
            [
              37.6791559,
              55.8173109
            ],
            [
              37.6765324,
              55.8177361
            ],
            [
              37.6757214,
              55.8178896
            ],
            [
              37.6750785,
              55.8180407
            ],
            [
              37.6712768,
              55.819118
            ],
            [
              37.6683857,
              55.8199783
            ],
            [
              37.6673086,
              55.820291
            ],
            [
              37.6659005,
              55.8206758
            ],
            [
              37.6617686,
              55.8218849
            ],
            [
              37.6567748,
              55.8234612
            ],
            [
              37.6523206,
              55.8249616
            ],
            [
              37.6520307,
              55.8250856
            ],
            [
              37.6511523,
              55.8255284
            ],
            [
              37.6494815,
              55.8261291
            ],
            [
              37.6480913,
              55.8265952
            ],
            [
              37.6470244,
              55.8269492
            ],
            [
              37.646548,
              55.8270892
            ],
            [
              37.6454766,
              55.8273319
            ],
            [
              37.6453226,
              55.8273304
            ],
            [
              37.6452074,
              55.8273052
            ],
            [
              37.6447877,
              55.8271102
            ],
            [
              37.6398592,
              55.8245974
            ],
            [
              37.6365672,
              55.8228786
            ],
            [
              37.6362182,
              55.8226573
            ],
            [
              37.6360238,
              55.822481
            ],
            [
              37.6358793,
              55.8223123
            ],
            [
              37.6357924,
              55.8222563
            ],
            [
              37.6350939,
              55.8220605
            ],
            [
              37.6348087,
              55.8220473
            ],
            [
              37.6313412,
              55.8221624
            ],
            [
              37.630846,
              55.8220867
            ],
            [
              37.6296677,
              55.8218445
            ],
            [
              37.6293986,
              55.8218174
            ],
            [
              37.623632,
              55.8218432
            ],
            [
              37.6195327,
              55.8218795
            ],
            [
              37.6193055,
              55.8219065
            ],
            [
              37.6192282,
              55.8219382
            ],
            [
              37.6191721,
              55.8219818
            ],
            [
              37.6191399,
              55.8220464
            ],
            [
              37.6191423,
              55.8223258
            ],
            [
              37.6191225,
              55.8224615
            ],
            [
              37.6190415,
              55.8225535
            ],
            [
              37.6189041,
              55.822621
            ],
            [
              37.6187098,
              55.8226551
            ],
            [
              37.6169676,
              55.8227264
            ]
          ]
        ]
      },
      "properties": {
        "ID": 4437,
        "RouteNumber": "25",
        "RouteName": "Усадьба Останкино - Метро «Сокольники»",
        "TrackOfFollowing": "Усадьба Останкино - Усадьба Останкино - Аргуновская улица - Улица Цандера - ВДНХ (южный вход) - Метро «ВДНХ» - ВДНХ (северный вход) - Проспект Мира - Ярославская улица - Улица Бориса Галушкина, 17 - Площадь Академика Люльки - Станция Юных натуралистов - Лингвистический университет - Ростокинский проезд - Б. Ширяевская ул. - 2 - й Ширяевский переулок - Б. Оленья ул. - Майский просек - Ул. Короленко - Охотничья улица - ПКиО «Сокольники» - Метро «Сокольники»",
        "ReverseTrackOfFollowing": "Метро «Сокольники» - Метро «Сокольники» - ПКиО «Сокольники» - Охотничья улица - Ул. Короленко - Майский просек - Большая Оленья улица - 2 - й Ширяевский переулок - Б. Ширяевская ул. - Ростокинский проезд - Лингвистический университет - Станция Юных натуралистов - Площадь Академика Люльки - Улица Бориса Галушкина, 17 - Ярославская улица - Проспект Мира - ВДНХ (северный вход) - Метро «ВДНХ» - ВДНХ (южный вход) - Улица Цандера - Аргуновская улица - Усадьба Останкино",
        "TypeOfTransport": "Трамвай",
        "CarrierName": "ГУП Мосгортранс",
        "global_id": 5102385158
      }
    },
    {
      "type": "Feature",
      "geometry": {
        "type": "MultiLineString",
        "coordinates": [
          [
            [
              37.766367,
              55.8289703
            ],
            [
              37.7663313,
              55.8286437
            ],
            [
              37.7663053,
              55.8285485
            ],
            [
              37.7662532,
              55.8284567
            ],
            [
              37.7661762,
              55.8283706
            ],
            [
              37.7660183,
              55.8282568
            ],
            [
              37.7583282,
              55.8245174
            ],
            [
              37.75676,
              55.8237328
            ],
            [
              37.7550939,
              55.8228393
            ],
            [
              37.7541748,
              55.822306
            ],
            [
              37.7516117,
              55.8210044
            ],
            [
              37.751085,
              55.8207682
            ],
            [
              37.7476953,
              55.8194732
            ],
            [
              37.7467426,
              55.8190886
            ],
            [
              37.7425851,
              55.8172968
            ],
            [
              37.7421545,
              55.8170816
            ],
            [
              37.7388516,
              55.8151743
            ],
            [
              37.7355419,
              55.8132922
            ],
            [
              37.7320315,
              55.8112473
            ],
            [
              37.7308855,
              55.8106025
            ],
            [
              37.727174,
              55.8084476
            ],
            [
              37.7267785,
              55.808207
            ],
            [
              37.7266756,
              55.8081216
            ],
            [
              37.7265977,
              55.8080282
            ],
            [
              37.7265317,
              55.8078782
            ],
            [
              37.7265232,
              55.8077751
            ],
            [
              37.7265476,
              55.8076705
            ],
            [
              37.7283405,
              55.8042561
            ],
            [
              37.7285528,
              55.8038129
            ],
            [
              37.7286738,
              55.8035157
            ],
            [
              37.7286613,
              55.803462
            ],
            [
              37.7286201,
              55.8034132
            ],
            [
              37.7284922,
              55.8033532
            ],
            [
              37.7269987,
              55.8030655
            ],
            [
              37.7269028,
              55.8030226
            ],
            [
              37.7268491,
              55.8029805
            ],
            [
              37.7268143,
              55.8029325
            ],
            [
              37.7268005,
              55.802864
            ],
            [
              37.7269955,
              55.8024423
            ],
            [
              37.7275536,
              55.8013757
            ],
            [
              37.7289584,
              55.7987566
            ],
            [
              37.7290091,
              55.798618
            ],
            [
              37.7289928,
              55.7985503
            ],
            [
              37.728949,
              55.7984866
            ],
            [
              37.7288506,
              55.7984139
            ],
            [
              37.7287135,
              55.79836
            ],
            [
              37.7149636,
              55.7959535
            ],
            [
              37.7147702,
              55.7959028
            ],
            [
              37.7146031,
              55.7958176
            ],
            [
              37.7145119,
              55.7957359
            ],
            [
              37.7144475,
              55.7956127
            ],
            [
              37.7144386,
              55.7955299
            ],
            [
              37.714453,
              55.7953595
            ],
            [
              37.7147441,
              55.7925576
            ],
            [
              37.7147725,
              55.7924366
            ],
            [
              37.7148338,
              55.7923205
            ],
            [
              37.7149841,
              55.7921601
            ],
            [
              37.7151196,
              55.7920661
            ],
            [
              37.7154488,
              55.7918822
            ],
            [
              37.7156538,
              55.7917186
            ],
            [
              37.7157584,
              55.7915913
            ],
            [
              37.7158254,
              55.7914591
            ],
            [
              37.7160144,
              55.7909228
            ],
            [
              37.7165552,
              55.789178
            ],
            [
              37.7175995,
              55.7855922
            ],
            [
              37.7182063,
              55.7837678
            ],
            [
              37.7187869,
              55.7822006
            ],
            [
              37.7187982,
              55.782088
            ],
            [
              37.7187692,
              55.7819271
            ],
            [
              37.7182756,
              55.7803377
            ],
            [
              37.718269,
              55.7802692
            ],
            [
              37.7182909,
              55.7802018
            ],
            [
              37.7183401,
              55.7801391
            ],
            [
              37.7184434,
              55.7800688
            ],
            [
              37.718731,
              55.7799806
            ],
            [
              37.719047,
              55.7799256
            ],
            [
              37.720423,
              55.7797409
            ],
            [
              37.7205553,
              55.7797
            ],
            [
              37.7206498,
              55.7796336
            ],
            [
              37.7206882,
              55.7795689
            ],
            [
              37.7206183,
              55.7789111
            ],
            [
              37.7206034,
              55.7786338
            ],
            [
              37.7206123,
              55.7785412
            ],
            [
              37.7206944,
              55.7783171
            ],
            [
              37.7208216,
              55.7781363
            ],
            [
              37.7220694,
              55.7767988
            ],
            [
              37.7323368,
              55.7654644
            ],
            [
              37.7345631,
              55.7630835
            ],
            [
              37.7393771,
              55.7578247
            ],
            [
              37.7405811,
              55.7565486
            ],
            [
              37.7406256,
              55.7565064
            ],
            [
              37.740751,
              55.7564496
            ],
            [
              37.740942,
              55.7564124
            ],
            [
              37.7411439,
              55.7564183
            ],
            [
              37.7447721,
              55.7571176
            ],
            [
              37.7451514,
              55.7572266
            ],
            [
              37.7457503,
              55.7574956
            ],
            [
              37.746476,
              55.7576244
            ],
            [
              37.7466927,
              55.7576792
            ],
            [
              37.7467638,
              55.7577209
            ],
            [
              37.7468367,
              55.7577918
            ],
            [
              37.7469093,
              55.7579564
            ],
            [
              37.7470095,
              55.7589224
            ],
            [
              37.7470512,
              55.7591057
            ],
            [
              37.7471097,
              55.7592325
            ],
            [
              37.7471555,
              55.7592889
            ],
            [
              37.7472278,
              55.7593356
            ],
            [
              37.7473548,
              55.7593764
            ],
            [
              37.7476222,
              55.7593865
            ],
            [
              37.7479554,
              55.7593713
            ],
            [
              37.7481219,
              55.7593291
            ],
            [
              37.7482331,
              55.7592692
            ],
            [
              37.7482857,
              55.7592112
            ],
            [
              37.7483069,
              55.7591471
            ],
            [
              37.7483091,
              55.7587032
            ],
            [
              37.748328,
              55.7586009
            ],
            [
              37.7484266,
              55.7584995
            ],
            [
              37.7486367,
              55.7583994
            ],
            [
              37.7489082,
              55.7583496
            ],
            [
              37.7504147,
              55.7582835
            ],
            [
              37.75067,
              55.7582791
            ],
            [
              37.7510755,
              55.7583001
            ],
            [
              37.7555369,
              55.7591587
            ],
            [
              37.7676104,
              55.7615403
            ],
            [
              37.772467,
              55.762457
            ],
            [
              37.7814847,
              55.7642097
            ],
            [
              37.7817499,
              55.7642874
            ],
            [
              37.7819543,
              55.7643894
            ],
            [
              37.7827695,
              55.7649895
            ],
            [
              37.7829338,
              55.7650933
            ],
            [
              37.7830968,
              55.7651261
            ],
            [
              37.7834874,
              55.7650945
            ],
            [
              37.7837244,
              55.7650418
            ],
            [
              37.7839244,
              55.7649655
            ],
            [
              37.784092,
              55.7648579
            ],
            [
              37.7841746,
              55.7647602
            ],
            [
              37.7861247,
              55.7615094
            ],
            [
              37.7876734,
              55.7589938
            ],
            [
              37.7894313,
              55.7559782
            ],
            [
              37.7908912,
              55.7534096
            ],
            [
              37.7915072,
              55.7523567
            ],
            [
              37.7915997,
              55.7522243
            ],
            [
              37.7917416,
              55.7521395
            ],
            [
              37.791971,
              55.752099
            ],
            [
              37.7922398,
              55.7521218
            ],
            [
              37.8004076,
              55.7536873
            ],
            [
              37.8007748,
              55.753737
            ],
            [
              37.8013383,
              55.7537492
            ],
            [
              37.8019541,
              55.7536838
            ],
            [
              37.8189961,
              55.7512259
            ],
            [
              37.8190887,
              55.7511911
            ],
            [
              37.8191278,
              55.7511518
            ],
            [
              37.8191354,
              55.751098
            ],
            [
              37.8175429,
              55.7473133
            ],
            [
              37.8170909,
              55.7461825
            ],
            [
              37.8166881,
              55.7453827
            ],
            [
              37.8166482,
              55.745334
            ],
            [
              37.816573,
              55.7452858
            ],
            [
              37.8159883,
              55.7450822
            ],
            [
              37.8159096,
              55.7450427
            ],
            [
              37.815841,
              55.7449844
            ]
          ],
          [
            [
              37.8167044,
              55.7454176
            ],
            [
              37.816658,
              55.7453433
            ],
            [
              37.816573,
              55.7452858
            ],
            [
              37.8159883,
              55.7450822
            ],
            [
              37.8158872,
              55.7450274
            ],
            [
              37.8157704,
              55.7448983
            ],
            [
              37.8157703,
              55.7448403
            ],
            [
              37.8158009,
              55.7447733
            ],
            [
              37.8158896,
              55.7446938
            ],
            [
              37.8160239,
              55.7446487
            ],
            [
              37.816184,
              55.7446469
            ],
            [
              37.8163468,
              55.7446903
            ],
            [
              37.8164568,
              55.7447707
            ],
            [
              37.8165383,
              55.7449357
            ],
            [
              37.8166999,
              55.7451026
            ],
            [
              37.8167596,
              55.7451917
            ],
            [
              37.8169239,
              55.7455818
            ],
            [
              37.8169456,
              55.7457579
            ],
            [
              37.8169908,
              55.7458768
            ],
            [
              37.819194,
              55.7510845
            ],
            [
              37.8191995,
              55.7511306
            ],
            [
              37.8191792,
              55.7511769
            ],
            [
              37.8190877,
              55.7512415
            ],
            [
              37.8190121,
              55.7512629
            ],
            [
              37.8019697,
              55.7537186
            ],
            [
              37.8013433,
              55.753785
            ],
            [
              37.8009569,
              55.7537852
            ],
            [
              37.8003891,
              55.7537217
            ],
            [
              37.7922208,
              55.7521561
            ],
            [
              37.7919137,
              55.7521385
            ],
            [
              37.791802,
              55.752161
            ],
            [
              37.791708,
              55.7522018
            ],
            [
              37.791629,
              55.7522731
            ],
            [
              37.7909518,
              55.7534207
            ],
            [
              37.7894919,
              55.7559892
            ],
            [
              37.7877338,
              55.7590053
            ],
            [
              37.786185,
              55.761521
            ],
            [
              37.7842346,
              55.7647725
            ],
            [
              37.7841458,
              55.7648771
            ],
            [
              37.783965,
              55.7649931
            ],
            [
              37.7837546,
              55.7650734
            ],
            [
              37.7835036,
              55.7651292
            ],
            [
              37.783095,
              55.765162
            ],
            [
              37.7828949,
              55.7651218
            ],
            [
              37.7827198,
              55.765012
            ],
            [
              37.7819068,
              55.7644134
            ],
            [
              37.7817116,
              55.7643162
            ],
            [
              37.7814729,
              55.7642454
            ],
            [
              37.7724466,
              55.762491
            ],
            [
              37.7675896,
              55.7615742
            ],
            [
              37.7555162,
              55.7591927
            ],
            [
              37.7511123,
              55.7583447
            ],
            [
              37.7509214,
              55.7583242
            ],
            [
              37.7504182,
              55.7583194
            ],
            [
              37.7489146,
              55.7583854
            ],
            [
              37.7486679,
              55.7584308
            ],
            [
              37.7484763,
              55.7585221
            ],
            [
              37.7483897,
              55.7586101
            ],
            [
              37.7483728,
              55.7587047
            ],
            [
              37.7483703,
              55.7591503
            ],
            [
              37.7483449,
              55.7592244
            ],
            [
              37.7482832,
              55.7592914
            ],
            [
              37.7481101,
              55.7593761
            ],
            [
              37.7479632,
              55.759407
            ],
            [
              37.74749,
              55.7594236
            ],
            [
              37.7473316,
              55.7594098
            ],
            [
              37.7472176,
              55.7593767
            ],
            [
              37.7471251,
              55.7593266
            ],
            [
              37.7470615,
              55.7592638
            ],
            [
              37.7470087,
              55.7591628
            ],
            [
              37.7469459,
              55.7589247
            ],
            [
              37.7468459,
              55.7579607
            ],
            [
              37.746778,
              55.7578059
            ],
            [
              37.7466535,
              55.7577076
            ],
            [
              37.7464554,
              55.7576584
            ],
            [
              37.7457176,
              55.7575264
            ],
            [
              37.7451151,
              55.7572561
            ],
            [
              37.7447501,
              55.7571514
            ],
            [
              37.7413418,
              55.7564888
            ],
            [
              37.7410046,
              55.7564474
            ],
            [
              37.7408774,
              55.7564587
            ],
            [
              37.7407612,
              55.7564899
            ],
            [
              37.7406746,
              55.7565325
            ],
            [
              37.7405766,
              55.756629
            ],
            [
              37.7394335,
              55.7578414
            ],
            [
              37.7346187,
              55.7630992
            ],
            [
              37.7323934,
              55.7654809
            ],
            [
              37.7221261,
              55.7768152
            ],
            [
              37.7208803,
              55.7781503
            ],
            [
              37.7207554,
              55.7783276
            ],
            [
              37.7206758,
              55.7785438
            ],
            [
              37.7206672,
              55.7786357
            ],
            [
              37.7206858,
              55.7789149
            ],
            [
              37.7207525,
              55.7795628
            ],
            [
              37.7207063,
              55.7796502
            ],
            [
              37.7205982,
              55.7797266
            ],
            [
              37.7204445,
              55.7797747
            ],
            [
              37.7187546,
              55.7800139
            ],
            [
              37.7184972,
              55.7800912
            ],
            [
              37.718402,
              55.780154
            ],
            [
              37.718356,
              55.7802104
            ],
            [
              37.7183345,
              55.7802713
            ],
            [
              37.7183389,
              55.7803333
            ],
            [
              37.7188297,
              55.781923
            ],
            [
              37.7188622,
              55.7821077
            ],
            [
              37.7188436,
              55.7822403
            ],
            [
              37.718215,
              55.7839232
            ],
            [
              37.717716,
              55.7854203
            ],
            [
              37.716618,
              55.789184
            ],
            [
              37.7160771,
              55.7909294
            ],
            [
              37.7158877,
              55.7914668
            ],
            [
              37.7158173,
              55.7916051
            ],
            [
              37.7157081,
              55.7917375
            ],
            [
              37.7154974,
              55.7919054
            ],
            [
              37.7151658,
              55.7920908
            ],
            [
              37.7150366,
              55.7921804
            ],
            [
              37.7148933,
              55.7923334
            ],
            [
              37.7148348,
              55.7924441
            ],
            [
              37.7148077,
              55.7925603
            ],
            [
              37.7145019,
              55.7955337
            ],
            [
              37.7145194,
              55.7956371
            ],
            [
              37.7145937,
              55.7957465
            ],
            [
              37.7147644,
              55.7958565
            ],
            [
              37.7149782,
              55.7959182
            ],
            [
              37.7254247,
              55.7977551
            ],
            [
              37.7287558,
              55.7983269
            ],
            [
              37.728956,
              55.798406
            ],
            [
              37.7290261,
              55.798463
            ],
            [
              37.7290707,
              55.7985277
            ],
            [
              37.7290821,
              55.7986426
            ],
            [
              37.7276148,
              55.8013859
            ],
            [
              37.7270568,
              55.8024521
            ],
            [
              37.7268646,
              55.8028651
            ],
            [
              37.7268703,
              55.8029086
            ],
            [
              37.7269055,
              55.802963
            ],
            [
              37.7270311,
              55.8030345
            ],
            [
              37.7285692,
              55.803336
            ],
            [
              37.7286882,
              55.8034068
            ],
            [
              37.7287225,
              55.8034519
            ],
            [
              37.7287375,
              55.8035166
            ],
            [
              37.7286146,
              55.8038218
            ],
            [
              37.7284019,
              55.8042658
            ],
            [
              37.726598,
              55.8077038
            ],
            [
              37.7265888,
              55.8078233
            ],
            [
              37.7266106,
              55.8079212
            ],
            [
              37.7266934,
              55.8080614
            ],
            [
              37.7267801,
              55.8081471
            ],
            [
              37.7272202,
              55.8084228
            ],
            [
              37.7282744,
              55.8090392
            ],
            [
              37.730931,
              55.8105772
            ],
            [
              37.7320769,
              55.811222
            ],
            [
              37.7355791,
              55.8132622
            ],
            [
              37.738897,
              55.8151491
            ],
            [
              37.7422135,
              55.8170654
            ],
            [
              37.7425077,
              55.8172165
            ],
            [
              37.7467806,
              55.8190598
            ],
            [
              37.7477319,
              55.8194438
            ],
            [
              37.751144,
              55.8207492
            ],
            [
              37.7516768,
              55.8209885
            ],
            [
              37.7542817,
              55.8223136
            ],
            [
              37.7551391,
              55.822814
            ],
            [
              37.75643,
              55.8235142
            ],
            [
              37.7583703,
              55.8244904
            ],
            [
              37.7646142,
              55.8275254
            ],
            [
              37.7660419,
              55.8282287
            ],
            [
              37.7663244,
              55.8283879
            ],
            [
              37.7668758,
              55.8285993
            ],
            [
              37.7675834,
              55.8289306
            ],
            [
              37.7677952,
              55.8290926
            ],
            [
              37.7682329,
              55.829309
            ],
            [
              37.7682832,
              55.8293784
            ],
            [
              37.768272,
              55.8294532
            ],
            [
              37.7682017,
              55.8295169
            ],
            [
              37.7677932,
              55.8297337
            ],
            [
              37.7676914,
              55.8297612
            ],
            [
              37.7675727,
              55.8297642
            ],
            [
              37.7674288,
              55.8297284
            ],
            [
              37.7665425,
              55.8292901
            ],
            [
              37.7664461,
              55.8292233
            ],
            [
              37.7663913,
              55.8291436
            ],
            [
              37.7663217,
              55.8285958
            ],
            [
              37.7662825,
              55.828502
            ],
            [
              37.7661762,
              55.8283706
            ],
            [
              37.7659557,
              55.8282239
            ],
            [
              37.7645725,
              55.8275526
            ]
          ]
        ]
      },
      "properties": {
        "ID": 4440,
        "RouteNumber": "36",
        "RouteName": "Метрогородок - МЦД Новогиреево",
        "TrackOfFollowing": "Метрогородок - Детские ясли - сад - Монтажная ул. - Консультативно - диагностический центр - Тагильская ул. - Плодоовощной комбинат - Метро «Бульвар Рокоссовского» - Районный центр «Янтарь» - Просторная ул. - Черкизово - Халтуринская улица - Зельев переулок - Метро «Преображенская площадь» - Метро «Преображенская площадь» - Улица Преображенский Вал - Улица Измайловский Вал - Метро «Семёновская» - Кирпичная улица - Вольная улица - 10 - я улица Соколиной Горы - 9 - я улица Соколиной Горы - 8 - я улица Соколиной Горы - Проспект Будённого, 24 - 5 - я улица Соколиной Горы - 3 - я улица Соколиной Горы - Гаражная улица - Проспект Будённого - МЦК Шоссе Энтузиастов - Метро «Шоссе Энтузиастов» - Улица Плеханова - Главная аллея - Кинотеатр «Слава» - 2 - я Владимирская улица - 3 - я Владимирская улица - МФЦ Перово - Улица Металлургов - Федеративный проспект - Перово Поле - Новогиреевская ул., 37 - Мартеновская ул. - Зеленый просп., 65 - Метро «Новогиреево» - Метро «Новогиреево» - Улица Алексея Дикого - МЦД Новогиреево",
        "ReverseTrackOfFollowing": "МЦД Новогиреево - МЦД Новогиреево - Улица Алексея Дикого - Метро «Новогиреево» - Метро «Новогиреево» - Зелёный проспект, 65 - Мартеновская ул. - Новогиреевская улица, 37 - Перово Поле - Федеративный проспект - Улица Металлургов - МФЦ Перово - 3 - я Владимирская улица - 2 - я Владимирская улица - Кинотеатр «Слава» - Главная ал. - Улица Плеханова - Метро «Шоссе Энтузиастов» - МЦК Шоссе Энтузиастов - Проспект Будённого - Гаражная улица - 3 - я улица Соколиной Горы - 5 - я улица Соколиной Горы - Проспект Будённого, 24 - 8 - я улица Соколиной Горы - 9 - я улица Соколиной Горы - 10 - я улица Соколиной Горы - Вольная улица - Кирпичная улица - Метро «Семёновская» - Улица Измайловский Вал - Улица Преображенский Вал - Преображенское кладбище - Метро «Преображенская площадь» - Метро «Преображенская площадь» - Зельев пер. - Халтуринская улица - Черкизово - Просторная ул. - Районный центр «Янтарь» - Метро «Бульвар Рокоссовского» - Плодоовощной комбинат - Тагильская улица - Консультативно - диагностический центр - Монтажная ул. - Детские ясли - сад - Метрогородок - Метрогородок",
        "TypeOfTransport": "Трамвай",
        "CarrierName": "ГУП Мосгортранс",
        "global_id": 5102385159
      }
    },
    {
      "type": "Feature",
      "geometry": {
        "type": "MultiLineString",
        "coordinates": [
          [
            [
              37.6605689,
              55.7555474
            ],
            [
              37.6598397,
              55.7555622
            ],
            [
              37.6594641,
              55.7556068
            ],
            [
              37.6593085,
              55.7555969
            ],
            [
              37.6592177,
              55.7555786
            ],
            [
              37.659148,
              55.7555411
            ],
            [
              37.6590998,
              55.7554789
            ],
            [
              37.6590871,
              55.7554214
            ],
            [
              37.6591272,
              55.7553359
            ],
            [
              37.6592126,
              55.7552523
            ],
            [
              37.6593177,
              55.7551906
            ],
            [
              37.6594484,
              55.7551443
            ],
            [
              37.6596387,
              55.7551145
            ],
            [
              37.6604552,
              55.7550754
            ],
            [
              37.6606257,
              55.7550256
            ],
            [
              37.6607045,
              55.7549501
            ],
            [
              37.660742,
              55.754852
            ],
            [
              37.660713,
              55.7545604
            ],
            [
              37.6607465,
              55.7545106
            ],
            [
              37.6608234,
              55.7544637
            ],
            [
              37.6609578,
              55.7544241
            ],
            [
              37.6626122,
              55.7541425
            ],
            [
              37.6629735,
              55.7540142
            ],
            [
              37.6631269,
              55.75393
            ],
            [
              37.663258,
              55.7538346
            ],
            [
              37.6634176,
              55.753664
            ],
            [
              37.6648335,
              55.7517249
            ],
            [
              37.6659491,
              55.7502602
            ],
            [
              37.6670275,
              55.7490681
            ],
            [
              37.6689262,
              55.7470414
            ],
            [
              37.6690753,
              55.7469496
            ],
            [
              37.6692093,
              55.7469144
            ],
            [
              37.6693189,
              55.7469043
            ],
            [
              37.669456,
              55.7469123
            ],
            [
              37.6701267,
              55.7470219
            ],
            [
              37.670291,
              55.7470728
            ],
            [
              37.6704226,
              55.747137
            ],
            [
              37.6706054,
              55.7472819
            ],
            [
              37.670885,
              55.7475661
            ],
            [
              37.6714993,
              55.7482869
            ],
            [
              37.6716387,
              55.7483862
            ],
            [
              37.6718024,
              55.7484505
            ],
            [
              37.6720537,
              55.7484878
            ],
            [
              37.6727721,
              55.748466
            ],
            [
              37.6736235,
              55.7483872
            ],
            [
              37.6742863,
              55.7482795
            ],
            [
              37.674762,
              55.7482606
            ],
            [
              37.6749967,
              55.7482898
            ],
            [
              37.67521,
              55.7483523
            ],
            [
              37.6753297,
              55.748405
            ],
            [
              37.6755769,
              55.7485823
            ],
            [
              37.675975,
              55.7489923
            ],
            [
              37.6762367,
              55.7492937
            ],
            [
              37.6766212,
              55.7498818
            ],
            [
              37.677026,
              55.7504421
            ],
            [
              37.679298,
              55.7534323
            ],
            [
              37.6795382,
              55.7537044
            ],
            [
              37.6796216,
              55.7537767
            ],
            [
              37.684264,
              55.7570916
            ],
            [
              37.6857993,
              55.7582127
            ],
            [
              37.6858499,
              55.7583005
            ],
            [
              37.685914,
              55.7585961
            ],
            [
              37.6861498,
              55.75933
            ],
            [
              37.686199,
              55.7596017
            ],
            [
              37.686169,
              55.7596716
            ],
            [
              37.6860856,
              55.759748
            ],
            [
              37.6856489,
              55.7599736
            ],
            [
              37.6855875,
              55.7600486
            ],
            [
              37.685579,
              55.7601473
            ],
            [
              37.6857008,
              55.7603235
            ],
            [
              37.6867928,
              55.7614708
            ],
            [
              37.686853,
              55.7615116
            ],
            [
              37.6869364,
              55.7615364
            ],
            [
              37.6870302,
              55.7615412
            ],
            [
              37.6871321,
              55.7615215
            ],
            [
              37.693633,
              55.759178
            ],
            [
              37.7053194,
              55.7553431
            ],
            [
              37.7080394,
              55.7544327
            ],
            [
              37.7117526,
              55.7531255
            ],
            [
              37.7119639,
              55.7531008
            ],
            [
              37.7121883,
              55.7531209
            ],
            [
              37.7157116,
              55.7538376
            ],
            [
              37.7158078,
              55.7538817
            ],
            [
              37.715883,
              55.7539371
            ],
            [
              37.7159333,
              55.754001
            ],
            [
              37.7159591,
              55.7540672
            ],
            [
              37.7160374,
              55.7550086
            ],
            [
              37.7160884,
              55.7561353
            ],
            [
              37.7162994,
              55.7593542
            ],
            [
              37.7162919,
              55.7594211
            ],
            [
              37.7162498,
              55.7595188
            ],
            [
              37.7160747,
              55.7596946
            ],
            [
              37.7159261,
              55.7597823
            ],
            [
              37.71561,
              55.7599083
            ],
            [
              37.7107728,
              55.761777
            ],
            [
              37.7066803,
              55.7633809
            ],
            [
              37.7061979,
              55.7635085
            ],
            [
              37.7050059,
              55.7637553
            ],
            [
              37.7048063,
              55.7638195
            ],
            [
              37.7022278,
              55.7649718
            ],
            [
              37.6989454,
              55.7664813
            ],
            [
              37.6987751,
              55.7665374
            ],
            [
              37.6982523,
              55.7666126
            ],
            [
              37.69806,
              55.7666661
            ],
            [
              37.6979493,
              55.7667371
            ],
            [
              37.6978883,
              55.7668252
            ],
            [
              37.6978805,
              55.7669008
            ],
            [
              37.697923,
              55.7669923
            ],
            [
              37.6979963,
              55.7670565
            ],
            [
              37.698286,
              55.7672405
            ],
            [
              37.7011557,
              55.7689696
            ],
            [
              37.7027111,
              55.7699424
            ],
            [
              37.7029043,
              55.7700219
            ],
            [
              37.70459,
              55.770561
            ],
            [
              37.7048015,
              55.7706458
            ],
            [
              37.7050057,
              55.7707623
            ],
            [
              37.7055452,
              55.7711853
            ],
            [
              37.7056598,
              55.7712558
            ],
            [
              37.7070978,
              55.7718628
            ],
            [
              37.7101612,
              55.773382
            ],
            [
              37.711677,
              55.7741619
            ],
            [
              37.7119354,
              55.7743861
            ],
            [
              37.7120717,
              55.7744679
            ],
            [
              37.7204888,
              55.7786881
            ],
            [
              37.720611,
              55.7787968
            ],
            [
              37.7206858,
              55.7789149
            ],
            [
              37.7207525,
              55.7795628
            ],
            [
              37.7207224,
              55.7796309
            ],
            [
              37.7206703,
              55.7796829
            ],
            [
              37.7205683,
              55.7797397
            ],
            [
              37.7204445,
              55.7797747
            ],
            [
              37.7187546,
              55.7800139
            ],
            [
              37.7184702,
              55.7801053
            ],
            [
              37.718384,
              55.7801721
            ],
            [
              37.718346,
              55.7802303
            ],
            [
              37.7183331,
              55.780292
            ],
            [
              37.7183467,
              55.7803609
            ],
            [
              37.7188297,
              55.781923
            ],
            [
              37.7189409,
              55.7820355
            ],
            [
              37.7190981,
              55.7821208
            ],
            [
              37.7192989,
              55.7821845
            ],
            [
              37.7217973,
              55.7822943
            ],
            [
              37.7267884,
              55.7824715
            ],
            [
              37.7307226,
              55.7826307
            ],
            [
              37.7345418,
              55.7828067
            ],
            [
              37.7369665,
              55.7828979
            ],
            [
              37.7458707,
              55.7831983
            ],
            [
              37.7459861,
              55.7832356
            ],
            [
              37.7460701,
              55.7832937
            ],
            [
              37.7461029,
              55.7833402
            ],
            [
              37.7461202,
              55.783423
            ],
            [
              37.7457873,
              55.7852235
            ],
            [
              37.7458055,
              55.7853212
            ],
            [
              37.7458996,
              55.785469
            ],
            [
              37.7459866,
              55.7855575
            ],
            [
              37.7463394,
              55.7858402
            ],
            [
              37.7474772,
              55.7865693
            ],
            [
              37.7475235,
              55.7866345
            ],
            [
              37.7475415,
              55.786704
            ],
            [
              37.747496,
              55.7870718
            ]
          ],
          [
            [
              37.7471703,
              55.7863778
            ],
            [
              37.7474558,
              55.7865491
            ],
            [
              37.7475235,
              55.7866345
            ],
            [
              37.747541,
              55.7867275
            ],
            [
              37.7474911,
              55.78711
            ],
            [
              37.7474684,
              55.7871652
            ],
            [
              37.7474165,
              55.7872138
            ],
            [
              37.7473405,
              55.7872509
            ],
            [
              37.7472479,
              55.787273
            ],
            [
              37.7471175,
              55.7872775
            ],
            [
              37.7469396,
              55.7872428
            ],
            [
              37.7468262,
              55.7871813
            ],
            [
              37.7467566,
              55.7870886
            ],
            [
              37.7467556,
              55.7870034
            ],
            [
              37.7467969,
              55.7869392
            ],
            [
              37.7468616,
              55.7868906
            ],
            [
              37.7472205,
              55.7867508
            ],
            [
              37.7472892,
              55.7867111
            ],
            [
              37.7473328,
              55.7866614
            ],
            [
              37.7473463,
              55.7866205
            ],
            [
              37.7473215,
              55.7865389
            ],
            [
              37.7472691,
              55.786492
            ],
            [
              37.7463893,
              55.7859356
            ],
            [
              37.746018,
              55.7856472
            ],
            [
              37.7458455,
              55.7854834
            ],
            [
              37.7457879,
              55.7854077
            ],
            [
              37.7457253,
              55.7852693
            ],
            [
              37.7457188,
              55.7852202
            ],
            [
              37.7460548,
              55.7834249
            ],
            [
              37.746045,
              55.7833488
            ],
            [
              37.7459977,
              55.7832921
            ],
            [
              37.7459175,
              55.7832487
            ],
            [
              37.7458151,
              55.7832244
            ],
            [
              37.741985,
              55.7831103
            ],
            [
              37.7345372,
              55.7828425
            ],
            [
              37.7293952,
              55.7826119
            ],
            [
              37.7209341,
              55.7822937
            ],
            [
              37.7192944,
              55.7822173
            ],
            [
              37.7191034,
              55.7821691
            ],
            [
              37.7188884,
              55.782056
            ],
            [
              37.7187692,
              55.7819271
            ],
            [
              37.7182756,
              55.7803377
            ],
            [
              37.7182805,
              55.7802239
            ],
            [
              37.7183401,
              55.7801391
            ],
            [
              37.7184139,
              55.7800846
            ],
            [
              37.7185083,
              55.7800414
            ],
            [
              37.718731,
              55.7799806
            ],
            [
              37.719047,
              55.7799256
            ],
            [
              37.720423,
              55.7797409
            ],
            [
              37.7205986,
              55.779676
            ],
            [
              37.7206628,
              55.7796181
            ],
            [
              37.7206882,
              55.7795689
            ],
            [
              37.7206183,
              55.7789111
            ],
            [
              37.7205535,
              55.7788123
            ],
            [
              37.7204394,
              55.7787108
            ],
            [
              37.7193257,
              55.7781419
            ],
            [
              37.7120562,
              55.7745128
            ],
            [
              37.7118664,
              55.7743905
            ],
            [
              37.7116134,
              55.774177
            ],
            [
              37.7105846,
              55.7736424
            ],
            [
              37.7070573,
              55.7718905
            ],
            [
              37.7056159,
              55.7712812
            ],
            [
              37.7054946,
              55.7712071
            ],
            [
              37.704956,
              55.7707848
            ],
            [
              37.70476,
              55.7706731
            ],
            [
              37.704564,
              55.7705944
            ],
            [
              37.7028716,
              55.7700527
            ],
            [
              37.7026667,
              55.7699681
            ],
            [
              37.7011086,
              55.7689938
            ],
            [
              37.6981852,
              55.7672306
            ],
            [
              37.6979234,
              55.7670626
            ],
            [
              37.6978504,
              55.7669874
            ],
            [
              37.6978153,
              55.7668823
            ],
            [
              37.6978346,
              55.7667972
            ],
            [
              37.6979158,
              55.7667005
            ],
            [
              37.6980202,
              55.7666381
            ],
            [
              37.6981867,
              55.7665868
            ],
            [
              37.6987336,
              55.7665073
            ],
            [
              37.6989039,
              55.766454
            ],
            [
              37.7021877,
              55.7649438
            ],
            [
              37.70477,
              55.76379
            ],
            [
              37.7049797,
              55.7637226
            ],
            [
              37.7061746,
              55.763475
            ],
            [
              37.7066462,
              55.7633506
            ],
            [
              37.7107369,
              55.7617474
            ],
            [
              37.7157217,
              55.759822
            ],
            [
              37.7158848,
              55.7597548
            ],
            [
              37.7160241,
              55.7596728
            ],
            [
              37.7161624,
              55.7595433
            ],
            [
              37.7162141,
              55.7594648
            ],
            [
              37.7162356,
              55.7593819
            ],
            [
              37.7162294,
              55.7592316
            ],
            [
              37.7160247,
              55.7561364
            ],
            [
              37.7159737,
              55.7550099
            ],
            [
              37.7158998,
              55.7540732
            ],
            [
              37.7158283,
              55.7539554
            ],
            [
              37.7156776,
              55.753868
            ],
            [
              37.7135645,
              55.7534481
            ],
            [
              37.712232,
              55.7531656
            ],
            [
              37.7120068,
              55.7531373
            ],
            [
              37.7117791,
              55.7531582
            ],
            [
              37.7080726,
              55.7544634
            ],
            [
              37.7053517,
              55.755374
            ],
            [
              37.6936664,
              55.7592086
            ],
            [
              37.687167,
              55.7615519
            ],
            [
              37.6870394,
              55.7615768
            ],
            [
              37.6869207,
              55.7615712
            ],
            [
              37.686811,
              55.7615387
            ],
            [
              37.6867374,
              55.7614886
            ],
            [
              37.6856417,
              55.7603361
            ],
            [
              37.6855556,
              55.7602364
            ],
            [
              37.6855046,
              55.7601398
            ],
            [
              37.6854676,
              55.7599626
            ],
            [
              37.6854491,
              55.7596892
            ],
            [
              37.6853215,
              55.7586312
            ],
            [
              37.6853393,
              55.7585883
            ],
            [
              37.6853862,
              55.7585447
            ],
            [
              37.6856684,
              55.7584204
            ],
            [
              37.6857336,
              55.7583775
            ],
            [
              37.6857736,
              55.7583022
            ],
            [
              37.6857462,
              55.7582251
            ],
            [
              37.6795047,
              55.7537413
            ],
            [
              37.6792397,
              55.7534467
            ],
            [
              37.6774755,
              55.7511324
            ],
            [
              37.6767226,
              55.7501215
            ],
            [
              37.6761204,
              55.7492408
            ],
            [
              37.6755621,
              55.7486287
            ],
            [
              37.6753539,
              55.748474
            ],
            [
              37.6751547,
              55.7483755
            ],
            [
              37.6749408,
              55.7483236
            ],
            [
              37.6746471,
              55.7482923
            ],
            [
              37.6743147,
              55.7483028
            ],
            [
              37.6734819,
              55.7484395
            ],
            [
              37.6727721,
              55.7485022
            ],
            [
              37.672119,
              55.7485282
            ],
            [
              37.6718976,
              55.7485067
            ],
            [
              37.6717219,
              55.7484694
            ],
            [
              37.6715542,
              55.748402
            ],
            [
              37.6714484,
              55.7483256
            ],
            [
              37.6704397,
              55.7472036
            ],
            [
              37.6703376,
              55.7471303
            ],
            [
              37.670242,
              55.7470824
            ],
            [
              37.6701142,
              55.7470476
            ],
            [
              37.6695002,
              55.7469552
            ],
            [
              37.6693496,
              55.7469467
            ],
            [
              37.669167,
              55.7469734
            ],
            [
              37.6689922,
              55.7470541
            ],
            [
              37.667084,
              55.7490846
            ],
            [
              37.6660069,
              55.7502752
            ],
            [
              37.6648922,
              55.7517388
            ],
            [
              37.6634761,
              55.7536783
            ],
            [
              37.6633109,
              55.7538546
            ],
            [
              37.6631743,
              55.7539539
            ],
            [
              37.6630146,
              55.7540416
            ],
            [
              37.6626383,
              55.7541753
            ],
            [
              37.6609879,
              55.7544578
            ],
            [
              37.6608572,
              55.7544957
            ],
            [
              37.660798,
              55.754538
            ],
            [
              37.6607743,
              55.7545902
            ],
            [
              37.660839,
              55.755043
            ],
            [
              37.660859,
              55.7553016
            ],
            [
              37.6608285,
              55.7554038
            ],
            [
              37.6607698,
              55.7554742
            ],
            [
              37.6606776,
              55.755524
            ],
            [
              37.6605689,
              55.7555474
            ],
            [
              37.6598397,
              55.7555622
            ],
            [
              37.6594641,
              55.7556068
            ]
          ]
        ]
      },
      "properties": {
        "ID": 4441,
        "RouteNumber": "32",
        "RouteName": "Курский вокзал - Метро «Партизанская»",
        "TrackOfFollowing": "Курский вокзал - 3 - й Сыромятнический переулок - Дом культуры Метростроя - Костомаровский мост - Музей имени Андрея Рублёва - Дом культуры «Серп и Молот» - Трамвайно - ремонтный завод - Библиотека имени Грина - Красноказарменная площадь - Лефортовский мост - Лефортовский мост - 1 - й Краснокурсантский проезд - Улица Лефортовский Вал - МЭИ - Метро «Авиамоторная» - Метро «Авиамоторная» - Юрьевский переулок - Авиамоторная улица, 2 - Метро «Лефортово» - Солдатская улица - Госпитальная площадь - Введенское кладб. - Ухтомская улица - Улица Семёновский Вал - Кирпичная улица - Метро «Семёновская» - Улица Ибрагимова - Фортунатовская ул. - Мост Окружной железной дороги - Метро «Партизанская»",
        "ReverseTrackOfFollowing": "Метро «Партизанская» - Метро «Партизанская» - Мост Окружной железной дороги - Фортунатовская улица - Улица Ибрагимова - Метро «Семёновская» - Метро «Семёновская» - Кирпичная улица - Ул. Семеновский Вал - Ухтомская улица - Введенское кладбище - Госпитальная площадь - Солдатская улица - Метро «Лефортово» - Авиамоторная улица, 2 - Юрьевский переулок - Метро «Авиамоторная» - Метро «Авиамоторная» - МЭИ - Улица Лефортовский Вал - 1 - й Краснокурсантский проезд - Лефортовский мост - Лефортовский мост - Красноказарменная площадь - Библиотека имени Грина - Трамвайно - ремонтный завод - Дом культуры «Серп и Молот» - Музей имени Андрея Рублёва - Костомаровский мост - Дом культуры Метростроя - 3 - й Сыромятнический переулок - Курский вокзал",
        "TypeOfTransport": "Трамвай",
        "CarrierName": "ГУП Мосгортранс",
        "global_id": 5102385160
      }
    },
    {
      "type": "Feature",
      "geometry": {
        "type": "MultiLineString",
        "coordinates": [
          [
            [
              37.4538068,
              55.7802862
            ],
            [
              37.4536632,
              55.77996
            ],
            [
              37.453673,
              55.7799124
            ],
            [
              37.4537111,
              55.7798697
            ],
            [
              37.4537729,
              55.7798368
            ],
            [
              37.4541573,
              55.7797736
            ],
            [
              37.4543819,
              55.7797676
            ],
            [
              37.4545625,
              55.7798152
            ],
            [
              37.4546873,
              55.779903
            ],
            [
              37.4561544,
              55.7830653
            ],
            [
              37.4561943,
              55.7831828
            ],
            [
              37.4561918,
              55.7832844
            ],
            [
              37.4561649,
              55.7833914
            ],
            [
              37.4560892,
              55.7835375
            ],
            [
              37.4549407,
              55.7852242
            ],
            [
              37.4544915,
              55.7859262
            ],
            [
              37.4543011,
              55.7863843
            ],
            [
              37.45417,
              55.7868704
            ],
            [
              37.4541537,
              55.7874297
            ],
            [
              37.4541537,
              55.7889215
            ],
            [
              37.4543647,
              55.7915804
            ],
            [
              37.4544287,
              55.7930487
            ],
            [
              37.4544332,
              55.7943737
            ],
            [
              37.4543958,
              55.7946379
            ],
            [
              37.454338,
              55.7948315
            ],
            [
              37.4542535,
              55.7950219
            ],
            [
              37.4541426,
              55.795208
            ],
            [
              37.4540062,
              55.7953887
            ],
            [
              37.4538451,
              55.7955628
            ],
            [
              37.451181,
              55.7977795
            ],
            [
              37.4507631,
              55.7981466
            ],
            [
              37.4506028,
              55.7983109
            ],
            [
              37.4504607,
              55.7984989
            ],
            [
              37.4503478,
              55.7987358
            ],
            [
              37.4503153,
              55.798996
            ],
            [
              37.4503061,
              55.8010772
            ],
            [
              37.4503404,
              55.8017425
            ],
            [
              37.4504074,
              55.8025394
            ],
            [
              37.4504753,
              55.8038496
            ],
            [
              37.4505128,
              55.8042827
            ],
            [
              37.4505335,
              55.8043548
            ],
            [
              37.4506542,
              55.8046049
            ],
            [
              37.4508165,
              55.804787
            ],
            [
              37.4510501,
              55.8049427
            ],
            [
              37.451829,
              55.805354
            ],
            [
              37.4520569,
              55.8054513
            ],
            [
              37.4522344,
              55.8055011
            ],
            [
              37.4538025,
              55.8056187
            ],
            [
              37.455284,
              55.8057586
            ],
            [
              37.4557145,
              55.805829
            ],
            [
              37.4561366,
              55.8059188
            ],
            [
              37.4565394,
              55.8060255
            ],
            [
              37.4569126,
              55.8061346
            ],
            [
              37.4574136,
              55.8063337
            ],
            [
              37.4578067,
              55.8065353
            ],
            [
              37.4581388,
              55.8067689
            ],
            [
              37.4614683,
              55.8096146
            ],
            [
              37.46163,
              55.8097179
            ],
            [
              37.4618205,
              55.8097981
            ],
            [
              37.4621268,
              55.8098783
            ],
            [
              37.4623353,
              55.8099055
            ],
            [
              37.4705618,
              55.8101694
            ],
            [
              37.480213,
              55.8105122
            ],
            [
              37.4839384,
              55.8106146
            ],
            [
              37.484147,
              55.8106015
            ],
            [
              37.4844336,
              55.8105512
            ],
            [
              37.4885701,
              55.8091463
            ],
            [
              37.488707,
              55.8091114
            ],
            [
              37.4889047,
              55.8090946
            ],
            [
              37.489146,
              55.8091193
            ],
            [
              37.4907279,
              55.8095426
            ],
            [
              37.4908559,
              55.8095641
            ],
            [
              37.4911332,
              55.8095426
            ],
            [
              37.491792,
              55.8093983
            ],
            [
              37.4919172,
              55.8093494
            ],
            [
              37.4919723,
              55.8093011
            ],
            [
              37.4919983,
              55.8092455
            ],
            [
              37.4919925,
              55.8091881
            ],
            [
              37.4919616,
              55.8091316
            ],
            [
              37.4918624,
              55.8090387
            ],
            [
              37.4916288,
              55.8089069
            ],
            [
              37.4914938,
              55.808885
            ],
            [
              37.4913447,
              55.8089014
            ],
            [
              37.491183,
              55.8089575
            ],
            [
              37.4910645,
              55.8090419
            ],
            [
              37.4901797,
              55.810121
            ],
            [
              37.4901069,
              55.8102646
            ],
            [
              37.490075,
              55.8104129
            ],
            [
              37.4900785,
              55.8106425
            ],
            [
              37.4901117,
              55.8107796
            ],
            [
              37.4901463,
              55.8108637
            ],
            [
              37.4902501,
              55.8110261
            ],
            [
              37.4907342,
              55.8115526
            ],
            [
              37.4910751,
              55.8118783
            ],
            [
              37.4912035,
              55.8119831
            ],
            [
              37.4913517,
              55.81207
            ],
            [
              37.4956056,
              55.8136355
            ],
            [
              37.4959698,
              55.8137424
            ],
            [
              37.4962802,
              55.813797
            ],
            [
              37.4977301,
              55.8139296
            ],
            [
              37.5009772,
              55.8144738
            ],
            [
              37.5019723,
              55.8144877
            ],
            [
              37.5032841,
              55.8143862
            ],
            [
              37.5034607,
              55.8144046
            ],
            [
              37.5035817,
              55.8144382
            ],
            [
              37.5037008,
              55.8144943
            ],
            [
              37.503793,
              55.814574
            ],
            [
              37.5038314,
              55.8146355
            ],
            [
              37.5038502,
              55.8147232
            ],
            [
              37.5037853,
              55.8152607
            ],
            [
              37.5037626,
              55.8153471
            ],
            [
              37.5037161,
              55.8154304
            ],
            [
              37.5025926,
              55.8169058
            ],
            [
              37.5014254,
              55.8182816
            ],
            [
              37.5013352,
              55.8183433
            ],
            [
              37.5012476,
              55.8183775
            ],
            [
              37.501007,
              55.8184069
            ],
            [
              37.5008006,
              55.8183752
            ],
            [
              37.4999902,
              55.8181699
            ],
            [
              37.4998024,
              55.8181655
            ],
            [
              37.4996315,
              55.8182096
            ],
            [
              37.499527,
              55.8182789
            ],
            [
              37.4985927,
              55.8193662
            ],
            [
              37.498595,
              55.819434
            ],
            [
              37.4987692,
              55.8196228
            ],
            [
              37.4988372,
              55.8197439
            ],
            [
              37.4988423,
              55.8198346
            ],
            [
              37.4988013,
              55.8199074
            ],
            [
              37.498731,
              55.8199502
            ],
            [
              37.4986496,
              55.8199725
            ],
            [
              37.4984002,
              55.8199882
            ],
            [
              37.4981528,
              55.8199524
            ],
            [
              37.4980148,
              55.8198742
            ],
            [
              37.4979637,
              55.8197816
            ],
            [
              37.4979743,
              55.8197169
            ],
            [
              37.4980053,
              55.8196695
            ],
            [
              37.4981128,
              55.8195794
            ],
            [
              37.4984494,
              55.8194088
            ],
            [
              37.498542,
              55.8193399
            ],
            [
              37.4991856,
              55.8185964
            ],
            [
              37.4992424,
              55.8185156
            ],
            [
              37.4993046,
              55.8183077
            ],
            [
              37.4993715,
              55.8182202
            ]
          ],
          [
            [
              37.4990244,
              55.8187818
            ],
            [
              37.4992424,
              55.8185156
            ],
            [
              37.4993046,
              55.8183077
            ],
            [
              37.4993525,
              55.8182369
            ],
            [
              37.4994668,
              55.8181626
            ],
            [
              37.4996095,
              55.8181172
            ],
            [
              37.4997415,
              55.8180997
            ],
            [
              37.499923,
              55.8181145
            ],
            [
              37.5009804,
              55.8183694
            ],
            [
              37.5011024,
              55.8183682
            ],
            [
              37.5012177,
              55.8183458
            ],
            [
              37.5013711,
              55.8182628
            ],
            [
              37.5025345,
              55.816891
            ],
            [
              37.5036813,
              55.8153785
            ],
            [
              37.5037217,
              55.815258
            ],
            [
              37.5037865,
              55.8147212
            ],
            [
              37.5037696,
              55.8146443
            ],
            [
              37.5037404,
              55.8145961
            ],
            [
              37.5036773,
              55.8145345
            ],
            [
              37.5035681,
              55.8144765
            ],
            [
              37.5034394,
              55.8144385
            ],
            [
              37.5032824,
              55.8144222
            ],
            [
              37.5019817,
              55.814521
            ],
            [
              37.5010144,
              55.8145154
            ],
            [
              37.4977169,
              55.8139648
            ],
            [
              37.4964269,
              55.813849
            ],
            [
              37.4961022,
              55.8138071
            ],
            [
              37.4957911,
              55.8137367
            ],
            [
              37.4955713,
              55.8136658
            ],
            [
              37.4913094,
              55.8120968
            ],
            [
              37.4910842,
              55.8119577
            ],
            [
              37.4906784,
              55.8115699
            ],
            [
              37.490192,
              55.8110409
            ],
            [
              37.4900841,
              55.8108718
            ],
            [
              37.4900486,
              55.8107848
            ],
            [
              37.4900148,
              55.8106438
            ],
            [
              37.4900166,
              55.8104088
            ],
            [
              37.4900491,
              55.8102559
            ],
            [
              37.4901237,
              55.8101077
            ],
            [
              37.4910322,
              55.8090019
            ],
            [
              37.4911599,
              55.8089211
            ],
            [
              37.4913238,
              55.8088674
            ],
            [
              37.4915219,
              55.8088498
            ],
            [
              37.4916624,
              55.8088764
            ],
            [
              37.4919129,
              55.8090167
            ],
            [
              37.492038,
              55.8091451
            ],
            [
              37.492063,
              55.8092132
            ],
            [
              37.4920515,
              55.8092816
            ],
            [
              37.4920018,
              55.8093459
            ],
            [
              37.4919416,
              55.8093867
            ],
            [
              37.4918164,
              55.8094315
            ],
            [
              37.4911483,
              55.8095775
            ],
            [
              37.4908475,
              55.8095996
            ],
            [
              37.4907052,
              55.809575
            ],
            [
              37.4891254,
              55.8091533
            ],
            [
              37.4889042,
              55.8091305
            ],
            [
              37.4887262,
              55.8091456
            ],
            [
              37.4844665,
              55.810582
            ],
            [
              37.4841757,
              55.8106329
            ],
            [
              37.4839465,
              55.8106483
            ],
            [
              37.4802094,
              55.8105481
            ],
            [
              37.4705579,
              55.8102052
            ],
            [
              37.4623252,
              55.809941
            ],
            [
              37.4619926,
              55.8098878
            ],
            [
              37.4617871,
              55.8098287
            ],
            [
              37.4616006,
              55.8097522
            ],
            [
              37.4614175,
              55.8096374
            ],
            [
              37.4580868,
              55.8067896
            ],
            [
              37.4577602,
              55.8065599
            ],
            [
              37.4573738,
              55.8063618
            ],
            [
              37.4568817,
              55.806166
            ],
            [
              37.4561095,
              55.8059513
            ],
            [
              37.4556943,
              55.805863
            ],
            [
              37.4552682,
              55.8057934
            ],
            [
              37.4537931,
              55.8056542
            ],
            [
              37.4522483,
              55.8055382
            ],
            [
              37.4519531,
              55.8054552
            ],
            [
              37.4517874,
              55.8053813
            ],
            [
              37.4510056,
              55.8049684
            ],
            [
              37.4507633,
              55.8048068
            ],
            [
              37.4505869,
              55.8046054
            ],
            [
              37.4505204,
              55.8044848
            ],
            [
              37.4504483,
              55.8042869
            ],
            [
              37.4502423,
              55.8010777
            ],
            [
              37.4502515,
              55.7989957
            ],
            [
              37.4502623,
              55.7988205
            ],
            [
              37.4503029,
              55.7986715
            ],
            [
              37.4504002,
              55.7984875
            ],
            [
              37.4504942,
              55.7983547
            ],
            [
              37.4507273,
              55.7981126
            ],
            [
              37.4511277,
              55.7977598
            ],
            [
              37.4537898,
              55.7955449
            ],
            [
              37.4539486,
              55.7953734
            ],
            [
              37.454083,
              55.7951953
            ],
            [
              37.4541923,
              55.7950119
            ],
            [
              37.4542756,
              55.7948242
            ],
            [
              37.454358,
              55.7944935
            ],
            [
              37.4543695,
              55.7943738
            ],
            [
              37.454365,
              55.7930492
            ],
            [
              37.454301,
              55.7915817
            ],
            [
              37.45409,
              55.7889222
            ],
            [
              37.4540899,
              55.7874295
            ],
            [
              37.4541065,
              55.7868673
            ],
            [
              37.4542336,
              55.7863777
            ],
            [
              37.4544304,
              55.7859159
            ],
            [
              37.454881,
              55.7852115
            ],
            [
              37.4560331,
              55.783527
            ],
            [
              37.4561192,
              55.7833432
            ],
            [
              37.4561354,
              55.7832415
            ],
            [
              37.4561232,
              55.7831396
            ],
            [
              37.4560948,
              55.783063
            ],
            [
              37.4558224,
              55.7825037
            ],
            [
              37.4550883,
              55.7809055
            ],
            [
              37.4549397,
              55.7806299
            ],
            [
              37.454888,
              55.7806003
            ],
            [
              37.4547565,
              55.7805715
            ],
            [
              37.4545719,
              55.780572
            ],
            [
              37.454153,
              55.7806141
            ],
            [
              37.4540558,
              55.7805983
            ],
            [
              37.453974,
              55.7805648
            ],
            [
              37.453902,
              55.7804929
            ],
            [
              37.4536632,
              55.77996
            ],
            [
              37.453673,
              55.7799124
            ],
            [
              37.4537111,
              55.7798697
            ],
            [
              37.4537729,
              55.7798368
            ],
            [
              37.4541573,
              55.7797736
            ],
            [
              37.4543154,
              55.7797629
            ],
            [
              37.4544463,
              55.779778
            ],
            [
              37.4545625,
              55.7798152
            ],
            [
              37.4546527,
              55.7798708
            ],
            [
              37.4547172,
              55.7799582
            ]
          ]
        ]
      },
      "properties": {
        "ID": 4442,
        "RouteNumber": "31",
        "RouteName": "Проспект Маршала Жукова - Метро «Войковская»",
        "TrackOfFollowing": "Проспект Маршала Жукова - Проспект Маршала Жукова - Улица Маршала Тухачевского - Бассейн - Ул. Рогова - Улица Академика Зильбера - Детская поликлиника - Метро «Щукинская» - Диспансер - Покровское - Стрешнево - Улица Академика Курчатова - Пехотная улица - Панфиловский путепровод - МЦК Стрешнево - Факультетский переулок - Ул. Константина Царева - Мост Победы - 1 - й Новоподмосковный переулок - Метро «Войковская» - Метро «Войковская»",
        "ReverseTrackOfFollowing": "Метро «Войковская» - 1 - й Новоподмосковный переулок - Мост Победы - Ул. Константина Царева - Факультетский переулок - МЦК Стрешнево - Панфиловский путепровод - Пехотная улица - Ул. Акад. Курчатова - Диспансер - Метро «Щукинская» - Медицинский центр имени Бурназяна - Детская п - ка - Улица Академика Зильбера - Ул. Рогова - Бассейн - Ул. Марш. Тухачевского - Проспект Маршала Жукова",
        "TypeOfTransport": "Трамвай",
        "CarrierName": "ГУП Мосгортранс",
        "global_id": 5102385162
      }
    },
    {
      "type": "Feature",
      "geometry": {
        "type": "MultiLineString",
        "coordinates": [
          [
            [
              37.3879759,
              55.7994212
            ],
            [
              37.3880095,
              55.7993282
            ],
            [
              37.3881561,
              55.7992457
            ],
            [
              37.3882884,
              55.7992274
            ],
            [
              37.3884603,
              55.7992583
            ],
            [
              37.3886472,
              55.7993472
            ],
            [
              37.3902564,
              55.8002763
            ],
            [
              37.3904549,
              55.8003268
            ],
            [
              37.3906317,
              55.8003432
            ],
            [
              37.3909258,
              55.800318
            ],
            [
              37.3967644,
              55.7990805
            ],
            [
              37.397348,
              55.798974
            ],
            [
              37.3976449,
              55.798938
            ],
            [
              37.398322,
              55.7989053
            ],
            [
              37.3987668,
              55.7989084
            ],
            [
              37.3994802,
              55.798953
            ],
            [
              37.4049538,
              55.7994082
            ],
            [
              37.4053652,
              55.7994635
            ],
            [
              37.4057525,
              55.7995537
            ],
            [
              37.40611,
              55.7996769
            ],
            [
              37.406533,
              55.7998916
            ],
            [
              37.4067906,
              55.8000753
            ],
            [
              37.4069972,
              55.8002828
            ],
            [
              37.4104183,
              55.8053114
            ],
            [
              37.4105171,
              55.8053975
            ],
            [
              37.41062,
              55.8054485
            ],
            [
              37.4107487,
              55.8054896
            ],
            [
              37.4109088,
              55.8055174
            ],
            [
              37.4110761,
              55.8055235
            ],
            [
              37.4113997,
              55.8054942
            ],
            [
              37.4164505,
              55.8047955
            ],
            [
              37.4239343,
              55.8038401
            ],
            [
              37.424811,
              55.8037561
            ],
            [
              37.4254832,
              55.8037278
            ],
            [
              37.4268018,
              55.8036968
            ],
            [
              37.4277432,
              55.8037093
            ],
            [
              37.4287799,
              55.8038456
            ],
            [
              37.4340499,
              55.8046788
            ],
            [
              37.4345384,
              55.8047514
            ],
            [
              37.4351019,
              55.8048104
            ],
            [
              37.435673,
              55.8048444
            ],
            [
              37.4449107,
              55.8051826
            ],
            [
              37.4505271,
              55.8054126
            ],
            [
              37.4529581,
              55.805549
            ],
            [
              37.4550446,
              55.8057286
            ],
            [
              37.4557145,
              55.805829
            ],
            [
              37.4561366,
              55.8059188
            ],
            [
              37.4569126,
              55.8061346
            ],
            [
              37.4574136,
              55.8063337
            ],
            [
              37.4578067,
              55.8065353
            ],
            [
              37.4579813,
              55.8066487
            ],
            [
              37.458241,
              55.8068536
            ],
            [
              37.4614683,
              55.8096146
            ],
            [
              37.46163,
              55.8097179
            ],
            [
              37.4618205,
              55.8097981
            ],
            [
              37.4621268,
              55.8098783
            ],
            [
              37.4623353,
              55.8099055
            ],
            [
              37.4705618,
              55.8101694
            ],
            [
              37.480213,
              55.8105122
            ],
            [
              37.4839384,
              55.8106146
            ],
            [
              37.484147,
              55.8106015
            ],
            [
              37.4844336,
              55.8105512
            ],
            [
              37.4885701,
              55.8091463
            ],
            [
              37.488707,
              55.8091114
            ],
            [
              37.4889047,
              55.8090946
            ],
            [
              37.489146,
              55.8091193
            ],
            [
              37.4907279,
              55.8095426
            ],
            [
              37.4908559,
              55.8095641
            ],
            [
              37.4911332,
              55.8095426
            ],
            [
              37.491792,
              55.8093983
            ],
            [
              37.4919172,
              55.8093494
            ],
            [
              37.4919723,
              55.8093011
            ],
            [
              37.4919983,
              55.8092455
            ],
            [
              37.4919925,
              55.8091881
            ],
            [
              37.4919616,
              55.8091316
            ],
            [
              37.4918624,
              55.8090387
            ],
            [
              37.4916288,
              55.8089069
            ],
            [
              37.4914938,
              55.808885
            ],
            [
              37.4913447,
              55.8089014
            ],
            [
              37.491183,
              55.8089575
            ],
            [
              37.4910645,
              55.8090419
            ],
            [
              37.4901797,
              55.810121
            ],
            [
              37.4901069,
              55.8102646
            ],
            [
              37.490075,
              55.8104129
            ],
            [
              37.4900785,
              55.8106425
            ],
            [
              37.4901117,
              55.8107796
            ],
            [
              37.4901463,
              55.8108637
            ],
            [
              37.4902501,
              55.8110261
            ],
            [
              37.4907342,
              55.8115526
            ],
            [
              37.4910751,
              55.8118783
            ],
            [
              37.4912035,
              55.8119831
            ],
            [
              37.4913517,
              55.81207
            ],
            [
              37.4956056,
              55.8136355
            ],
            [
              37.4959698,
              55.8137424
            ],
            [
              37.4962802,
              55.813797
            ],
            [
              37.4977301,
              55.8139296
            ],
            [
              37.5009772,
              55.8144738
            ],
            [
              37.5019723,
              55.8144877
            ],
            [
              37.503329,
              55.8143879
            ],
            [
              37.5035025,
              55.814414
            ],
            [
              37.5036392,
              55.8144615
            ],
            [
              37.5037525,
              55.8145321
            ],
            [
              37.5038174,
              55.8146087
            ],
            [
              37.5038502,
              55.8147232
            ],
            [
              37.5037853,
              55.8152607
            ],
            [
              37.5037626,
              55.8153471
            ],
            [
              37.5037161,
              55.8154304
            ],
            [
              37.5025926,
              55.8169058
            ],
            [
              37.5014254,
              55.8182816
            ],
            [
              37.5013352,
              55.8183433
            ],
            [
              37.5012476,
              55.8183775
            ],
            [
              37.501007,
              55.8184069
            ],
            [
              37.5008006,
              55.8183752
            ],
            [
              37.4999595,
              55.8181657
            ],
            [
              37.4997716,
              55.8181696
            ],
            [
              37.4996074,
              55.8182211
            ],
            [
              37.499527,
              55.8182789
            ],
            [
              37.4985927,
              55.8193662
            ],
            [
              37.498595,
              55.819434
            ],
            [
              37.4987692,
              55.8196228
            ],
            [
              37.4988372,
              55.8197439
            ],
            [
              37.4988423,
              55.8198346
            ],
            [
              37.4988013,
              55.8199074
            ],
            [
              37.498731,
              55.8199502
            ],
            [
              37.4986496,
              55.8199725
            ],
            [
              37.4984632,
              55.8199884
            ],
            [
              37.498267,
              55.8199785
            ],
            [
              37.4981025,
              55.8199322
            ],
            [
              37.4980148,
              55.8198742
            ],
            [
              37.497972,
              55.8198139
            ],
            [
              37.4979645,
              55.8197491
            ],
            [
              37.4979912,
              55.8196883
            ],
            [
              37.4981128,
              55.8195794
            ],
            [
              37.4984494,
              55.8194088
            ],
            [
              37.498542,
              55.8193399
            ],
            [
              37.4991856,
              55.8185964
            ],
            [
              37.4992424,
              55.8185156
            ],
            [
              37.4993046,
              55.8183077
            ],
            [
              37.4993525,
              55.8182369
            ],
            [
              37.4994668,
              55.8181626
            ],
            [
              37.4996095,
              55.8181172
            ],
            [
              37.4997415,
              55.8180997
            ],
            [
              37.4998641,
              55.8181042
            ],
            [
              37.5045254,
              55.8192908
            ],
            [
              37.515216,
              55.8220575
            ],
            [
              37.5175424,
              55.8226821
            ],
            [
              37.5177752,
              55.822757
            ],
            [
              37.5178676,
              55.822817
            ],
            [
              37.5179122,
              55.8228923
            ],
            [
              37.5178937,
              55.8229866
            ],
            [
              37.5157299,
              55.8255606
            ],
            [
              37.5156984,
              55.8256282
            ],
            [
              37.515679,
              55.8257375
            ],
            [
              37.515696,
              55.8258124
            ],
            [
              37.5157555,
              55.8259157
            ],
            [
              37.5158242,
              55.8259854
            ],
            [
              37.5166847,
              55.8266054
            ],
            [
              37.5167979,
              55.8266514
            ],
            [
              37.5178124,
              55.826955
            ],
            [
              37.5179241,
              55.8270053
            ],
            [
              37.5180118,
              55.8270689
            ],
            [
              37.5180699,
              55.8271434
            ],
            [
              37.5184392,
              55.827832
            ],
            [
              37.5192941,
              55.8294976
            ],
            [
              37.5196827,
              55.8301162
            ],
            [
              37.5199061,
              55.8303973
            ],
            [
              37.5211479,
              55.8315476
            ],
            [
              37.5227262,
              55.8328906
            ],
            [
              37.525177,
              55.8350438
            ],
            [
              37.525288,
              55.8352012
            ],
            [
              37.5257839,
              55.8362312
            ],
            [
              37.5263212,
              55.8369955
            ],
            [
              37.5264893,
              55.837092
            ],
            [
              37.527684,
              55.8376356
            ],
            [
              37.52831,
              55.8379824
            ],
            [
              37.5285033,
              55.8381306
            ],
            [
              37.528587,
              55.8382135
            ],
            [
              37.5291118,
              55.8388173
            ],
            [
              37.5291436,
              55.8388827
            ],
            [
              37.5291391,
              55.8389484
            ],
            [
              37.5291119,
              55.8389964
            ],
            [
              37.5290444,
              55.8390533
            ],
            [
              37.5289456,
              55.8390961
            ],
            [
              37.5254192,
              55.840012
            ],
            [
              37.5251555,
              55.8400404
            ],
            [
              37.5248949,
              55.8399979
            ],
            [
              37.5230758,
              55.8394125
            ],
            [
              37.5227923,
              55.8393783
            ],
            [
              37.5223108,
              55.8393822
            ],
            [
              37.5221326,
              55.8393446
            ],
            [
              37.5220206,
              55.839281
            ],
            [
              37.5219678,
              55.8392156
            ],
            [
              37.521829,
              55.8388964
            ],
            [
              37.521835,
              55.8387924
            ],
            [
              37.5218728,
              55.8387336
            ],
            [
              37.5219341,
              55.8386812
            ],
            [
              37.5220153,
              55.8386384
            ],
            [
              37.5221468,
              55.8386001
            ],
            [
              37.5223627,
              55.8385883
            ],
            [
              37.522594,
              55.838634
            ],
            [
              37.5227164,
              55.8386957
            ],
            [
              37.5227989,
              55.8387756
            ],
            [
              37.5230684,
              55.8392935
            ],
            [
              37.5231556,
              55.8393793
            ],
            [
              37.5249204,
              55.8399648
            ]
          ],
          [
            [
              37.5218902,
              55.8390391
            ],
            [
              37.521829,
              55.8388964
            ],
            [
              37.5218239,
              55.8388338
            ],
            [
              37.5218575,
              55.8387526
            ],
            [
              37.5219341,
              55.8386812
            ],
            [
              37.5220784,
              55.8386163
            ],
            [
              37.522219,
              55.83859
            ],
            [
              37.5224035,
              55.8385916
            ],
            [
              37.5225585,
              55.8386222
            ],
            [
              37.5226891,
              55.8386783
            ],
            [
              37.5227825,
              55.8387543
            ],
            [
              37.5230778,
              55.8393092
            ],
            [
              37.5231766,
              55.839391
            ],
            [
              37.5248642,
              55.8399478
            ],
            [
              37.5250427,
              55.8399938
            ],
            [
              37.5252007,
              55.8400046
            ],
            [
              37.5253939,
              55.839979
            ],
            [
              37.5288733,
              55.8390759
            ],
            [
              37.5290297,
              55.839006
            ],
            [
              37.5290821,
              55.8389137
            ],
            [
              37.5290541,
              55.8388327
            ],
            [
              37.5287364,
              55.8384571
            ],
            [
              37.5284506,
              55.8381508
            ],
            [
              37.5282598,
              55.8380046
            ],
            [
              37.527642,
              55.8376626
            ],
            [
              37.5263926,
              55.8370949
            ],
            [
              37.5262641,
              55.8370076
            ],
            [
              37.5257238,
              55.8362432
            ],
            [
              37.5252265,
              55.8352109
            ],
            [
              37.5251227,
              55.8350628
            ],
            [
              37.5226723,
              55.8329099
            ],
            [
              37.5210942,
              55.8315671
            ],
            [
              37.5198501,
              55.8304144
            ],
            [
              37.519623,
              55.830129
            ],
            [
              37.5192334,
              55.8295086
            ],
            [
              37.5182206,
              55.8275259
            ],
            [
              37.5180568,
              55.8272298
            ],
            [
              37.5179572,
              55.8270874
            ],
            [
              37.5178779,
              55.8270297
            ],
            [
              37.5177787,
              55.8269854
            ],
            [
              37.5167654,
              55.8266823
            ],
            [
              37.5166358,
              55.8266271
            ],
            [
              37.5157706,
              55.8260052
            ],
            [
              37.5156716,
              55.825897
            ],
            [
              37.5156323,
              55.8258164
            ],
            [
              37.5156191,
              55.8256997
            ],
            [
              37.515636,
              55.8256208
            ],
            [
              37.5156749,
              55.8255436
            ],
            [
              37.5178337,
              55.8229745
            ],
            [
              37.5178489,
              55.8228968
            ],
            [
              37.5178122,
              55.8228348
            ],
            [
              37.5177361,
              55.8227854
            ],
            [
              37.5175139,
              55.8227142
            ],
            [
              37.515189,
              55.8220901
            ],
            [
              37.5015848,
              55.8185761
            ],
            [
              37.5014711,
              55.818532
            ],
            [
              37.5013892,
              55.8184708
            ],
            [
              37.5013466,
              55.818401
            ],
            [
              37.5013442,
              55.8183244
            ],
            [
              37.5013701,
              55.8182698
            ],
            [
              37.5025345,
              55.816891
            ],
            [
              37.5036813,
              55.8153785
            ],
            [
              37.5037217,
              55.815258
            ],
            [
              37.5037865,
              55.8147212
            ],
            [
              37.5037696,
              55.8146443
            ],
            [
              37.5037181,
              55.8145698
            ],
            [
              37.5036273,
              55.8145033
            ],
            [
              37.5035125,
              55.8144568
            ],
            [
              37.5032824,
              55.8144222
            ],
            [
              37.5019817,
              55.814521
            ],
            [
              37.5010144,
              55.8145154
            ],
            [
              37.4977169,
              55.8139648
            ],
            [
              37.4964269,
              55.813849
            ],
            [
              37.4961022,
              55.8138071
            ],
            [
              37.4957911,
              55.8137367
            ],
            [
              37.4955713,
              55.8136658
            ],
            [
              37.4913094,
              55.8120968
            ],
            [
              37.4910842,
              55.8119577
            ],
            [
              37.4906784,
              55.8115699
            ],
            [
              37.490192,
              55.8110409
            ],
            [
              37.4900841,
              55.8108718
            ],
            [
              37.4900486,
              55.8107848
            ],
            [
              37.4900148,
              55.8106438
            ],
            [
              37.4900166,
              55.8104088
            ],
            [
              37.4900491,
              55.8102559
            ],
            [
              37.4901237,
              55.8101077
            ],
            [
              37.4910322,
              55.8090019
            ],
            [
              37.4911599,
              55.8089211
            ],
            [
              37.4913238,
              55.8088674
            ],
            [
              37.4915219,
              55.8088498
            ],
            [
              37.4916624,
              55.8088764
            ],
            [
              37.4919129,
              55.8090167
            ],
            [
              37.492038,
              55.8091451
            ],
            [
              37.492063,
              55.8092132
            ],
            [
              37.4920515,
              55.8092816
            ],
            [
              37.4920018,
              55.8093459
            ],
            [
              37.4919416,
              55.8093867
            ],
            [
              37.4918164,
              55.8094315
            ],
            [
              37.4911483,
              55.8095775
            ],
            [
              37.4908475,
              55.8095996
            ],
            [
              37.4907052,
              55.809575
            ],
            [
              37.4891254,
              55.8091533
            ],
            [
              37.4889042,
              55.8091305
            ],
            [
              37.4887262,
              55.8091456
            ],
            [
              37.4844665,
              55.810582
            ],
            [
              37.4841757,
              55.8106329
            ],
            [
              37.4839465,
              55.8106483
            ],
            [
              37.4802094,
              55.8105481
            ],
            [
              37.4705579,
              55.8102052
            ],
            [
              37.4623252,
              55.809941
            ],
            [
              37.4619926,
              55.8098878
            ],
            [
              37.4617871,
              55.8098287
            ],
            [
              37.4616006,
              55.8097522
            ],
            [
              37.4614175,
              55.8096374
            ],
            [
              37.458188,
              55.8068736
            ],
            [
              37.4579315,
              55.8066712
            ],
            [
              37.4577602,
              55.8065599
            ],
            [
              37.4573738,
              55.8063618
            ],
            [
              37.4569865,
              55.8062009
            ],
            [
              37.4561095,
              55.8059513
            ],
            [
              37.4556943,
              55.805863
            ],
            [
              37.4550323,
              55.8057639
            ],
            [
              37.4529498,
              55.8055846
            ],
            [
              37.4505216,
              55.8054484
            ],
            [
              37.4449065,
              55.8052185
            ],
            [
              37.4356676,
              55.8048802
            ],
            [
              37.4350927,
              55.8048459
            ],
            [
              37.4345244,
              55.8047864
            ],
            [
              37.434033,
              55.8047135
            ],
            [
              37.4287635,
              55.8038803
            ],
            [
              37.4277314,
              55.8037481
            ],
            [
              37.4268032,
              55.8037327
            ],
            [
              37.4251986,
              55.8037756
            ],
            [
              37.4239465,
              55.8038753
            ],
            [
              37.4164653,
              55.8048305
            ],
            [
              37.4114277,
              55.8055274
            ],
            [
              37.4110795,
              55.8055594
            ],
            [
              37.4108973,
              55.8055528
            ],
            [
              37.4107228,
              55.8055224
            ],
            [
              37.4105835,
              55.805478
            ],
            [
              37.4104696,
              55.8054214
            ],
            [
              37.41036,
              55.8053259
            ],
            [
              37.4069394,
              55.8002978
            ],
            [
              37.4067376,
              55.8000953
            ],
            [
              37.4064846,
              55.799915
            ],
            [
              37.4060726,
              55.7997059
            ],
            [
              37.4057236,
              55.7995857
            ],
            [
              37.4053455,
              55.7994976
            ],
            [
              37.4049426,
              55.7994436
            ],
            [
              37.3994719,
              55.7989886
            ],
            [
              37.3987629,
              55.7989442
            ],
            [
              37.3983243,
              55.7989412
            ],
            [
              37.3976544,
              55.7989734
            ],
            [
              37.3973645,
              55.7990086
            ],
            [
              37.3967852,
              55.7991144
            ],
            [
              37.3909348,
              55.800356
            ],
            [
              37.3906353,
              55.8003848
            ],
            [
              37.3904541,
              55.80037
            ],
            [
              37.390239,
              55.8003167
            ],
            [
              37.3898966,
              55.8001352
            ],
            [
              37.3895781,
              55.8000205
            ],
            [
              37.3885044,
              55.7997891
            ],
            [
              37.3882455,
              55.7997149
            ],
            [
              37.3881099,
              55.7996497
            ],
            [
              37.3880166,
              55.799564
            ],
            [
              37.3879802,
              55.7994914
            ],
            [
              37.3879732,
              55.7994411
            ],
            [
              37.3879919,
              55.7993632
            ]
          ]
        ]
      },
      "properties": {
        "ID": 4443,
        "RouteNumber": "30",
        "RouteName": "Таллинская улица - Михалково",
        "TrackOfFollowing": "Таллинская улица - Улица Кулакова - Таллинская улица, 6 - Школа имени Марины Цветаевой - Метро «Строгино» - Улица Маршала Катукова - Ул. Исаковского, 33 - Детская поликлиника - Метро «Щукинская» - Диспансер - Покровское - Стрешнево - Улица Академика Курчатова - Пехотная улица - Панфиловский путепровод - МЦК Стрешнево - Факультетский переулок - Ул. Константина Царева - Мост Победы - 1 - й Новоподмосковный переулок - Метро «Войковская» - Метро «Войковская» - Школа имени Зои и Александра Космодемьянских - 3 - й Новоподмосковный переулок - Районный центр «Рассвет» - Новопетровская улица - Коптево - Коптевская ул. - Коптевский рынок - 3 - й Михалковский переулок - Соболевский проезд - Пр. Черепановых - Михалково - Михалково",
        "ReverseTrackOfFollowing": "Михалково - Михалково - Пр. Черепановых - Соболевский пр. - 3 - й Михалковский пер. - Коптевский рынок - Коптевская улица - Коптево - Новопетровская улица - Районный центр «Рассвет» - 3 - й Новоподмосковный пер. - Школа имени Зои и Александра Космодемьянских - 1 - й Новоподмосковный переулок - Мост Победы - Ул. Константина Царева - Факультетский переулок - МЦК Стрешнево - Панфиловский путепровод - Пехотная улица - Ул. Акад. Курчатова - Диспансер - Метро «Щукинская» - Медицинский центр имени Бурназяна - Детская п - ка - Ул. Исаковского, 33 - Ул. Марш. Катукова - Метро «Строгино» - Школа имени Марины Цветаевой - Таллинская улица, 6 - Улица Кулакова - Таллинская улица",
        "TypeOfTransport": "Трамвай",
        "CarrierName": "ГУП Мосгортранс",
        "global_id": 5102385161
      }
    },
    {
      "type": "Feature",
      "geometry": {
        "type": "MultiLineString",
        "coordinates": [
          [
            [
              37.5777552,
              55.8079655
            ],
            [
              37.5781955,
              55.808045
            ],
            [
              37.5782793,
              55.8080884
            ],
            [
              37.5783353,
              55.8081443
            ],
            [
              37.5783578,
              55.8082071
            ],
            [
              37.5783448,
              55.8082708
            ],
            [
              37.5782905,
              55.8083373
            ],
            [
              37.5781982,
              55.8083996
            ],
            [
              37.5780259,
              55.8084815
            ],
            [
              37.577306,
              55.8087445
            ],
            [
              37.5770096,
              55.8088104
            ],
            [
              37.5767466,
              55.8088277
            ],
            [
              37.5765704,
              55.8088197
            ],
            [
              37.5756096,
              55.8086512
            ],
            [
              37.5754386,
              55.8086356
            ],
            [
              37.5751754,
              55.8086697
            ],
            [
              37.5750617,
              55.8087116
            ],
            [
              37.5749428,
              55.8087884
            ],
            [
              37.5748725,
              55.8088621
            ],
            [
              37.5689499,
              55.8165105
            ],
            [
              37.5688213,
              55.8165692
            ],
            [
              37.5686457,
              55.816587
            ],
            [
              37.568539,
              55.8165796
            ],
            [
              37.5670681,
              55.8162376
            ],
            [
              37.5668498,
              55.8162593
            ],
            [
              37.5667052,
              55.8163368
            ],
            [
              37.5645922,
              55.8188617
            ],
            [
              37.5637454,
              55.8198014
            ],
            [
              37.5631122,
              55.8205894
            ],
            [
              37.563006,
              55.820814
            ],
            [
              37.562965,
              55.8210093
            ],
            [
              37.5629599,
              55.8211109
            ],
            [
              37.5630757,
              55.821862
            ],
            [
              37.5630841,
              55.8220118
            ],
            [
              37.563028,
              55.8223774
            ],
            [
              37.5623332,
              55.8237818
            ],
            [
              37.5621774,
              55.824069
            ],
            [
              37.5620584,
              55.8241929
            ],
            [
              37.5619622,
              55.8242588
            ],
            [
              37.5618295,
              55.824315
            ],
            [
              37.5616525,
              55.824356
            ],
            [
              37.5614478,
              55.824379
            ],
            [
              37.5587929,
              55.8244817
            ],
            [
              37.5583169,
              55.8245318
            ],
            [
              37.5580175,
              55.8245996
            ],
            [
              37.5577214,
              55.8247004
            ],
            [
              37.5574845,
              55.8248272
            ],
            [
              37.5573277,
              55.8249527
            ],
            [
              37.5565085,
              55.825894
            ],
            [
              37.555132,
              55.8275403
            ],
            [
              37.5535212,
              55.8295332
            ],
            [
              37.552623,
              55.8306137
            ],
            [
              37.5524252,
              55.8308117
            ],
            [
              37.5520422,
              55.8310348
            ],
            [
              37.5519277,
              55.8311361
            ],
            [
              37.5502912,
              55.8332372
            ],
            [
              37.5498147,
              55.8338644
            ],
            [
              37.5490453,
              55.8349276
            ],
            [
              37.5489766,
              55.8349858
            ],
            [
              37.5488259,
              55.8350425
            ],
            [
              37.5486433,
              55.8350542
            ],
            [
              37.5464249,
              55.834787
            ],
            [
              37.5458565,
              55.8347363
            ],
            [
              37.5455127,
              55.834741
            ],
            [
              37.5450463,
              55.834801
            ],
            [
              37.5445936,
              55.8349113
            ],
            [
              37.5300787,
              55.8388057
            ],
            [
              37.525336,
              55.840029
            ],
            [
              37.5251555,
              55.8400404
            ],
            [
              37.5249414,
              55.8400107
            ],
            [
              37.5230758,
              55.8394125
            ],
            [
              37.5227923,
              55.8393783
            ],
            [
              37.5223108,
              55.8393822
            ],
            [
              37.5221326,
              55.8393446
            ],
            [
              37.5220206,
              55.839281
            ],
            [
              37.5219678,
              55.8392156
            ],
            [
              37.521829,
              55.8388964
            ],
            [
              37.521835,
              55.8387924
            ],
            [
              37.5218728,
              55.8387336
            ],
            [
              37.5219341,
              55.8386812
            ],
            [
              37.5220153,
              55.8386384
            ],
            [
              37.5221468,
              55.8386001
            ],
            [
              37.5223627,
              55.8385883
            ],
            [
              37.522594,
              55.838634
            ],
            [
              37.5227164,
              55.8386957
            ],
            [
              37.5227989,
              55.8387756
            ],
            [
              37.5230684,
              55.8392935
            ],
            [
              37.5231556,
              55.8393793
            ],
            [
              37.5249204,
              55.8399648
            ]
          ],
          [
            [
              37.5218902,
              55.8390391
            ],
            [
              37.521829,
              55.8388964
            ],
            [
              37.5218239,
              55.8388338
            ],
            [
              37.5218575,
              55.8387526
            ],
            [
              37.5219341,
              55.8386812
            ],
            [
              37.5220784,
              55.8386163
            ],
            [
              37.522219,
              55.83859
            ],
            [
              37.5224035,
              55.8385916
            ],
            [
              37.5225585,
              55.8386222
            ],
            [
              37.5226891,
              55.8386783
            ],
            [
              37.5227825,
              55.8387543
            ],
            [
              37.5230778,
              55.8393092
            ],
            [
              37.5231766,
              55.839391
            ],
            [
              37.524924,
              55.8399659
            ],
            [
              37.525121,
              55.8400027
            ],
            [
              37.5253189,
              55.8399944
            ],
            [
              37.5300516,
              55.8387731
            ],
            [
              37.5445667,
              55.8348787
            ],
            [
              37.5450248,
              55.8347672
            ],
            [
              37.5455058,
              55.8347053
            ],
            [
              37.5458534,
              55.8347002
            ],
            [
              37.5464368,
              55.8347517
            ],
            [
              37.5486536,
              55.8350188
            ],
            [
              37.5488039,
              55.8350088
            ],
            [
              37.5489118,
              55.8349716
            ],
            [
              37.5489863,
              55.8349138
            ],
            [
              37.5497559,
              55.8338505
            ],
            [
              37.5502326,
              55.8332229
            ],
            [
              37.5518754,
              55.8311145
            ],
            [
              37.551985,
              55.831017
            ],
            [
              37.552374,
              55.8307903
            ],
            [
              37.552566,
              55.8305976
            ],
            [
              37.5534632,
              55.8295182
            ],
            [
              37.5550741,
              55.8275252
            ],
            [
              37.5560312,
              55.8263753
            ],
            [
              37.5571952,
              55.8250117
            ],
            [
              37.55733,
              55.8248808
            ],
            [
              37.5574962,
              55.824765
            ],
            [
              37.557683,
              55.8246717
            ],
            [
              37.5579894,
              55.8245673
            ],
            [
              37.5582979,
              55.8244976
            ],
            [
              37.5587873,
              55.8244459
            ],
            [
              37.5614387,
              55.8243434
            ],
            [
              37.5616889,
              55.8243119
            ],
            [
              37.561841,
              55.8242688
            ],
            [
              37.5619162,
              55.824235
            ],
            [
              37.5620633,
              55.8241223
            ],
            [
              37.5621531,
              55.8240038
            ],
            [
              37.5623819,
              55.8235546
            ],
            [
              37.562935,
              55.8224426
            ],
            [
              37.562986,
              55.8222967
            ],
            [
              37.5630202,
              55.8220161
            ],
            [
              37.563012,
              55.8218643
            ],
            [
              37.5628961,
              55.8211113
            ],
            [
              37.5629014,
              55.821007
            ],
            [
              37.5629408,
              55.8208101
            ],
            [
              37.5629914,
              55.8206892
            ],
            [
              37.5631111,
              55.8204907
            ],
            [
              37.563688,
              55.8197857
            ],
            [
              37.5645349,
              55.8188459
            ],
            [
              37.5660841,
              55.8170081
            ],
            [
              37.56661,
              55.8163633
            ],
            [
              37.5667089,
              55.8162748
            ],
            [
              37.5668798,
              55.816213
            ],
            [
              37.5670821,
              55.8162024
            ],
            [
              37.5685541,
              55.8165447
            ],
            [
              37.5687382,
              55.8165452
            ],
            [
              37.5688212,
              55.8165274
            ],
            [
              37.5689008,
              55.8164849
            ],
            [
              37.5722815,
              55.8121292
            ],
            [
              37.5744234,
              55.809317
            ],
            [
              37.5748865,
              55.8087478
            ],
            [
              37.574984,
              55.8086823
            ],
            [
              37.5751061,
              55.8086313
            ],
            [
              37.5752458,
              55.8085979
            ],
            [
              37.5753956,
              55.8085837
            ],
            [
              37.5755966,
              55.808596
            ],
            [
              37.5763026,
              55.8087253
            ],
            [
              37.5764192,
              55.8087191
            ],
            [
              37.5765039,
              55.8086963
            ],
            [
              37.5765975,
              55.8086376
            ],
            [
              37.5769838,
              55.8080129
            ],
            [
              37.5770777,
              55.8079427
            ],
            [
              37.5772179,
              55.8079042
            ],
            [
              37.5773851,
              55.8079074
            ],
            [
              37.5781955,
              55.808045
            ],
            [
              37.5782793,
              55.8080884
            ],
            [
              37.5783353,
              55.8081443
            ],
            [
              37.5783578,
              55.8082071
            ],
            [
              37.5783448,
              55.8082708
            ],
            [
              37.5782905,
              55.8083373
            ],
            [
              37.5781982,
              55.8083996
            ],
            [
              37.5780259,
              55.8084815
            ],
            [
              37.577306,
              55.8087445
            ],
            [
              37.5770947,
              55.808797
            ],
            [
              37.576835,
              55.8088258
            ],
            [
              37.5765704,
              55.8088197
            ],
            [
              37.5756389,
              55.8086566
            ]
          ]
        ]
      },
      "properties": {
        "ID": 4445,
        "RouteNumber": "29",
        "RouteName": "Метро «Дмитровская» - Михалково",
        "TrackOfFollowing": "Метро «Дмитровская» - Метро «Дмитровская» - Дмитровский проезд - Ул. Всеволода Вишневского - Ул. Костякова - Префектура САО - Парк «Дубки» - Красностуденческий проезд - Институт биотехнологии - Пасечная ул. - Тимирязевская академия - Политехнический университет - Большая Академическая улица - Пр. Черепановых - Михалково - Михалково",
        "ReverseTrackOfFollowing": "Михалково - Михалково - Пр. Черепановых - Большая Академическая улица - Политехнический университет - Тимирязевская академия - Пасечная улица - Институт биотехнологии - Красностуденческий проезд - Парк «Дубки» - Префектура САО - Ул. Костякова - Ул. Всеволода Вишневского - Дмитровский проезд - Метро «Дмитровская» - Метро «Дмитровская»",
        "TypeOfTransport": "Трамвай",
        "CarrierName": "ГУП Мосгортранс",
        "global_id": 5102385164
      }
    },
    {
      "type": "Feature",
      "geometry": {
        "type": "MultiLineString",
        "coordinates": [
          [
            [
              37.4538068,
              55.7802862
            ],
            [
              37.4536632,
              55.77996
            ],
            [
              37.453673,
              55.7799124
            ],
            [
              37.4537111,
              55.7798697
            ],
            [
              37.4537729,
              55.7798368
            ],
            [
              37.4541573,
              55.7797736
            ],
            [
              37.4543819,
              55.7797676
            ],
            [
              37.4545625,
              55.7798152
            ],
            [
              37.4546873,
              55.779903
            ],
            [
              37.4561544,
              55.7830653
            ],
            [
              37.4561943,
              55.7831828
            ],
            [
              37.4561918,
              55.7832844
            ],
            [
              37.4561649,
              55.7833914
            ],
            [
              37.4560892,
              55.7835375
            ],
            [
              37.4549407,
              55.7852242
            ],
            [
              37.4544915,
              55.7859262
            ],
            [
              37.4543011,
              55.7863843
            ],
            [
              37.45417,
              55.7868704
            ],
            [
              37.4541537,
              55.7874297
            ],
            [
              37.4541537,
              55.7889215
            ],
            [
              37.4543647,
              55.7915804
            ],
            [
              37.4544287,
              55.7930487
            ],
            [
              37.4544332,
              55.7943737
            ],
            [
              37.4543958,
              55.7946379
            ],
            [
              37.454338,
              55.7948315
            ],
            [
              37.4542535,
              55.7950219
            ],
            [
              37.4541426,
              55.795208
            ],
            [
              37.4540062,
              55.7953887
            ],
            [
              37.4538451,
              55.7955628
            ],
            [
              37.451181,
              55.7977795
            ],
            [
              37.4506571,
              55.7982496
            ],
            [
              37.4505094,
              55.7984307
            ],
            [
              37.4504215,
              55.7985653
            ],
            [
              37.4503789,
              55.7986509
            ],
            [
              37.4503269,
              55.7988235
            ],
            [
              37.450302,
              55.8008558
            ],
            [
              37.4503167,
              55.8013963
            ],
            [
              37.4504074,
              55.8025394
            ],
            [
              37.4504753,
              55.8038496
            ],
            [
              37.4505128,
              55.8042827
            ],
            [
              37.450582,
              55.8044755
            ],
            [
              37.4506474,
              55.8045941
            ],
            [
              37.4508165,
              55.804787
            ],
            [
              37.4510501,
              55.8049427
            ],
            [
              37.451829,
              55.805354
            ],
            [
              37.4520569,
              55.8054513
            ],
            [
              37.4522344,
              55.8055011
            ],
            [
              37.4546444,
              55.8056902
            ],
            [
              37.455284,
              55.8057586
            ],
            [
              37.4557145,
              55.805829
            ],
            [
              37.4561366,
              55.8059188
            ],
            [
              37.4569126,
              55.8061346
            ],
            [
              37.4574136,
              55.8063337
            ],
            [
              37.4578067,
              55.8065353
            ],
            [
              37.4581388,
              55.8067689
            ],
            [
              37.4614683,
              55.8096146
            ],
            [
              37.4617288,
              55.8097634
            ],
            [
              37.4619168,
              55.8098286
            ],
            [
              37.4621268,
              55.8098783
            ],
            [
              37.4624476,
              55.809913
            ],
            [
              37.4630087,
              55.8099365
            ],
            [
              37.4705618,
              55.8101694
            ],
            [
              37.480213,
              55.8105122
            ],
            [
              37.4839384,
              55.8106146
            ],
            [
              37.484147,
              55.8106015
            ],
            [
              37.4844336,
              55.8105512
            ],
            [
              37.4885701,
              55.8091463
            ],
            [
              37.488707,
              55.8091114
            ],
            [
              37.4889047,
              55.8090946
            ],
            [
              37.489146,
              55.8091193
            ],
            [
              37.4907905,
              55.8095562
            ],
            [
              37.4909563,
              55.8095649
            ],
            [
              37.4911332,
              55.8095426
            ],
            [
              37.4948457,
              55.8087642
            ],
            [
              37.495884,
              55.8084858
            ],
            [
              37.4962232,
              55.8084155
            ],
            [
              37.4974543,
              55.8081979
            ],
            [
              37.501619,
              55.8074128
            ],
            [
              37.5060634,
              55.8065602
            ],
            [
              37.5081997,
              55.8060401
            ],
            [
              37.5084373,
              55.8059331
            ],
            [
              37.508824,
              55.8056668
            ],
            [
              37.5089377,
              55.8056085
            ],
            [
              37.5095737,
              55.8054543
            ]
          ],
          [
            [
              37.5081264,
              55.806058
            ],
            [
              37.50835,
              55.8059832
            ],
            [
              37.508878,
              55.8056344
            ],
            [
              37.5090039,
              55.8055882
            ],
            [
              37.5094121,
              55.8054853
            ],
            [
              37.5096233,
              55.8054482
            ],
            [
              37.5097878,
              55.8054478
            ],
            [
              37.5098768,
              55.8054792
            ],
            [
              37.5099523,
              55.8055318
            ],
            [
              37.5100046,
              55.8056306
            ],
            [
              37.509999,
              55.8056814
            ],
            [
              37.5099646,
              55.8057355
            ],
            [
              37.5098622,
              55.8057992
            ],
            [
              37.5093048,
              55.8059436
            ],
            [
              37.5091027,
              55.8059748
            ],
            [
              37.5086151,
              55.8059781
            ],
            [
              37.5060872,
              55.8065935
            ],
            [
              37.5056306,
              55.8066904
            ],
            [
              37.4962429,
              55.8084497
            ],
            [
              37.495906,
              55.8085195
            ],
            [
              37.4948676,
              55.8087979
            ],
            [
              37.4911483,
              55.8095775
            ],
            [
              37.4909628,
              55.8096006
            ],
            [
              37.4907722,
              55.8095906
            ],
            [
              37.4891844,
              55.8091661
            ],
            [
              37.4889494,
              55.8091316
            ],
            [
              37.4887262,
              55.8091456
            ],
            [
              37.4844665,
              55.810582
            ],
            [
              37.4841757,
              55.8106329
            ],
            [
              37.483831,
              55.8106483
            ],
            [
              37.4802094,
              55.8105481
            ],
            [
              37.4705579,
              55.8102052
            ],
            [
              37.4630046,
              55.8099724
            ],
            [
              37.4623252,
              55.809941
            ],
            [
              37.4621009,
              55.8099104
            ],
            [
              37.4618878,
              55.8098605
            ],
            [
              37.4616912,
              55.8097925
            ],
            [
              37.4614175,
              55.8096374
            ],
            [
              37.4580868,
              55.8067896
            ],
            [
              37.4577602,
              55.8065599
            ],
            [
              37.4573738,
              55.8063618
            ],
            [
              37.4568817,
              55.806166
            ],
            [
              37.4561095,
              55.8059513
            ],
            [
              37.4556943,
              55.805863
            ],
            [
              37.4552682,
              55.8057934
            ],
            [
              37.4546342,
              55.8057257
            ],
            [
              37.4522483,
              55.8055382
            ],
            [
              37.4519531,
              55.8054552
            ],
            [
              37.4517874,
              55.8053813
            ],
            [
              37.4510056,
              55.8049684
            ],
            [
              37.4507633,
              55.8048068
            ],
            [
              37.4505869,
              55.8046054
            ],
            [
              37.4505204,
              55.8044848
            ],
            [
              37.4504483,
              55.8042869
            ],
            [
              37.4503436,
              55.8025407
            ],
            [
              37.4502529,
              55.8013973
            ],
            [
              37.4502382,
              55.8008559
            ],
            [
              37.4502623,
              55.7988205
            ],
            [
              37.4503029,
              55.7986715
            ],
            [
              37.4504002,
              55.7984875
            ],
            [
              37.4505469,
              55.7982905
            ],
            [
              37.45066,
              55.7981744
            ],
            [
              37.4511277,
              55.7977598
            ],
            [
              37.4537898,
              55.7955449
            ],
            [
              37.4539486,
              55.7953734
            ],
            [
              37.454083,
              55.7951953
            ],
            [
              37.4541923,
              55.7950119
            ],
            [
              37.4542756,
              55.7948242
            ],
            [
              37.4543326,
              55.7946334
            ],
            [
              37.4543695,
              55.7943738
            ],
            [
              37.454365,
              55.7930492
            ],
            [
              37.454301,
              55.7915817
            ],
            [
              37.45409,
              55.7889222
            ],
            [
              37.4540899,
              55.7874295
            ],
            [
              37.4541065,
              55.7868673
            ],
            [
              37.4542336,
              55.7863777
            ],
            [
              37.4544304,
              55.7859159
            ],
            [
              37.454881,
              55.7852115
            ],
            [
              37.4560331,
              55.783527
            ],
            [
              37.4561192,
              55.7833432
            ],
            [
              37.4561354,
              55.7832415
            ],
            [
              37.4561232,
              55.7831396
            ],
            [
              37.4560948,
              55.783063
            ],
            [
              37.4558224,
              55.7825037
            ],
            [
              37.4550883,
              55.7809055
            ],
            [
              37.4549397,
              55.7806299
            ],
            [
              37.454888,
              55.7806003
            ],
            [
              37.4547565,
              55.7805715
            ],
            [
              37.4545719,
              55.780572
            ],
            [
              37.454153,
              55.7806141
            ],
            [
              37.4540558,
              55.7805983
            ],
            [
              37.453974,
              55.7805648
            ],
            [
              37.453902,
              55.7804929
            ],
            [
              37.4536632,
              55.77996
            ],
            [
              37.453673,
              55.7799124
            ],
            [
              37.4537111,
              55.7798697
            ],
            [
              37.4537729,
              55.7798368
            ],
            [
              37.4541573,
              55.7797736
            ],
            [
              37.4543154,
              55.7797629
            ],
            [
              37.4544463,
              55.779778
            ],
            [
              37.4545625,
              55.7798152
            ],
            [
              37.4546527,
              55.7798708
            ],
            [
              37.4547172,
              55.7799582
            ]
          ]
        ]
      },
      "properties": {
        "ID": 4446,
        "RouteNumber": "28",
        "RouteName": "Проспект Маршала Жукова - Метро «Сокол»",
        "TrackOfFollowing": "Проспект Маршала Жукова - Проспект Маршала Жукова - Улица Маршала Тухачевского - Бассейн - Ул. Рогова - Улица Академика Зильбера - Детская поликлиника - Метро «Щукинская» - Диспансер - Покровское - Стрешнево - Улица Академика Курчатова - Пехотная улица - Улица Панфилова - Университет «РОСБИОТЕХ» - Гидропроект - Метро «Сокол»",
        "ReverseTrackOfFollowing": "Метро «Сокол» - Гидропроект - Университет «РОСБИОТЕХ» - Улица Панфилова - Пехотная улица - Ул. Акад. Курчатова - Диспансер - Метро «Щукинская» - Медицинский центр имени Бурназяна - Детская п - ка - Улица Академика Зильбера - Ул. Рогова - Бассейн - Ул. Марш. Тухачевского - Проспект Маршала Жукова",
        "TypeOfTransport": "Трамвай",
        "CarrierName": "ГУП Мосгортранс",
        "global_id": 5102385167
      }
    },
    {
      "type": "Feature",
      "geometry": {
        "type": "MultiLineString",
        "coordinates": [
          [
            [
              37.5360166,
              55.6927356
            ],
            [
              37.5357785,
              55.6926111
            ],
            [
              37.5356874,
              55.6925057
            ],
            [
              37.5356744,
              55.6924353
            ],
            [
              37.535694,
              55.6923655
            ],
            [
              37.5357449,
              55.6923009
            ],
            [
              37.5358237,
              55.6922459
            ],
            [
              37.5362208,
              55.692045
            ],
            [
              37.5363499,
              55.6920146
            ],
            [
              37.5364546,
              55.6920092
            ],
            [
              37.5365912,
              55.6920262
            ],
            [
              37.536701,
              55.6920605
            ],
            [
              37.5371337,
              55.6922803
            ],
            [
              37.5372995,
              55.6922934
            ],
            [
              37.5374474,
              55.6922511
            ],
            [
              37.5421696,
              55.6895349
            ],
            [
              37.5445965,
              55.6880916
            ],
            [
              37.5474215,
              55.6865371
            ],
            [
              37.550169,
              55.6849557
            ],
            [
              37.5516184,
              55.684136
            ],
            [
              37.5517389,
              55.6840868
            ],
            [
              37.5519279,
              55.6840609
            ],
            [
              37.5520998,
              55.6840667
            ],
            [
              37.5522632,
              55.6840975
            ],
            [
              37.552407,
              55.684151
            ],
            [
              37.552505,
              55.6842123
            ],
            [
              37.5539505,
              55.6854113
            ],
            [
              37.5540352,
              55.6854516
            ],
            [
              37.5541437,
              55.6854746
            ],
            [
              37.5543429,
              55.685461
            ],
            [
              37.5759964,
              55.6780165
            ],
            [
              37.5791137,
              55.6769752
            ],
            [
              37.5793074,
              55.6769697
            ],
            [
              37.579485,
              55.6769972
            ],
            [
              37.5796925,
              55.677052
            ],
            [
              37.5839109,
              55.6784865
            ],
            [
              37.5840413,
              55.6785774
            ],
            [
              37.5840731,
              55.6786313
            ],
            [
              37.5840787,
              55.6786912
            ],
            [
              37.5840571,
              55.6787642
            ],
            [
              37.5840134,
              55.6788339
            ],
            [
              37.5836954,
              55.6791392
            ],
            [
              37.5836824,
              55.6792291
            ],
            [
              37.5837379,
              55.6793136
            ],
            [
              37.5838628,
              55.6793882
            ],
            [
              37.5840241,
              55.6794535
            ],
            [
              37.584896,
              55.6797607
            ],
            [
              37.585106,
              55.6798144
            ],
            [
              37.5854104,
              55.679835
            ],
            [
              37.5860031,
              55.6797673
            ],
            [
              37.5862236,
              55.6798012
            ],
            [
              37.5863571,
              55.6798725
            ],
            [
              37.5866604,
              55.68014
            ],
            [
              37.5872818,
              55.6804903
            ],
            [
              37.5875141,
              55.6806451
            ],
            [
              37.5877177,
              55.6808141
            ],
            [
              37.5894584,
              55.6824049
            ],
            [
              37.5955864,
              55.6880311
            ],
            [
              37.595917,
              55.6884242
            ],
            [
              37.5960742,
              55.6885819
            ],
            [
              37.5973125,
              55.6896923
            ],
            [
              37.597585,
              55.6899224
            ],
            [
              37.5978777,
              55.6901274
            ],
            [
              37.598201,
              55.6903173
            ],
            [
              37.5985524,
              55.6904905
            ],
            [
              37.5989302,
              55.6906462
            ],
            [
              37.6068239,
              55.6936686
            ],
            [
              37.6092242,
              55.6946096
            ],
            [
              37.6093776,
              55.6946785
            ],
            [
              37.6095133,
              55.6947645
            ],
            [
              37.6099259,
              55.695137
            ],
            [
              37.6106572,
              55.6958842
            ],
            [
              37.6117366,
              55.6970349
            ],
            [
              37.6125007,
              55.6978863
            ],
            [
              37.6142732,
              55.6998087
            ],
            [
              37.6150418,
              55.7006948
            ],
            [
              37.6151298,
              55.7008206
            ],
            [
              37.6151695,
              55.7009426
            ],
            [
              37.6151634,
              55.701024
            ],
            [
              37.6151328,
              55.7011044
            ],
            [
              37.6149494,
              55.7013219
            ],
            [
              37.6146743,
              55.7015797
            ],
            [
              37.6145578,
              55.701712
            ],
            [
              37.6144841,
              55.701853
            ],
            [
              37.6143952,
              55.702266
            ],
            [
              37.6142578,
              55.7024658
            ],
            [
              37.6130792,
              55.7036407
            ],
            [
              37.6124686,
              55.704292
            ],
            [
              37.611456,
              55.7053929
            ],
            [
              37.6106084,
              55.7063603
            ],
            [
              37.6105481,
              55.7065162
            ],
            [
              37.6105446,
              55.7067018
            ],
            [
              37.6106049,
              55.7075284
            ],
            [
              37.6106747,
              55.708201
            ],
            [
              37.6106651,
              55.7082608
            ],
            [
              37.6106282,
              55.7083177
            ],
            [
              37.6105665,
              55.7083672
            ],
            [
              37.6104795,
              55.7084077
            ],
            [
              37.6103522,
              55.7084367
            ],
            [
              37.6102454,
              55.7084419
            ],
            [
              37.6096322,
              55.7083679
            ],
            [
              37.6092469,
              55.7083396
            ],
            [
              37.6073294,
              55.708232
            ],
            [
              37.6072205,
              55.708248
            ],
            [
              37.6071486,
              55.7082788
            ],
            [
              37.6070996,
              55.7083216
            ],
            [
              37.60703,
              55.7084416
            ],
            [
              37.6068063,
              55.7088551
            ],
            [
              37.6064635,
              55.709545
            ],
            [
              37.6064203,
              55.7096862
            ],
            [
              37.6063331,
              55.710115
            ],
            [
              37.6062164,
              55.710852
            ],
            [
              37.6062627,
              55.711137
            ],
            [
              37.6063825,
              55.7115478
            ],
            [
              37.6079882,
              55.7158984
            ],
            [
              37.608303,
              55.716733
            ],
            [
              37.6085147,
              55.7172466
            ],
            [
              37.6096888,
              55.720395
            ],
            [
              37.6107631,
              55.7230443
            ],
            [
              37.6112054,
              55.7244139
            ],
            [
              37.6113686,
              55.7249808
            ],
            [
              37.6117482,
              55.7267971
            ],
            [
              37.6118203,
              55.7268523
            ],
            [
              37.611916,
              55.7268734
            ],
            [
              37.6127048,
              55.7268803
            ],
            [
              37.6128381,
              55.7268934
            ],
            [
              37.6129554,
              55.7269315
            ],
            [
              37.6130425,
              55.72699
            ],
            [
              37.613089,
              55.7270617
            ],
            [
              37.6130916,
              55.7271223
            ]
          ],
          [
            [
              37.6117365,
              55.7267636
            ],
            [
              37.6117726,
              55.7268242
            ],
            [
              37.6118821,
              55.7268696
            ],
            [
              37.6127048,
              55.7268803
            ],
            [
              37.6128997,
              55.7269096
            ],
            [
              37.6130035,
              55.7269586
            ],
            [
              37.6130713,
              55.7270247
            ],
            [
              37.613089,
              55.7270617
            ],
            [
              37.6130892,
              55.727138
            ],
            [
              37.6130432,
              55.7272098
            ],
            [
              37.6129423,
              55.727276
            ],
            [
              37.6128177,
              55.7273149
            ],
            [
              37.6127018,
              55.7273272
            ],
            [
              37.6120301,
              55.7273306
            ],
            [
              37.611865,
              55.7272831
            ],
            [
              37.6117641,
              55.7271953
            ],
            [
              37.6114107,
              55.7254226
            ],
            [
              37.6112822,
              55.7248969
            ],
            [
              37.6111427,
              55.7244202
            ],
            [
              37.6107008,
              55.7230516
            ],
            [
              37.6096263,
              55.720402
            ],
            [
              37.6092821,
              55.7194998
            ],
            [
              37.6084526,
              55.7172544
            ],
            [
              37.6079237,
              55.7159062
            ],
            [
              37.6064097,
              55.7118036
            ],
            [
              37.6061882,
              55.7110971
            ],
            [
              37.6061512,
              55.7108926
            ],
            [
              37.6061627,
              55.7107431
            ],
            [
              37.6063216,
              55.709838
            ],
            [
              37.6064072,
              55.7095388
            ],
            [
              37.6064811,
              55.7093676
            ],
            [
              37.6069697,
              55.7084302
            ],
            [
              37.607042,
              55.7083062
            ],
            [
              37.6071196,
              55.7082449
            ],
            [
              37.6072356,
              55.708208
            ],
            [
              37.6073563,
              55.7082013
            ],
            [
              37.6096756,
              55.7083351
            ],
            [
              37.610246,
              55.7084059
            ],
            [
              37.6104482,
              55.7083764
            ],
            [
              37.6105707,
              55.7083022
            ],
            [
              37.6106025,
              55.7082543
            ],
            [
              37.6106111,
              55.7082031
            ],
            [
              37.6105413,
              55.7075299
            ],
            [
              37.6104809,
              55.7067025
            ],
            [
              37.6104846,
              55.7065132
            ],
            [
              37.6105485,
              55.7063481
            ],
            [
              37.6113993,
              55.7053766
            ],
            [
              37.6124121,
              55.7042754
            ],
            [
              37.6130232,
              55.7036236
            ],
            [
              37.6142029,
              55.7024487
            ],
            [
              37.6143446,
              55.7022273
            ],
            [
              37.6144216,
              55.7018459
            ],
            [
              37.6144985,
              55.7016988
            ],
            [
              37.6146196,
              55.7015613
            ],
            [
              37.6149251,
              55.7012729
            ],
            [
              37.615082,
              55.701089
            ],
            [
              37.6151135,
              55.700981
            ],
            [
              37.6150728,
              55.7008444
            ],
            [
              37.6149301,
              55.7006541
            ],
            [
              37.6142166,
              55.699825
            ],
            [
              37.6124442,
              55.6979028
            ],
            [
              37.6116799,
              55.6970511
            ],
            [
              37.6099152,
              55.6951944
            ],
            [
              37.6094552,
              55.6947792
            ],
            [
              37.6092208,
              55.694652
            ],
            [
              37.6069838,
              55.693773
            ],
            [
              37.5988938,
              55.6906756
            ],
            [
              37.5985126,
              55.6905186
            ],
            [
              37.5981571,
              55.6903433
            ],
            [
              37.5978299,
              55.6901512
            ],
            [
              37.5975337,
              55.6899438
            ],
            [
              37.5972592,
              55.6897119
            ],
            [
              37.5960196,
              55.6886003
            ],
            [
              37.5958478,
              55.6884299
            ],
            [
              37.5955322,
              55.6880496
            ],
            [
              37.5894043,
              55.6824238
            ],
            [
              37.5876637,
              55.680833
            ],
            [
              37.5874615,
              55.6806654
            ],
            [
              37.5872342,
              55.6805083
            ],
            [
              37.5868762,
              55.6803113
            ],
            [
              37.5867216,
              55.6802598
            ],
            [
              37.5865496,
              55.6802677
            ],
            [
              37.5861026,
              55.6803935
            ],
            [
              37.5859376,
              55.6804178
            ],
            [
              37.5857111,
              55.6804114
            ],
            [
              37.5855021,
              55.6803615
            ],
            [
              37.5853649,
              55.6802893
            ],
            [
              37.5848918,
              55.6798669
            ],
            [
              37.5847226,
              55.6797606
            ],
            [
              37.5845233,
              55.6796726
            ],
            [
              37.5839054,
              55.6794527
            ],
            [
              37.5836922,
              55.6793415
            ],
            [
              37.5836213,
              55.6792434
            ],
            [
              37.5836169,
              55.6791796
            ],
            [
              37.5836365,
              55.6791247
            ],
            [
              37.5839279,
              55.6788497
            ],
            [
              37.5840079,
              55.6787221
            ],
            [
              37.5840164,
              55.6786696
            ],
            [
              37.5840041,
              55.6786227
            ],
            [
              37.583956,
              55.6785638
            ],
            [
              37.5838982,
              55.6785262
            ],
            [
              37.57966,
              55.677083
            ],
            [
              37.5793834,
              55.6770168
            ],
            [
              37.5792634,
              55.6770028
            ],
            [
              37.5791317,
              55.6770097
            ],
            [
              37.5760295,
              55.6780472
            ],
            [
              37.5543692,
              55.6854937
            ],
            [
              37.55427,
              55.6855108
            ],
            [
              37.554132,
              55.68551
            ],
            [
              37.5540028,
              55.6854826
            ],
            [
              37.5539027,
              55.685435
            ],
            [
              37.5524524,
              55.6842325
            ],
            [
              37.5523653,
              55.6841782
            ],
            [
              37.5522354,
              55.6841298
            ],
            [
              37.5520878,
              55.684102
            ],
            [
              37.5519324,
              55.6840968
            ],
            [
              37.5517667,
              55.6841192
            ],
            [
              37.5516631,
              55.6841616
            ],
            [
              37.5502144,
              55.6849808
            ],
            [
              37.5474663,
              55.6865626
            ],
            [
              37.5446357,
              55.6881174
            ],
            [
              37.5422155,
              55.6895597
            ],
            [
              37.5395842,
              55.6910847
            ],
            [
              37.5374136,
              55.6923232
            ],
            [
              37.5365838,
              55.6927805
            ],
            [
              37.5363891,
              55.6928308
            ],
            [
              37.5361784,
              55.692809
            ],
            [
              37.5357785,
              55.6926111
            ],
            [
              37.535714,
              55.6925505
            ],
            [
              37.5356795,
              55.6924825
            ],
            [
              37.5356838,
              55.6923884
            ],
            [
              37.5357683,
              55.6922813
            ],
            [
              37.5362512,
              55.692035
            ],
            [
              37.5364194,
              55.6920093
            ],
            [
              37.5365581,
              55.6920194
            ],
            [
              37.536701,
              55.6920605
            ],
            [
              37.5368702,
              55.6921427
            ]
          ]
        ]
      },
      "properties": {
        "ID": 4447,
        "RouteNumber": "26",
        "RouteName": "Метро «Университет» - Метро «Октябрьская»",
        "TrackOfFollowing": "Метро «Университет» - Метро «Университет» - Драмтеатр - Ленинский проспект - Центр здоровья детей - Черёмушкинский рынок - Улица Вавилова - Улица Ивана Бабушкина - Метро «Профсоюзная» - Новочерёмушкинская улица - Центр детского творчества - Черемушки - Улица Дмитрия Ульянова - Улица Винокурова - Улица Шверника - Загородное шоссе - Севастопольский просп., 1 - Больница имени Алексеева - Спортивная школа «Тринта» - Духовской переулок - 3 - я Рощинская улица - 3 - й Верхний Михайловский проезд - Серпуховский Вал - Улица Лестева - Метро «Шаболовская» - Фабрика «Ударница» - Метро «Октябрьская» - Метро «Октябрьская»",
        "ReverseTrackOfFollowing": "Метро «Октябрьская» - Метро «Октябрьская» - Фабрика «Ударница» - Метро «Шаболовская» - Улица Лестева - Серпуховский Вал - 3 - я Рощинская улица - Духовской переулок - Спортивная школа «Тринта» - Больница имени Алексеева - Севастопольский проспект, 1 - Загородное шоссе - Ул. Шверника - Ул. Винокурова - Ул. Дмитрия Ульянова - Черемушки - Центр детского творчества - Новочеремушкинская ул. - Метро «Профсоюзная» - Улица Ивана Бабушкина - Улица Вавилова - Черёмушкинский рынок - Центр здоровья детей - Ленинский проспект - Драмтеатр - Метро «Университет» - Метро «Университет»",
        "TypeOfTransport": "Трамвай",
        "CarrierName": "ГУП Мосгортранс",
        "global_id": 5102385169
      }
    },
    {
      "type": "Feature",
      "geometry": {
        "type": "MultiLineString",
        "coordinates": [
          [
            [
              37.5777552,
              55.8079655
            ],
            [
              37.5781955,
              55.808045
            ],
            [
              37.5782793,
              55.8080884
            ],
            [
              37.5783353,
              55.8081443
            ],
            [
              37.5783578,
              55.8082071
            ],
            [
              37.5783448,
              55.8082708
            ],
            [
              37.5782905,
              55.8083373
            ],
            [
              37.5781982,
              55.8083996
            ],
            [
              37.5780259,
              55.8084815
            ],
            [
              37.577306,
              55.8087445
            ],
            [
              37.5770096,
              55.8088104
            ],
            [
              37.5767466,
              55.8088277
            ],
            [
              37.5765704,
              55.8088197
            ],
            [
              37.5756096,
              55.8086512
            ],
            [
              37.5754386,
              55.8086356
            ],
            [
              37.5751754,
              55.8086697
            ],
            [
              37.5750617,
              55.8087116
            ],
            [
              37.5749428,
              55.8087884
            ],
            [
              37.5748725,
              55.8088621
            ],
            [
              37.5689499,
              55.8165105
            ],
            [
              37.5688213,
              55.8165692
            ],
            [
              37.5686457,
              55.816587
            ],
            [
              37.568539,
              55.8165796
            ],
            [
              37.5670681,
              55.8162376
            ],
            [
              37.5668498,
              55.8162593
            ],
            [
              37.5667052,
              55.8163368
            ],
            [
              37.5645922,
              55.8188617
            ],
            [
              37.5637454,
              55.8198014
            ],
            [
              37.5631122,
              55.8205894
            ],
            [
              37.563006,
              55.820814
            ],
            [
              37.562965,
              55.8210093
            ],
            [
              37.5629599,
              55.8211109
            ],
            [
              37.5630757,
              55.821862
            ],
            [
              37.5630841,
              55.8220118
            ],
            [
              37.563028,
              55.8223774
            ],
            [
              37.5623332,
              55.8237818
            ],
            [
              37.5621774,
              55.824069
            ],
            [
              37.5620584,
              55.8241929
            ],
            [
              37.5619622,
              55.8242588
            ],
            [
              37.5618295,
              55.824315
            ],
            [
              37.5616525,
              55.824356
            ],
            [
              37.5614478,
              55.824379
            ],
            [
              37.5587929,
              55.8244817
            ],
            [
              37.5583169,
              55.8245318
            ],
            [
              37.5580175,
              55.8245996
            ],
            [
              37.5577214,
              55.8247004
            ],
            [
              37.5574845,
              55.8248272
            ],
            [
              37.5573277,
              55.8249527
            ],
            [
              37.5565085,
              55.825894
            ],
            [
              37.555132,
              55.8275403
            ],
            [
              37.5535212,
              55.8295332
            ],
            [
              37.552623,
              55.8306137
            ],
            [
              37.5524252,
              55.8308117
            ],
            [
              37.5520422,
              55.8310348
            ],
            [
              37.5519277,
              55.8311361
            ],
            [
              37.5502912,
              55.8332372
            ],
            [
              37.5498147,
              55.8338644
            ],
            [
              37.5490453,
              55.8349276
            ],
            [
              37.5489766,
              55.8349858
            ],
            [
              37.5488259,
              55.8350425
            ],
            [
              37.5486433,
              55.8350542
            ],
            [
              37.5464249,
              55.834787
            ],
            [
              37.5458565,
              55.8347363
            ],
            [
              37.5455127,
              55.834741
            ],
            [
              37.5450463,
              55.834801
            ],
            [
              37.5445936,
              55.8349113
            ],
            [
              37.5343686,
              55.8376615
            ],
            [
              37.5295345,
              55.8389403
            ],
            [
              37.5293186,
              55.8389416
            ],
            [
              37.5291222,
              55.8388816
            ],
            [
              37.5290541,
              55.8388327
            ],
            [
              37.5285306,
              55.8382303
            ],
            [
              37.5282598,
              55.8380046
            ],
            [
              37.527642,
              55.8376626
            ],
            [
              37.5263926,
              55.8370949
            ],
            [
              37.5262641,
              55.8370076
            ],
            [
              37.5257238,
              55.8362432
            ],
            [
              37.5252265,
              55.8352109
            ],
            [
              37.5251227,
              55.8350628
            ],
            [
              37.5226723,
              55.8329099
            ],
            [
              37.5210942,
              55.8315671
            ],
            [
              37.5198501,
              55.8304144
            ],
            [
              37.5197267,
              55.8302743
            ],
            [
              37.5192334,
              55.8295086
            ],
            [
              37.5182206,
              55.8275259
            ],
            [
              37.5179776,
              55.8271082
            ],
            [
              37.5178779,
              55.8270297
            ],
            [
              37.5177787,
              55.8269854
            ],
            [
              37.5167654,
              55.8266823
            ],
            [
              37.5166358,
              55.8266271
            ],
            [
              37.5157706,
              55.8260052
            ],
            [
              37.5156716,
              55.825897
            ],
            [
              37.5156323,
              55.8258164
            ],
            [
              37.5156191,
              55.8256997
            ],
            [
              37.515636,
              55.8256208
            ],
            [
              37.5156749,
              55.8255436
            ],
            [
              37.5178337,
              55.8229745
            ],
            [
              37.5178511,
              55.822923
            ],
            [
              37.5178451,
              55.8228838
            ],
            [
              37.5177859,
              55.822813
            ],
            [
              37.5175139,
              55.8227142
            ],
            [
              37.515189,
              55.8220901
            ],
            [
              37.4999902,
              55.8181699
            ],
            [
              37.4998651,
              55.8181614
            ],
            [
              37.4997123,
              55.8181818
            ],
            [
              37.4996074,
              55.8182211
            ],
            [
              37.499527,
              55.8182789
            ],
            [
              37.4985927,
              55.8193662
            ],
            [
              37.498595,
              55.819434
            ],
            [
              37.4987692,
              55.8196228
            ],
            [
              37.4988372,
              55.8197439
            ],
            [
              37.4988423,
              55.8198346
            ],
            [
              37.4988013,
              55.8199074
            ],
            [
              37.498731,
              55.8199502
            ],
            [
              37.4986496,
              55.8199725
            ],
            [
              37.4984002,
              55.8199882
            ],
            [
              37.4981528,
              55.8199524
            ],
            [
              37.4980148,
              55.8198742
            ],
            [
              37.4979637,
              55.8197816
            ],
            [
              37.4979743,
              55.8197169
            ],
            [
              37.4980053,
              55.8196695
            ],
            [
              37.4981544,
              55.8195543
            ],
            [
              37.4983565,
              55.819459
            ],
            [
              37.4985225,
              55.8193586
            ],
            [
              37.4990244,
              55.8187818
            ]
          ],
          [
            [
              37.4990714,
              55.8188077
            ],
            [
              37.4985861,
              55.819383
            ],
            [
              37.498595,
              55.819434
            ],
            [
              37.4987692,
              55.8196228
            ],
            [
              37.4988372,
              55.8197439
            ],
            [
              37.4988423,
              55.8198346
            ],
            [
              37.4988013,
              55.8199074
            ],
            [
              37.498731,
              55.8199502
            ],
            [
              37.4986496,
              55.8199725
            ],
            [
              37.4984002,
              55.8199882
            ],
            [
              37.4981528,
              55.8199524
            ],
            [
              37.4980148,
              55.8198742
            ],
            [
              37.4979637,
              55.8197816
            ],
            [
              37.4979743,
              55.8197169
            ],
            [
              37.4980053,
              55.8196695
            ],
            [
              37.4981128,
              55.8195794
            ],
            [
              37.4984494,
              55.8194088
            ],
            [
              37.498542,
              55.8193399
            ],
            [
              37.4991856,
              55.8185964
            ],
            [
              37.4992424,
              55.8185156
            ],
            [
              37.4993046,
              55.8183077
            ],
            [
              37.4993525,
              55.8182369
            ],
            [
              37.4994668,
              55.8181626
            ],
            [
              37.4996095,
              55.8181172
            ],
            [
              37.4997415,
              55.8180997
            ],
            [
              37.4998641,
              55.8181042
            ],
            [
              37.5045254,
              55.8192908
            ],
            [
              37.515216,
              55.8220575
            ],
            [
              37.5175424,
              55.8226821
            ],
            [
              37.5177522,
              55.8227478
            ],
            [
              37.5178357,
              55.8227906
            ],
            [
              37.5178807,
              55.8228312
            ],
            [
              37.5179122,
              55.8228923
            ],
            [
              37.5178937,
              55.8229866
            ],
            [
              37.5157299,
              55.8255606
            ],
            [
              37.5156984,
              55.8256282
            ],
            [
              37.515679,
              55.8257375
            ],
            [
              37.515696,
              55.8258124
            ],
            [
              37.5157555,
              55.8259157
            ],
            [
              37.5158242,
              55.8259854
            ],
            [
              37.5166847,
              55.8266054
            ],
            [
              37.5167979,
              55.8266514
            ],
            [
              37.5178124,
              55.826955
            ],
            [
              37.5179241,
              55.8270053
            ],
            [
              37.5180337,
              55.8270917
            ],
            [
              37.5184392,
              55.827832
            ],
            [
              37.5192941,
              55.8294976
            ],
            [
              37.5197846,
              55.8302593
            ],
            [
              37.5199061,
              55.8303973
            ],
            [
              37.5211479,
              55.8315476
            ],
            [
              37.5227262,
              55.8328906
            ],
            [
              37.525177,
              55.8350438
            ],
            [
              37.525288,
              55.8352012
            ],
            [
              37.5257839,
              55.8362312
            ],
            [
              37.5263212,
              55.8369955
            ],
            [
              37.5264893,
              55.837092
            ],
            [
              37.527684,
              55.8376356
            ],
            [
              37.5283055,
              55.8379794
            ],
            [
              37.5284117,
              55.8380544
            ],
            [
              37.528587,
              55.8382135
            ],
            [
              37.5291118,
              55.8388173
            ],
            [
              37.5292508,
              55.8388902
            ],
            [
              37.5293949,
              55.8389119
            ],
            [
              37.5294888,
              55.8389094
            ],
            [
              37.5300516,
              55.8387731
            ],
            [
              37.5445667,
              55.8348787
            ],
            [
              37.5450248,
              55.8347672
            ],
            [
              37.5455058,
              55.8347053
            ],
            [
              37.5458534,
              55.8347002
            ],
            [
              37.5464368,
              55.8347517
            ],
            [
              37.5486536,
              55.8350188
            ],
            [
              37.5488039,
              55.8350088
            ],
            [
              37.5489298,
              55.8349614
            ],
            [
              37.5489863,
              55.8349138
            ],
            [
              37.5497559,
              55.8338505
            ],
            [
              37.5502326,
              55.8332229
            ],
            [
              37.5518754,
              55.8311145
            ],
            [
              37.551985,
              55.831017
            ],
            [
              37.552374,
              55.8307903
            ],
            [
              37.552566,
              55.8305976
            ],
            [
              37.5534632,
              55.8295182
            ],
            [
              37.5550741,
              55.8275252
            ],
            [
              37.5560312,
              55.8263753
            ],
            [
              37.5571952,
              55.8250117
            ],
            [
              37.55733,
              55.8248808
            ],
            [
              37.5574962,
              55.824765
            ],
            [
              37.557683,
              55.8246717
            ],
            [
              37.5579894,
              55.8245673
            ],
            [
              37.5582979,
              55.8244976
            ],
            [
              37.5587873,
              55.8244459
            ],
            [
              37.5614387,
              55.8243434
            ],
            [
              37.5616889,
              55.8243119
            ],
            [
              37.561841,
              55.8242688
            ],
            [
              37.5619162,
              55.824235
            ],
            [
              37.5620633,
              55.8241223
            ],
            [
              37.5621531,
              55.8240038
            ],
            [
              37.5623819,
              55.8235546
            ],
            [
              37.562935,
              55.8224426
            ],
            [
              37.562986,
              55.8222967
            ],
            [
              37.5630202,
              55.8220161
            ],
            [
              37.563012,
              55.8218643
            ],
            [
              37.5628961,
              55.8211113
            ],
            [
              37.5629014,
              55.821007
            ],
            [
              37.5629408,
              55.8208101
            ],
            [
              37.5629914,
              55.8206892
            ],
            [
              37.5631111,
              55.8204907
            ],
            [
              37.563688,
              55.8197857
            ],
            [
              37.5645349,
              55.8188459
            ],
            [
              37.5660841,
              55.8170081
            ],
            [
              37.56661,
              55.8163633
            ],
            [
              37.5667089,
              55.8162748
            ],
            [
              37.5668798,
              55.816213
            ],
            [
              37.5670821,
              55.8162024
            ],
            [
              37.5685541,
              55.8165447
            ],
            [
              37.5687382,
              55.8165452
            ],
            [
              37.5688212,
              55.8165274
            ],
            [
              37.5689008,
              55.8164849
            ],
            [
              37.5722815,
              55.8121292
            ],
            [
              37.5744234,
              55.809317
            ],
            [
              37.5748865,
              55.8087478
            ],
            [
              37.574984,
              55.8086823
            ],
            [
              37.5751061,
              55.8086313
            ],
            [
              37.5752458,
              55.8085979
            ],
            [
              37.5753956,
              55.8085837
            ],
            [
              37.5755966,
              55.808596
            ],
            [
              37.5763026,
              55.8087253
            ],
            [
              37.5764192,
              55.8087191
            ],
            [
              37.5765039,
              55.8086963
            ],
            [
              37.5765975,
              55.8086376
            ],
            [
              37.5769838,
              55.8080129
            ],
            [
              37.5770777,
              55.8079427
            ],
            [
              37.5772179,
              55.8079042
            ],
            [
              37.5773851,
              55.8079074
            ],
            [
              37.5781955,
              55.808045
            ],
            [
              37.5782793,
              55.8080884
            ],
            [
              37.5783353,
              55.8081443
            ],
            [
              37.5783578,
              55.8082071
            ],
            [
              37.5783448,
              55.8082708
            ],
            [
              37.5782905,
              55.8083373
            ],
            [
              37.5781982,
              55.8083996
            ],
            [
              37.5780259,
              55.8084815
            ],
            [
              37.577306,
              55.8087445
            ],
            [
              37.5770947,
              55.808797
            ],
            [
              37.576835,
              55.8088258
            ],
            [
              37.5765704,
              55.8088197
            ],
            [
              37.5756389,
              55.8086566
            ]
          ]
        ]
      },
      "properties": {
        "ID": 4448,
        "RouteNumber": "27",
        "RouteName": "Метро «Дмитровская» - Метро «Войковская»",
        "TrackOfFollowing": "Метро «Дмитровская» - Метро «Дмитровская» - Дмитровский проезд - Ул. Всеволода Вишневского - Ул. Костякова - Префектура САО - Парк «Дубки» - Красностуденческий проезд - Институт биотехнологии - Пасечная ул. - Тимирязевская академия - Политехнический университет - Большая Академическая улица - Соболевский пр. - 3 - й Михалковский пер. - Коптевский рынок - Коптевская улица - Коптево - Новопетровская улица - Районный центр «Рассвет» - 3 - й Новоподмосковный пер. - Школа имени Зои и Александра Космодемьянских - Метро «Войковская» - Метро «Войковская»",
        "ReverseTrackOfFollowing": "Метро «Войковская» - Школа имени Зои и Александра Космодемьянских - 3 - й Новоподмосковный переулок - Районный центр «Рассвет» - Новопетровская улица - Коптево - Коптевская ул. - Коптевский рынок - 3 - й Михалковский переулок - Соболевский проезд - Большая Академическая улица - Политехнический университет - Тимирязевская академия - Пасечная улица - Институт биотехнологии - Красностуденческий проезд - Парк «Дубки» - Префектура САО - Ул. Костякова - Ул. Всеволода Вишневского - Дмитровский проезд - Метро «Дмитровская» - Метро «Дмитровская»",
        "TypeOfTransport": "Трамвай",
        "CarrierName": "ГУП Мосгортранс",
        "global_id": 5102385170
      }
    },
    {
      "type": "Feature",
      "geometry": {
        "type": "MultiLineString",
        "coordinates": [
          [
            [
              37.3879759,
              55.7994212
            ],
            [
              37.3880095,
              55.7993282
            ],
            [
              37.3881561,
              55.7992457
            ],
            [
              37.3883341,
              55.7992293
            ],
            [
              37.3885044,
              55.7992761
            ],
            [
              37.390384,
              55.8003454
            ],
            [
              37.3905751,
              55.800476
            ],
            [
              37.3907191,
              55.8006148
            ],
            [
              37.3967262,
              55.809448
            ],
            [
              37.3985069,
              55.8120047
            ],
            [
              37.3985621,
              55.8120637
            ],
            [
              37.3986623,
              55.8121218
            ],
            [
              37.3988949,
              55.8121723
            ],
            [
              37.3990852,
              55.8121597
            ],
            [
              37.4015069,
              55.811607
            ],
            [
              37.4018234,
              55.811506
            ],
            [
              37.4020399,
              55.8114042
            ],
            [
              37.4027817,
              55.8109295
            ],
            [
              37.4047981,
              55.8095666
            ],
            [
              37.4060876,
              55.8087222
            ],
            [
              37.407294,
              55.8078667
            ],
            [
              37.4101847,
              55.8058756
            ],
            [
              37.4103936,
              55.8057552
            ],
            [
              37.4106343,
              55.8056541
            ],
            [
              37.4109025,
              55.805575
            ],
            [
              37.411139,
              55.8055282
            ],
            [
              37.4164505,
              55.8047955
            ],
            [
              37.4229094,
              55.8039666
            ],
            [
              37.4239343,
              55.8038401
            ],
            [
              37.4248295,
              55.8037549
            ],
            [
              37.4268018,
              55.8036968
            ],
            [
              37.4277432,
              55.8037093
            ],
            [
              37.4287799,
              55.8038456
            ],
            [
              37.4340499,
              55.8046788
            ],
            [
              37.4345384,
              55.8047514
            ],
            [
              37.4351019,
              55.8048104
            ],
            [
              37.435673,
              55.8048444
            ],
            [
              37.4449107,
              55.8051826
            ],
            [
              37.4505271,
              55.8054126
            ],
            [
              37.4529581,
              55.805549
            ],
            [
              37.4550446,
              55.8057286
            ],
            [
              37.4557145,
              55.805829
            ],
            [
              37.4561366,
              55.8059188
            ],
            [
              37.4569126,
              55.8061346
            ],
            [
              37.4574136,
              55.8063337
            ],
            [
              37.4578067,
              55.8065353
            ],
            [
              37.4579813,
              55.8066487
            ],
            [
              37.458241,
              55.8068536
            ],
            [
              37.4614683,
              55.8096146
            ],
            [
              37.46163,
              55.8097179
            ],
            [
              37.4618205,
              55.8097981
            ],
            [
              37.4620171,
              55.8098547
            ],
            [
              37.462227,
              55.8098933
            ],
            [
              37.4630087,
              55.8099365
            ],
            [
              37.4705618,
              55.8101694
            ],
            [
              37.4775685,
              55.8104252
            ],
            [
              37.4838334,
              55.8106142
            ],
            [
              37.484147,
              55.8106015
            ],
            [
              37.4844336,
              55.8105512
            ],
            [
              37.4885701,
              55.8091463
            ],
            [
              37.488707,
              55.8091114
            ],
            [
              37.4889047,
              55.8090946
            ],
            [
              37.489146,
              55.8091193
            ],
            [
              37.4907905,
              55.8095562
            ],
            [
              37.4909563,
              55.8095649
            ],
            [
              37.4911332,
              55.8095426
            ],
            [
              37.4948457,
              55.8087642
            ],
            [
              37.495884,
              55.8084858
            ],
            [
              37.4962232,
              55.8084155
            ],
            [
              37.4974543,
              55.8081979
            ],
            [
              37.501619,
              55.8074128
            ],
            [
              37.5060634,
              55.8065602
            ],
            [
              37.5081997,
              55.8060401
            ],
            [
              37.5084373,
              55.8059331
            ],
            [
              37.508824,
              55.8056668
            ],
            [
              37.5089377,
              55.8056085
            ],
            [
              37.5095737,
              55.8054543
            ]
          ],
          [
            [
              37.5081264,
              55.806058
            ],
            [
              37.50835,
              55.8059832
            ],
            [
              37.508878,
              55.8056344
            ],
            [
              37.5090039,
              55.8055882
            ],
            [
              37.5094121,
              55.8054853
            ],
            [
              37.5096233,
              55.8054482
            ],
            [
              37.5097878,
              55.8054478
            ],
            [
              37.5098768,
              55.8054792
            ],
            [
              37.5099523,
              55.8055318
            ],
            [
              37.5100046,
              55.8056306
            ],
            [
              37.509999,
              55.8056814
            ],
            [
              37.5099646,
              55.8057355
            ],
            [
              37.5098622,
              55.8057992
            ],
            [
              37.5093048,
              55.8059436
            ],
            [
              37.5091027,
              55.8059748
            ],
            [
              37.5086151,
              55.8059781
            ],
            [
              37.5060872,
              55.8065935
            ],
            [
              37.5056306,
              55.8066904
            ],
            [
              37.4962429,
              55.8084497
            ],
            [
              37.495906,
              55.8085195
            ],
            [
              37.4948676,
              55.8087979
            ],
            [
              37.4911483,
              55.8095775
            ],
            [
              37.4909628,
              55.8096006
            ],
            [
              37.4907722,
              55.8095906
            ],
            [
              37.4891844,
              55.8091661
            ],
            [
              37.4889494,
              55.8091316
            ],
            [
              37.4887698,
              55.8091389
            ],
            [
              37.488602,
              55.8091774
            ],
            [
              37.4843978,
              55.8105974
            ],
            [
              37.4841757,
              55.8106329
            ],
            [
              37.4839465,
              55.8106483
            ],
            [
              37.4820458,
              55.810606
            ],
            [
              37.4775645,
              55.8104611
            ],
            [
              37.4705579,
              55.8102052
            ],
            [
              37.4630046,
              55.8099724
            ],
            [
              37.462212,
              55.8099282
            ],
            [
              37.4619926,
              55.8098878
            ],
            [
              37.4617871,
              55.8098287
            ],
            [
              37.4616006,
              55.8097522
            ],
            [
              37.4614175,
              55.8096374
            ],
            [
              37.458188,
              55.8068736
            ],
            [
              37.4579315,
              55.8066712
            ],
            [
              37.4577602,
              55.8065599
            ],
            [
              37.4573738,
              55.8063618
            ],
            [
              37.4569865,
              55.8062009
            ],
            [
              37.4561095,
              55.8059513
            ],
            [
              37.4556943,
              55.805863
            ],
            [
              37.4550323,
              55.8057639
            ],
            [
              37.4529498,
              55.8055846
            ],
            [
              37.4505216,
              55.8054484
            ],
            [
              37.4449065,
              55.8052185
            ],
            [
              37.4356676,
              55.8048802
            ],
            [
              37.4350927,
              55.8048459
            ],
            [
              37.4345244,
              55.8047864
            ],
            [
              37.434033,
              55.8047135
            ],
            [
              37.4287635,
              55.8038803
            ],
            [
              37.4279569,
              55.8037673
            ],
            [
              37.4275038,
              55.803739
            ],
            [
              37.4268032,
              55.8037327
            ],
            [
              37.4251986,
              55.8037756
            ],
            [
              37.4239465,
              55.8038753
            ],
            [
              37.4190747,
              55.8044898
            ],
            [
              37.4164653,
              55.8048305
            ],
            [
              37.4123754,
              55.8053908
            ],
            [
              37.4111556,
              55.8055628
            ],
            [
              37.4107942,
              55.8056437
            ],
            [
              37.4105485,
              55.8057308
            ],
            [
              37.4102329,
              55.8058992
            ],
            [
              37.4073437,
              55.8078893
            ],
            [
              37.4061367,
              55.8087451
            ],
            [
              37.4048467,
              55.8095898
            ],
            [
              37.4028306,
              55.8109526
            ],
            [
              37.4020846,
              55.8114298
            ],
            [
              37.4018603,
              55.8115353
            ],
            [
              37.4015326,
              55.8116398
            ],
            [
              37.3990607,
              55.8122017
            ],
            [
              37.3988733,
              55.8122132
            ],
            [
              37.3986925,
              55.8121834
            ],
            [
              37.3985456,
              55.8121169
            ],
            [
              37.3984835,
              55.8120634
            ],
            [
              37.3983304,
              55.8118518
            ],
            [
              37.3966667,
              55.8094609
            ],
            [
              37.3906617,
              55.8006304
            ],
            [
              37.3905228,
              55.8004964
            ],
            [
              37.3903382,
              55.8003704
            ],
            [
              37.3897959,
              55.8000923
            ],
            [
              37.3894624,
              55.799992
            ],
            [
              37.3884098,
              55.7997666
            ],
            [
              37.3881732,
              55.7996853
            ],
            [
              37.3881099,
              55.7996497
            ],
            [
              37.3880166,
              55.799564
            ],
            [
              37.3879802,
              55.7994914
            ],
            [
              37.3879732,
              55.7994411
            ],
            [
              37.3879919,
              55.7993632
            ]
          ]
        ]
      },
      "properties": {
        "ID": 4449,
        "RouteNumber": "15",
        "RouteName": "Таллинская улица - Метро «Сокол»",
        "TrackOfFollowing": "Таллинская улица - Таллинская улица - Строгинский бульвар - Мякининский пр. - Школа имени Маресьева - Культурный центр «Строгино» - Музыкальная школа им. Майкапара - Улица Маршала Катукова - Ул. Исаковского, 33 - Детская поликлиника - Метро «Щукинская» - Диспансер - Покровское - Стрешнево - Улица Академика Курчатова - Пехотная улица - Улица Панфилова - Университет «РОСБИОТЕХ» - Гидропроект - Метро «Сокол»",
        "ReverseTrackOfFollowing": "Метро «Сокол» - Гидропроект - Университет «РОСБИОТЕХ» - Улица Панфилова - Пехотная улица - Ул. Акад. Курчатова - Диспансер - Метро «Щукинская» - Медицинский центр имени Бурназяна - Детская п - ка - Ул. Исаковского, 33 - Ул. Марш. Катукова - Музыкальная школа им. Майкапара - Культурный центр «Строгино» - Школа им. Маресьева - Мякининский пр. - Строгинский бульв. - Таллинская улица - Таллинская улица",
        "TypeOfTransport": "Трамвай",
        "CarrierName": "ГУП Мосгортранс",
        "global_id": 5102385172
      }
    },
    {
      "type": "Feature",
      "geometry": {
        "type": "MultiLineString",
        "coordinates": [
          [
            [
              37.5886432,
              55.5952159
            ],
            [
              37.5887988,
              55.5951188
            ],
            [
              37.588985,
              55.5950532
            ],
            [
              37.5909448,
              55.5947187
            ],
            [
              37.5911615,
              55.594723
            ],
            [
              37.5913588,
              55.594774
            ],
            [
              37.5915067,
              55.5948639
            ],
            [
              37.5915613,
              55.5949538
            ],
            [
              37.5915607,
              55.5950276
            ],
            [
              37.5915257,
              55.5950875
            ],
            [
              37.5914347,
              55.5951427
            ],
            [
              37.5913316,
              55.5951665
            ],
            [
              37.5891943,
              55.5951972
            ],
            [
              37.5888708,
              55.5952098
            ],
            [
              37.5887209,
              55.5952397
            ],
            [
              37.5885392,
              55.5953365
            ],
            [
              37.5882635,
              55.5955195
            ],
            [
              37.5880876,
              55.5956623
            ],
            [
              37.5879968,
              55.5957771
            ],
            [
              37.5879387,
              55.5958985
            ],
            [
              37.587916,
              55.5960865
            ],
            [
              37.5879607,
              55.5963404
            ],
            [
              37.589435,
              55.6027099
            ],
            [
              37.5896678,
              55.6035629
            ],
            [
              37.5903428,
              55.606493
            ],
            [
              37.5907547,
              55.6081668
            ],
            [
              37.5911046,
              55.6097449
            ],
            [
              37.5918703,
              55.6127896
            ],
            [
              37.5922433,
              55.6140197
            ],
            [
              37.5928117,
              55.616015
            ],
            [
              37.5935519,
              55.6184988
            ],
            [
              37.5938571,
              55.6195828
            ],
            [
              37.5943355,
              55.6209729
            ],
            [
              37.5945996,
              55.6216253
            ],
            [
              37.5951558,
              55.6228347
            ],
            [
              37.5965273,
              55.6257468
            ],
            [
              37.5967955,
              55.6262378
            ],
            [
              37.597131,
              55.6267153
            ],
            [
              37.597351,
              55.6269798
            ],
            [
              37.6010149,
              55.6312696
            ],
            [
              37.6032872,
              55.6339925
            ],
            [
              37.603656,
              55.6344818
            ],
            [
              37.6039559,
              55.634986
            ],
            [
              37.6040973,
              55.6352839
            ],
            [
              37.604399,
              55.6358434
            ],
            [
              37.6047198,
              55.6365277
            ],
            [
              37.6051464,
              55.6375907
            ],
            [
              37.6053623,
              55.638375
            ],
            [
              37.605501,
              55.6389994
            ],
            [
              37.60561,
              55.6398134
            ],
            [
              37.605659,
              55.6407431
            ],
            [
              37.6056612,
              55.6414802
            ],
            [
              37.6055918,
              55.6457495
            ],
            [
              37.6054321,
              55.652067
            ],
            [
              37.6053988,
              55.6542359
            ],
            [
              37.6053164,
              55.6564785
            ],
            [
              37.6053673,
              55.6566278
            ],
            [
              37.6054856,
              55.6567652
            ],
            [
              37.6071354,
              55.6581261
            ],
            [
              37.6072879,
              55.6582041
            ],
            [
              37.6074105,
              55.658222
            ],
            [
              37.6075137,
              55.6582086
            ],
            [
              37.6078702,
              55.6581001
            ],
            [
              37.608059,
              55.6581051
            ],
            [
              37.6081724,
              55.6581546
            ],
            [
              37.6085768,
              55.6584622
            ],
            [
              37.6086504,
              55.6585546
            ],
            [
              37.6086581,
              55.6586152
            ],
            [
              37.6086379,
              55.6586749
            ],
            [
              37.6085466,
              55.6587615
            ],
            [
              37.6083525,
              55.6588324
            ]
          ],
          [
            [
              37.6075333,
              55.6582027
            ],
            [
              37.6078935,
              55.6580966
            ],
            [
              37.6080132,
              55.6580968
            ],
            [
              37.6081214,
              55.6581256
            ],
            [
              37.6085976,
              55.6584794
            ],
            [
              37.6086561,
              55.6585746
            ],
            [
              37.6086477,
              55.6586553
            ],
            [
              37.6086095,
              55.6587122
            ],
            [
              37.6085324,
              55.6587687
            ],
            [
              37.6082633,
              55.6588501
            ],
            [
              37.6080518,
              55.6588506
            ],
            [
              37.607874,
              55.6587858
            ],
            [
              37.6054318,
              55.6567843
            ],
            [
              37.6053071,
              55.6566391
            ],
            [
              37.6052531,
              55.6564806
            ],
            [
              37.6053352,
              55.6542354
            ],
            [
              37.6053685,
              55.6520668
            ],
            [
              37.6055283,
              55.6457495
            ],
            [
              37.6055975,
              55.6414881
            ],
            [
              37.6055955,
              55.6407433
            ],
            [
              37.6055465,
              55.6398151
            ],
            [
              37.6054378,
              55.6390027
            ],
            [
              37.6052993,
              55.6383799
            ],
            [
              37.6050837,
              55.6375964
            ],
            [
              37.6046582,
              55.6365365
            ],
            [
              37.6043379,
              55.6358533
            ],
            [
              37.6040363,
              55.6352938
            ],
            [
              37.6038951,
              55.6349964
            ],
            [
              37.6035967,
              55.6344946
            ],
            [
              37.6032293,
              55.6340072
            ],
            [
              37.6009576,
              55.6312851
            ],
            [
              37.5970727,
              55.6267296
            ],
            [
              37.5967357,
              55.6262497
            ],
            [
              37.5964663,
              55.6257567
            ],
            [
              37.5945379,
              55.6216339
            ],
            [
              37.5942734,
              55.6209804
            ],
            [
              37.5937962,
              55.6195868
            ],
            [
              37.5934893,
              55.6185047
            ],
            [
              37.592749,
              55.6160208
            ],
            [
              37.5921807,
              55.6140257
            ],
            [
              37.5918207,
              55.6128467
            ],
            [
              37.5910416,
              55.6097496
            ],
            [
              37.5906918,
              55.6081716
            ],
            [
              37.5902798,
              55.6064972
            ],
            [
              37.589605,
              55.603568
            ],
            [
              37.5893722,
              55.602715
            ],
            [
              37.5879343,
              55.5964957
            ],
            [
              37.5878629,
              55.5961538
            ],
            [
              37.5878514,
              55.5960226
            ],
            [
              37.5879022,
              55.5958278
            ],
            [
              37.5879803,
              55.595704
            ],
            [
              37.5880916,
              55.5955886
            ],
            [
              37.5887587,
              55.5951402
            ],
            [
              37.5889352,
              55.5950664
            ],
            [
              37.590715,
              55.5947495
            ],
            [
              37.5909881,
              55.5947157
            ],
            [
              37.5911615,
              55.594723
            ],
            [
              37.5913224,
              55.5947604
            ],
            [
              37.5914551,
              55.594824
            ],
            [
              37.5915388,
              55.5948977
            ]
          ]
        ]
      },
      "properties": {
        "ID": 4450,
        "RouteNumber": "1",
        "RouteName": "Чертаново Южное - Москворецкий рынок",
        "TrackOfFollowing": "Чертаново Южное - Чертаново Южное - Поликлиника - ОВД «Чертаново Южное» - Чертановская улица, 53 - Кировоградские пруды - Чертановская ул., 44 - Чертаново Центральное - Детская стоматологическая п - ка - Чертановская ул., 28 - Кинотеатр «Ашхабад» - Школьный парк - Футбольная школа Чертаново - Сумской проезд - Верхний Чертановский пруд - Метро «Чертановская» - Балаклавский проспект - Черноморский бульв. - Симферопольский бульвар, 20 - Метро «Каховская» - Болотниковская улица - Москворецкий рынок",
        "ReverseTrackOfFollowing": "Москворецкий рынок - Болотниковская улица - Метро «Каховская» - Симферопольский бульвар, 20 - Черноморский бульвар - Балаклавский проспект - Метро «Чертановская» - Верхний Чертановский пруд - Сумской проезд - Футбольная школа Чертаново - Школьный парк - Кинотеатр «Ашхабад» - Чертановская ул., 28 - Детская стоматологическая п - ка - Чертаново Центральное - Чертановская ул., 44 - Кировоградские пруды - Чертановская улица, 53 - ОВД «Чертаново Южное» - Поликлиника - Чертаново Южное - Чертаново Южное",
        "TypeOfTransport": "Трамвай",
        "CarrierName": "ГУП Мосгортранс",
        "global_id": 5102385174
      }
    }
  ]
}